ID venda,Data,Canal,Tipo_pagamento,Estado,Cidade,Produto,Quantidade,Valor_Unitario,Custo_Unitario,Categoria_Produto,ID_Parceiro,ID_Cliente,Genero_Cliente,Data_Nascimento_Cliente,Feedback_Cliente,Status_Entrega,Cupom_Utilizado,Flag_Primeira_Compra
VND00001,2026-06-23 13:10:48,VD,outros meios de pagamento,AM,Manaus,Lily Lumière Eau de Parfum 75ml,4,329.9,145.0,Perfumaria Feminina,REV0035,,,,,,,
VND00002,2024-12-19 19:18:43,Ecomm multi,mooz pix,SP,São Paulo,Malbec Desodorante Colônia 100ml,1,,84.0,Perfumaria Masculina,,CLI0307,Feminino,1970-03-03,A entrega atrasou muito.,Entregue no Prazo,,Sim
VND00003,2024-05-12 08:45:14,Ecomm mono,mooz cartões,PR,Guarapuava,Malbec Desodorante Colônia 100ml,4,209.9,84.0,Perfumaria Masculina,,CLI0380,Masculino,1969-11-16,,Entregue no Prazo,,Não
VND00003,2024-05-12 08:45:14,Ecomm mono,mooz cartões,PR,Guarapuava,Botik Sérum Alta Potência Ácido Hialurônico 30ml,1,169.9,59.0,Maquiagem e Skincare,,CLI0380,Masculino,1969-11-16,,Entregue no Prazo,,Não
VND00004,2024-11-28 20:39:29,Ecomm mono,mooz cartões,SP,Mauá,Malbec Desodorante Colônia 100ml,2,209.9,84.0,Perfumaria Masculina,,CLI0055,Feminino,1975-04-03,,Entregue no Prazo,,Sim
VND00005,2024-06-21 13:40:07,lojas,mooz pix,MG,Montes Claros,Lily Creme Acetinado Hidratante Corporal 250g,2,149.9,45.0,Perfumaria Feminina,FRQ024,,,,,,,
VND00005,2024-06-21 13:40:07,lojas,mooz pix,MG,Montes Claros,Cuide-se Bem Loção Corporal Deleite 200ml,2,78.9,24.0,Cuidados e Corpo,FRQ024,,,,,,,
VND00006,2024-03-18 12:49:40,Ecomm multi,mooz pix,SP,Bauru,Lily Creme Acetinado Hidratante Corporal 250g,3,149.9,45.0,Perfumaria Feminina,,CLI0289,Não-binário,1984-11-26,,Entregue no Prazo,,Não
VND00006,2024-03-18 12:49:40,Ecomm multi,mooz pix,SP,Bauru,Cuide-se Bem Loção Corporal Deleite 200ml,2,78.9,24.0,Cuidados e Corpo,,CLI0289,Não-binário,1984-11-26,,Entregue no Prazo,,Não
VND00007,2025-08-28 12:32:04,Ecomm mono,mooz pix,MG,Ipatinga,Malbec Desodorante Colônia 100ml,4,209.9,84.0,Perfumaria Masculina,,CLI0020,Masculino,1970-06-12,Amei o cheiro!,Entregue no Prazo,BOTAO20,Sim
VND00008,2024-11-25 19:32:09,VD,mooz pix,SP,Campinas,Malbec Desodorante Colônia 100ml,2,209.9,84.0,Perfumaria Masculina,REV0044,,,,,,,
VND00008,2024-11-25 19:32:09,VD,mooz pix,SP,Campinas,Make B. Base Líquida Mate Salicylic 30g,4,109.9,38.0,Maquiagem e Skincare,REV0044,,,,,,,
VND00009,2025-09-16 22:23:58,Ecomm mono,mooz pix,BA,Porto Seguro,Malbec Desodorante Colônia 100ml,3,209.9,84.0,Perfumaria Masculina,,CLI0397,Feminino,1965-12-17,,Entregue no Prazo,BOTAO20,Sim
VND00009,2025-09-16 22:23:58,Ecomm mono,mooz pix,BA,Porto Seguro,Floratta Red Desodorante Colônia 75ml,3,229.9,92.0,Perfumaria Feminina,,CLI0397,Feminino,1965-12-17,,Entregue no Prazo,BOTAO20,Sim
VND00010,2024-12-07 13:42:09,Ecomm mono,mooz pix,SP,Jundiaí,Malbec Desodorante Colônia 100ml,3,209.9,84.0,Perfumaria Masculina,,CLI0358,Feminino,1977-03-05,,Entregue no Prazo,,Não
VND00011,2025-06-23 15:42:27,Ecomm mono,mooz cartões,SP,Sorocaba,Lily Creme Acetinado Hidratante Corporal 250g,2,149.9,45.0,Perfumaria Feminina,,CLI0159,Não-binário,2000-04-09,,Entregue no Prazo,,Não
VND00012,2025-11-08 19:49:39,lojas,outros meios de pagamento,MG,Uberaba,Malbec Desodorante Colônia 100ml,2,209.9,84.0,Perfumaria Masculina,FRQ005,,,,,,,
VND00013,2025-04-04 22:15:19,Ecomm multi,mooz cartões,SC,Blumenau,Make B. Base Líquida Mate Salicylic 30g,4,109.9,38.0,Maquiagem e Skincare,,CLI0348,Feminino,2004-06-07,,Entregue no Prazo,,Não
VND00014,2026-04-16 19:38:08,Ecomm mono,mooz cartões,MS,Dourados,Malbec Desodorante Colônia 100ml,3,209.9,84.0,Perfumaria Masculina,,CLI0191,Não-binário,1985-12-07,,Entregue no Prazo,,Sim
VND00014,2026-04-16 19:38:08,Ecomm mono,mooz cartões,MS,Dourados,Lily Lumière Eau de Parfum 75ml,4,329.9,145.0,Perfumaria Feminina,,CLI0191,Não-binário,1985-12-07,,Entregue no Prazo,,Sim
VND00015,2026-06-24 13:01:26,VD,mooz pix,SP,Santo André,Cuide-se Bem Loção Corporal Deleite 200ml,1,78.9,24.0,Cuidados e Corpo,REV0048,,,,,,,
VND00016,2025-10-27 13:09:08,VD,mooz pix,SP,São Carlos,Lily Lumière Eau de Parfum 75ml,4,329.9,145.0,Perfumaria Feminina,REV0061,,,,,,,
VND00016,2025-10-27 13:09:08,VD,mooz pix,SP,São Carlos,Malbec Desodorante Colônia 100ml,500,209.9,84.0,Perfumaria Masculina,REV0061,,,,,,,
VND00017,2024-08-31 20:03:15,Ecomm multi,mooz pix,SP,Campinas,Cuide-se Bem Loção Corporal Deleite 200ml,2,78.9,24.0,Cuidados e Corpo,,CLI0057,Feminino,1997-04-01,,Entregue no Prazo,BOTAO20,Não
VND00017,2024-08-31 20:03:15,Ecomm multi,mooz pix,SP,Campinas,Malbec Desodorante Colônia 100ml,2000,209.9,84.0,Perfumaria Masculina,,CLI0057,Feminino,1997-04-01,,Entregue no Prazo,BOTAO20,Não
VND00018,2025-03-02 12:42:05,Ecomm mono,mooz cartões,BA,Camaçari,Cuide-se Bem Loção Corporal Deleite 200ml,4,78.9,24.0,Cuidados e Corpo,,CLI0279,Não-binário,1972-10-17,,Entregue no Prazo,,Não
VND00019,2024-12-31 20:22:15,VD,outros meios de pagamento,SP,Piracicaba,Malbec Gold Desodorante Colônia 100ml,3,195.9,78.0,Perfumaria Masculina,REV0097,,,,,,,
VND00020,2026-04-10 12:45:49,Ecomm multi,mooz cartões,CE,Juazeiro No Norte,Malbec Gold Desodorante Colônia 100ml,4,195.9,78.0,Perfumaria Masculina,,CLI0104,Feminino,2000-05-06,,Entregue no Prazo,,Não
VND00021,2024-07-14 12:55:49,VD,outros meios de pagamento,SP,Sorocaba,Lily Creme Acetinado Hidratante Corporal 250g,4,149.9,45.0,Perfumaria Feminina,REV0035,,,,,,,
VND00022,2025-05-24 20:51:33,Ecomm mono,mooz cartões,PR,Guarapuava,Lily Creme Acetinado Hidratante Corporal 250g,4,149.9,45.0,Perfumaria Feminina,,CLI0041,Feminino,2006-12-09,,Entregue no Prazo,MAES15,Não
VND00022,2025-05-24 20:51:33,Ecomm mono,mooz cartões,PR,Guarapuava,Malbec Desodorante Colônia 100ml,4,209.9,84.0,Perfumaria Masculina,,CLI0041,Feminino,2006-12-09,,Entregue no Prazo,MAES15,Não
VND00023,2024-12-27 20:27:17,VD,mooz cartões,SC,Chapecó,Lily Lumière Eau de Parfum 75ml,2,329.9,145.0,Perfumaria Feminina,REV0047,,,,,,,
VND00023,2024-12-27 20:27:17,VD,mooz cartões,SC,Chapecó,Cuide-se Bem Loção Corporal Deleite 200ml,4,78.9,24.0,Cuidados e Corpo,REV0047,,,,,,,
VND00024,2024-03-09 19:41:23,Ecomm mono,mooz pix,MG,Poços de Caldas,Malbec Desodorante Colônia 100ml,1,209.9,84.0,Perfumaria Masculina,,CLI0017,Feminino,1962-11-08,Melhor creme da vida.,Entregue no Prazo,,Não
VND00025,2025-06-26 12:20:41,Ecomm mono,mooz cartões,SP,Campinas,Lily Creme Acetinado Hidratante Corporal 250g,3,149.9,45.0,Perfumaria Feminina,,CLI0014,Feminino,1984-02-18,Melhor creme da vida.,Entregue no Prazo,,Não
VND00025,2025-06-26 12:20:41,Ecomm mono,mooz cartões,SP,Campinas,Make B. Base Líquida Mate Salicylic 30g,3,109.9,38.0,Maquiagem e Skincare,,CLI0014,Feminino,1984-02-18,Melhor creme da vida.,Entregue no Prazo,,Não
VND00026,2025-05-17 12:08:54,VD,mooz pix,RJ,Petrópolis,Cuide-se Bem Loção Corporal Deleite 200ml,3,78.9,24.0,Cuidados e Corpo,REV0092,,,,,,,
VND00027,2025-12-27 12:34:18,Ecomm mono,mooz cartões,SP,Piracicaba,Malbec Desodorante Colônia 100ml,2,209.9,84.0,Perfumaria Masculina,,CLI0364,Feminino,1990-08-25,Melhor creme da vida.,Entregue no Prazo,,Não
VND00028,2025-05-20 15:35:36,Ecomm mono,mooz pix,BA,Camaçari,Make B. Base Líquida Mate Salicylic 30g,4,109.9,38.0,Maquiagem e Skincare,,CLI0067,Feminino,1963-07-24,Amei o cheiro!,Entregue no Prazo,,Não
VND00028,2025-05-20 15:35:36,Ecomm mono,mooz pix,BA,Camaçari,Shampoo Match Escudo De Hidratação 300ml,1,47.9,14.0,Cabelos,,CLI0067,Feminino,1963-07-24,Amei o cheiro!,Entregue no Prazo,,Não
VND00029,2025-06-13 12:56:53,lojas,mooz cartões,GO,Aparecida de Goiânia,Lily Creme Acetinado Hidratante Corporal 250g,2,149.9,45.0,Perfumaria Feminina,FRQ017,,,,,,,
VND00030,2024-06-14 20:45:14,Ecomm mono,mooz pix,GO,Goiânia,Malbec Desodorante Colônia 100ml,1,209.9,84.0,Perfumaria Masculina,,CLI0129,Masculino,1962-12-14,,Entregue no Prazo,,Não
VND00031,2025-08-17 12:42:39,Ecomm mono,mooz cartões,RJ,Rio de Janeiro/RJ,Make B. Base Líquida Mate Salicylic 30g,3,109.9,38.0,Maquiagem e Skincare,,CLI0334,Não-binário,1960-05-18,,Entregue no Prazo,,Não
VND00031,2025-08-17 12:42:39,Ecomm mono,mooz cartões,RJ,Rio de Janeiro/RJ,Malbec Desodorante Colônia 100ml,2,209.9,84.0,Perfumaria Masculina,,CLI0334,Não-binário,1960-05-18,,Entregue no Prazo,,Não
VND00032,2025-12-02 19:29:04,VD,mooz cartões,RJ,Angra dos Reis,Malbec Desodorante Colônia 100ml,3,209.9,84.0,Perfumaria Masculina,REV0054,,,,,,,
VND00033,2026-05-31 12:25:08,Ecomm mono,mooz cartões,SP,Sorocaba,Malbec Gold Desodorante Colônia 100ml,4,195.9,78.0,Perfumaria Masculina,,CLI0124,Feminino,1967-05-06,,Entregue no Prazo,MAES15,Não
VND00034,2024-11-11 19:05:25,Ecomm multi,mooz cartões,RS,Caxias do Sul,Botik Sérum Alta Potência Ácido Hialurônico 30ml,3,169.9,59.0,Maquiagem e Skincare,,CLI0299,Feminino,1975-11-22,A entrega atrasou muito.,Entregue com Atraso,,Não
VND00034,2024-11-11 19:05:25,Ecomm multi,mooz cartões,RS,Caxias do Sul,Malbec Desodorante Colônia 100ml,4,209.9,84.0,Perfumaria Masculina,,CLI0299,Feminino,1975-11-22,A entrega atrasou muito.,Entregue com Atraso,,Não
VND00035,2024-05-01 19:06:25,Ecomm mono,mooz pix,SP,Santo André,Malbec Desodorante Colônia 100ml,3,209.9,84.0,Perfumaria Masculina,,CLI0188,Masculino,1970-10-20,,Entregue no Prazo,,Não
VND00036,2025-06-15 19:38:57,lojas,mooz pix,MG,Poços de Caldas,Malbec Desodorante Colônia 100ml,3,209.9,84.0,Perfumaria Masculina,FRQ011,,,,,,,
VND00037,2025-06-29 13:36:19,Ecomm multi,mooz cartões,MT,Várzea Grande,Malbec Desodorante Colônia 100ml,1,209.9,84.0,Perfumaria Masculina,,CLI0170,Feminino,1991-04-09,Melhor creme da vida.,Entregue no Prazo,,Não
VND00038,2026-01-08 19:30:10,Ecomm multi,mooz cartões,PI,Teresina,Floratta Red Desodorante Colônia 75ml,2,229.9,92.0,Perfumaria Feminina,,CLI0017,Feminino,1962-11-08,,Entregue no Prazo,QUERO10,Sim
VND00039,2025-12-23 20:13:35,Ecomm mono,mooz pix,SP,Santo André,Malbec Gold Desodorante Colônia 100ml,3,195.9,78.0,Perfumaria Masculina,,CLI0193,Feminino,1966-12-25,,Entregue com Atraso,,Não
VND00040,2025-12-22 19:45:31,Ecomm mono,mooz pix,PR,Ponta Grossa,Malbec Desodorante Colônia 100ml,4,209.9,84.0,Perfumaria Masculina,,CLI0287,Não-binário,1974-07-02,Melhor creme da vida.,Entregue no Prazo,,Não
VND00040,2025-12-22 19:45:31,Ecomm mono,mooz pix,PR,Ponta Grossa,Shampoo Match Escudo De Hidratação 300ml,2,47.9,14.0,Cabelos,,CLI0287,Não-binário,1974-07-02,Melhor creme da vida.,Entregue no Prazo,,Não
VND00041,2025-12-13 13:06:39,lojas,mooz cartões,SP,São Paulo,Malbec Desodorante Colônia 100ml,1,209.9,84.0,Perfumaria Masculina,FRQ017,,,,,,,
VND00042,2024-12-04 19:06:43,lojas,mooz cartões,RS,Canoas,Malbec Desodorante Colônia 100ml,4,209.9,84.0,Perfumaria Masculina,FRQ030,,,,,,,
VND00043,2024-10-21 19:41:03,VD,outros meios de pagamento,SP,Mogi das Cruzes,Floratta Red Desodorante Colônia 75ml,1,229.9,92.0,Perfumaria Feminina,REV0030,,,,,,,
VND00043,2024-10-21 19:41:03,VD,outros meios de pagamento,SP,Mogi das Cruzes,Malbec Desodorante Colônia 100ml,2,209.9,84.0,Perfumaria Masculina,REV0030,,,,,,,
VND00044,2026-06-16 20:19:36,VD,mooz pix,RJ,Duque de Caxias,Make B. Base Líquida Mate Salicylic 30g,4,109.9,38.0,Maquiagem e Skincare,REV0059,,,,,,,
VND00044,2026-06-16 20:19:36,VD,mooz pix,RJ,Duque de Caxias,Malbec Desodorante Colônia 100ml,4,209.9,84.0,Perfumaria Masculina,REV0059,,,,,,,
VND00045,2026-04-08 13:10:46,Ecomm multi,mooz pix,SP,Piracicaba,Make B. Base Líquida Mate Salicylic 30g,2,109.9,38.0,Maquiagem e Skincare,,CLI0096,Feminino,2002-09-10,,Entregue no Prazo,,Não
VND00045,2026-04-08 13:10:46,Ecomm multi,mooz pix,SP,Piracicaba,Malbec Desodorante Colônia 100ml,4,209.9,84.0,Perfumaria Masculina,,CLI0096,Feminino,2002-09-10,,Entregue no Prazo,,Não
VND00046,2025-06-11 20:25:42,VD,mooz cartões,BA,Feira de Santana,Malbec Gold Desodorante Colônia 100ml,1,195.9,78.0,Perfumaria Masculina,REV0062,,,,,,,
VND00047,2024-11-05 19:36:00,Ecomm mono,mooz pix,SP,Piracicaba,Make B. Base Líquida Mate Salicylic 30g,3,109.9,38.0,Maquiagem e Skincare,,CLI0121,Feminino,1985-06-09,,Entregue no Prazo,,Sim
VND00047,2024-11-05 19:36:00,Ecomm mono,mooz pix,SP,Piracicaba,Lily Lumière Eau de Parfum 75ml,3,329.9,145.0,Perfumaria Feminina,,CLI0121,Feminino,1985-06-09,,Entregue no Prazo,,Sim
VND00048,2024-08-14 13:08:30,lojas,mooz pix,RJ,Nova Friburgo,Cuide-se Bem Loção Corporal Deleite 200ml,4,78.9,24.0,Cuidados e Corpo,FRQ020,,,,,,,
VND00049,2025-06-22 08:45:23,VD,outros meios de pagamento,GO,Goiânia,Cuide-se Bem Loção Corporal Deleite 200ml,2,78.9,24.0,Cuidados e Corpo,REV0008,,,,,,,
VND00049,2025-06-22 08:45:23,VD,outros meios de pagamento,GO,Goiânia,Floratta Red Desodorante Colônia 75ml,3,229.9,92.0,Perfumaria Feminina,REV0008,,,,,,,
VND00050,2025-03-28 12:13:45,Ecomm multi,mooz cartões,SP,São Carlos,Floratta Red Desodorante Colônia 75ml,1,229.9,92.0,Perfumaria Feminina,,CLI0262,Masculino,2002-02-28,,Entregue no Prazo,,Não
VND00050,2025-03-28 12:13:45,Ecomm multi,mooz cartões,SP,São Carlos,Malbec Desodorante Colônia 100ml,3,209.9,84.0,Perfumaria Masculina,,CLI0262,Masculino,2002-02-28,,Entregue no Prazo,,Não
VND00051,2025-08-15 12:27:22,VD,outros meios de pagamento,PR,Curitiba,Malbec Desodorante Colônia 100ml,4,209.9,84.0,Perfumaria Masculina,REV0009,,,,,,,
VND00052,2024-05-01 12:34:25,lojas,outros meios de pagamento,MG,Ouro Preto,Floratta Red Desodorante Colônia 75ml,3,229.9,92.0,Perfumaria Feminina,FRQ027,,,,,,,
VND00053,2025-06-28 20:14:15,Ecomm multi,mooz pix,SP,Santos,Lily Creme Acetinado Hidratante Corporal 250g,4,149.9,45.0,Perfumaria Feminina,,CLI0142,Feminino,1992-08-26,,Entregue no Prazo,,Não
VND00054,2024-09-03 13:06:38,VD,mooz pix,SC,Criciúma,Floratta Red Desodorante Colônia 75ml,2,229.9,92.0,Perfumaria Feminina,REV0087,,,,,,,
VND00054,2024-09-03 13:06:38,VD,mooz pix,SC,Criciúma,Shampoo Match Escudo De Hidratação 300ml,2,47.9,14.0,Cabelos,REV0087,,,,,,,
VND00055,2024-02-27 20:18:14,Ecomm mono,mooz pix,ES,Vitória,Malbec Gold Desodorante Colônia 100ml,1,195.9,78.0,Perfumaria Masculina,,CLI0155,Masculino,1988-10-27,,Entregue no Prazo,,Sim
VND00056,2025-12-14 13:09:19,Ecomm multi,mooz cartões,SP,Bauru,Malbec Gold Desodorante Colônia 100ml,4,195.9,78.0,Perfumaria Masculina,,CLI0276,Feminino,1991-12-10,Amei o cheiro!,Entregue com Atraso,MAES15,Não
VND00057,2024-05-17 08:16:13,Ecomm mono,mooz cartões,PR,Paranaguá,Lily Lumière Eau de Parfum 75ml,1,329.9,145.0,Perfumaria Feminina,,CLI0190,Feminino,1979-10-22,,Entregue no Prazo,BOTAO20,Não
VND00057,2024-05-17 08:16:13,Ecomm mono,mooz cartões,PR,Paranaguá,Lily Creme Acetinado Hidratante Corporal 250g,2,149.9,45.0,Perfumaria Feminina,,CLI0190,Feminino,1979-10-22,,Entregue no Prazo,BOTAO20,Não
VND00058,2024-01-16 12:12:47,VD,outros meios de pagamento,RS,Passo Fundo,Malbec Desodorante Colônia 100ml,2,209.9,84.0,Perfumaria Masculina,REV0062,,,,,,,
VND00059,2025-05-24 12:51:46,Ecomm multi,mooz pix,PR,Foz do Iguaçu,Make B. Base Líquida Mate Salicylic 30g,4,109.9,38.0,Maquiagem e Skincare,,CLI0190,Feminino,1979-10-22,,Entregue no Prazo,,Sim
VND00060,2024-12-11 22:52:31,Ecomm multi,mooz pix,MT,Cuiabá,Malbec Desodorante Colônia 100ml,1,209.9,84.0,Perfumaria Masculina,,CLI0376,Feminino,1987-08-08,Amei o cheiro!,Entregue com Atraso,,Não
VND00060,2024-12-11 22:52:31,Ecomm multi,mooz pix,MT,Cuiabá,Make B. Base Líquida Mate Salicylic 30g,1,109.9,38.0,Maquiagem e Skincare,,CLI0376,Feminino,1987-08-08,Amei o cheiro!,Entregue com Atraso,,Não
VND00061,2025-11-15 13:00:26,lojas,outros meios de pagamento,PB,João Pessoa,Botik Sérum Alta Potência Ácido Hialurônico 30ml,2,169.9,59.0,Maquiagem e Skincare,FRQ003,,,,,,,
VND00061,2025-11-15 13:00:26,lojas,outros meios de pagamento,PB,João Pessoa,Make B. Base Líquida Mate Salicylic 30g,4,109.9,38.0,Maquiagem e Skincare,FRQ003,,,,,,,
VND00062,2024-01-17 13:35:26,VD,mooz cartões,RJ,Macaé,Make B. Base Líquida Mate Salicylic 30g,3,109.9,38.0,Maquiagem e Skincare,REV0093,,,,,,,
VND00063,2024-07-02 13:06:33,lojas,mooz cartões,SP,Ribeirão Preto,Lily Lumière Eau de Parfum 75ml,3,329.9,145.0,Perfumaria Feminina,FRQ020,,,,,,,
VND00063,2024-07-02 13:06:33,lojas,mooz cartões,SP,Ribeirão Preto,Make B. Base Líquida Mate Salicylic 30g,3,109.9,38.0,Maquiagem e Skincare,FRQ020,,,,,,,
VND00064,2025-12-14 20:43:52,VD,outros meios de pagamento,ES,Serra,Malbec Desodorante Colônia 100ml,4,209.9,84.0,Perfumaria Masculina,REV0098,,,,,,,
VND00065,2025-05-02 19:00:44,lojas,mooz cartões,RO,Porto Velho,Malbec Desodorante Colônia 100ml,3,209.9,84.0,Perfumaria Masculina,FRQ028,,,,,,,
VND00066,2024-08-23 19:55:44,Ecomm multi,mooz pix,MA,São Luís,Floratta Red Desodorante Colônia 75ml,2,229.9,92.0,Perfumaria Feminina,,CLI0039,Masculino,2001-06-04,,Entregue no Prazo,,Não
VND00066,2024-08-23 19:55:44,Ecomm multi,mooz pix,MA,São Luís,Cuide-se Bem Loção Corporal Deleite 200ml,2,78.9,24.0,Cuidados e Corpo,,CLI0039,Masculino,2001-06-04,,Entregue no Prazo,,Não
VND00067,2025-07-31 13:53:54,Ecomm multi,mooz pix,SP,Mauá,Cuide-se Bem Loção Corporal Deleite 200ml,3,78.9,24.0,Cuidados e Corpo,,CLI0387,Masculino,1966-10-17,Melhor creme da vida.,Entregue no Prazo,,Não
VND00067,2025-07-31 13:53:54,Ecomm multi,mooz pix,SP,Mauá,Make B. Base Líquida Mate Salicylic 30g,1,109.9,38.0,Maquiagem e Skincare,,CLI0387,Masculino,1966-10-17,Melhor creme da vida.,Entregue no Prazo,,Não
VND00068,2025-10-11 19:28:31,lojas,mooz pix,MG,Divinópolis,Cuide-se Bem Loção Corporal Deleite 200ml,4,78.9,24.0,Cuidados e Corpo,FRQ013,,,,,,,
VND00069,2025-09-25 19:15:45,VD,mooz cartões,RS,Gramado,Cuide-se Bem Loção Corporal Deleite 200ml,2,78.9,24.0,Cuidados e Corpo,REV0020,,,,,,,
VND00070,2024-11-20 08:05:00,Ecomm mono,mooz pix,SP,Sorocaba,Malbec Desodorante Colônia 100ml,1,209.9,84.0,Perfumaria Masculina,,CLI0390,Masculino,1967-05-19,A entrega atrasou muito.,Entregue no Prazo,,Não
VND00070,2024-11-20 08:05:00,Ecomm mono,mooz pix,SP,Sorocaba,Lily Lumière Eau de Parfum 75ml,1,329.9,145.0,Perfumaria Feminina,,CLI0390,Masculino,1967-05-19,A entrega atrasou muito.,Entregue no Prazo,,Não
VND00071,2025-01-29 12:26:24,VD,outros meios de pagamento,RJ,Macaé,Lily Lumière Eau de Parfum 75ml,4,329.9,145.0,Perfumaria Feminina,REV0032,,,,,,,
VND00071,2025-01-29 12:26:24,VD,outros meios de pagamento,RJ,Macaé,Malbec Desodorante Colônia 100ml,3,209.9,84.0,Perfumaria Masculina,REV0032,,,,,,,
VND00072,2024-03-05 19:17:26,Ecomm mono,mooz pix,SP,Bauru,Shampoo Match Escudo De Hidratação 300ml,2,47.9,14.0,Cabelos,,CLI0040,Masculino,1987-03-15,Chegou super rápido.,Entregue no Prazo,BOTAO20,Sim
VND00073,2024-05-18 13:25:21,Ecomm multi,mooz pix,SP,São José dos Campos,Cuide-se Bem Loção Corporal Deleite 200ml,2,78.9,24.0,Cuidados e Corpo,,CLI0172,Masculino,2002-11-26,,Entregue no Prazo,,Não
VND00073,2024-05-18 13:25:21,Ecomm multi,mooz pix,SP,São José dos Campos,Malbec Desodorante Colônia 100ml,4,209.9,84.0,Perfumaria Masculina,,CLI0172,Masculino,2002-11-26,,Entregue no Prazo,,Não
VND00074,2024-11-29 19:52:50,Ecomm multi,mooz pix,SP,Campinas,Lily Lumière Eau de Parfum 75ml,2,329.9,145.0,Perfumaria Feminina,,CLI0289,Não-binário,1984-11-26,Suporte não responde.,Entregue com Atraso,BOTAO20,Sim
VND00075,2025-11-20 19:40:19,lojas,mooz pix,PR,Maringá,Cuide-se Bem Loção Corporal Deleite 200ml,1,78.9,24.0,Cuidados e Corpo,FRQ023,,,,,,,
VND00076,2025-07-10 22:23:44,VD,mooz cartões,MG,Ouro Preto,Lily Creme Acetinado Hidratante Corporal 250g,1,149.9,45.0,Perfumaria Feminina,REV0085,,,,,,,
VND00076,2025-07-10 22:23:44,VD,mooz cartões,MG,Ouro Preto,Cuide-se Bem Loção Corporal Deleite 200ml,4,78.9,24.0,Cuidados e Corpo,REV0085,,,,,,,
VND00077,2025-03-16 13:06:16,lojas,outros meios de pagamento,RJ,Nova Friburgo,Malbec Desodorante Colônia 100ml,2,209.9,84.0,Perfumaria Masculina,FRQ017,,,,,,,
VND00077,2025-03-16 13:06:16,lojas,outros meios de pagamento,RJ,Nova Friburgo,Botik Sérum Alta Potência Ácido Hialurônico 30ml,2,169.9,59.0,Maquiagem e Skincare,FRQ017,,,,,,,
VND00078,2024-03-28 20:46:09,Ecomm mono,mooz pix,RS,Gramado,Malbec Desodorante Colônia 100ml,4,209.9,84.0,Perfumaria Masculina,,CLI0234,Feminino,1969-03-26,,Entregue no Prazo,,Não
VND00079,2024-11-03 12:45:07,VD,mooz pix,SP,Jundiaí,Lily Lumière Eau de Parfum 75ml,2,329.9,145.0,Perfumaria Feminina,REV0014,,,,,,,
VND00079,2024-11-03 12:45:07,VD,mooz pix,SP,Jundiaí,Cuide-se Bem Loção Corporal Deleite 200ml,3,78.9,24.0,Cuidados e Corpo,REV0014,,,,,,,
VND00080,2025-04-18 20:25:40,lojas,mooz cartões,SP,Jundiaí,Botik Sérum Alta Potência Ácido Hialurônico 30ml,2,169.9,59.0,Maquiagem e Skincare,FRQ022,,,,,,,
VND00081,2025-12-22 20:17:48,VD,outros meios de pagamento,MG,Uberlândia,Floratta Red Desodorante Colônia 75ml,2,229.9,92.0,Perfumaria Feminina,REV0069,,,,,,,
VND00082,2025-05-16 13:40:20,Ecomm multi,mooz pix,SP,Mogi das Cruzes,Cuide-se Bem Loção Corporal Deleite 200ml,1,78.9,24.0,Cuidados e Corpo,,CLI0059,Feminino,1964-01-28,,Entregue com Atraso,,Não
VND00083,2024-11-16 12:19:07,lojas,mooz pix,SP,Piracicaba,Malbec Desodorante Colônia 100ml,2,209.9,84.0,Perfumaria Masculina,FRQ005,,,,,,,
VND00083,2024-11-16 12:19:07,lojas,mooz pix,SP,Piracicaba,Make B. Base Líquida Mate Salicylic 30g,4,109.9,38.0,Maquiagem e Skincare,FRQ005,,,,,,,
VND00084,2025-05-16 20:11:20,Ecomm multi,mooz cartões,MG,Montes Claros,Lily Creme Acetinado Hidratante Corporal 250g,4,149.9,45.0,Perfumaria Feminina,,CLI0005,Feminino,1965-04-08,,Entregue com Atraso,,Sim
VND00085,2026-05-10 19:10:05,VD,mooz cartões,SP,Osasco,Lily Creme Acetinado Hidratante Corporal 250g,3,149.9,45.0,Perfumaria Feminina,REV0005,,,,,,,
VND00086,2025-08-09 13:49:34,Ecomm mono,mooz cartões,PR,Paranaguá,Malbec Desodorante Colônia 100ml,1,209.9,84.0,Perfumaria Masculina,,CLI0280,Feminino,1964-05-25,,Entregue no Prazo,BOTAO20,Sim
VND00087,2024-12-22 13:05:28,VD,mooz cartões,PR,Foz do Iguaçu,Lily Lumière Eau de Parfum 75ml,4,329.9,145.0,Perfumaria Feminina,REV0095,,,,,,,
VND00087,2024-12-22 13:05:28,VD,mooz cartões,PR,Foz do Iguaçu,Make B. Base Líquida Mate Salicylic 30g,2,109.9,38.0,Maquiagem e Skincare,REV0095,,,,,,,
VND00088,2026-04-04 20:22:34,Ecomm mono,mooz cartões,SP,Sorocaba,Floratta Red Desodorante Colônia 75ml,2,229.9,92.0,Perfumaria Feminina,,CLI0361,Feminino,1997-06-01,Chegou super rápido.,Entregue no Prazo,BOTAO20,Sim
VND00088,2026-04-04 20:22:34,Ecomm mono,mooz cartões,SP,Sorocaba,Malbec Desodorante Colônia 100ml,1,209.9,84.0,Perfumaria Masculina,,CLI0361,Feminino,1997-06-01,Chegou super rápido.,Entregue no Prazo,BOTAO20,Sim
VND00089,2025-12-19 19:15:09,Ecomm mono,mooz cartões,DF,Brasília,Malbec Gold Desodorante Colônia 100ml,3,195.9,78.0,Perfumaria Masculina,,CLI0296,Masculino,2003-09-13,,Entregue no Prazo,QUERO10,Sim
VND00090,2026-06-17 19:31:20,VD,outros meios de pagamento,RJ,Niterói,Lily Creme Acetinado Hidratante Corporal 250g,3,149.9,45.0,Perfumaria Feminina,REV0094,,,,,,,
VND00091,2026-04-24 15:17:20,Ecomm mono,mooz pix,RJ,Macaé,Make B. Base Líquida Mate Salicylic 30g,1,109.9,38.0,Maquiagem e Skincare,,CLI0296,Masculino,2003-09-13,,Entregue no Prazo,,Não
VND00092,2025-04-15 12:59:54,lojas,mooz pix,SP,São José dos Campos,Malbec Desodorante Colônia 100ml,2,209.9,84.0,Perfumaria Masculina,FRQ001,,,,,,,
VND00093,2024-11-05 12:59:56,Ecomm mono,mooz cartões,SP,Jundiaí,Malbec Desodorante Colônia 100ml,2,209.9,84.0,Perfumaria Masculina,,CLI0185,Feminino,1999-03-08,,Entregue com Atraso,MAES15,Sim
VND00093,2024-11-05 12:59:56,Ecomm mono,mooz cartões,SP,Jundiaí,Malbec Gold Desodorante Colônia 100ml,1,,78.0,Perfumaria Masculina,,CLI0185,Feminino,1999-03-08,,Entregue com Atraso,MAES15,Sim
VND00094,2025-05-03 20:37:14,Ecomm multi,mooz cartões,SP,São Paulo,Malbec Desodorante Colônia 100ml,1,209.9,84.0,Perfumaria Masculina,,CLI0062,Feminino,2006-10-19,,Entregue no Prazo,MAES15,Não
VND00095,2024-05-20 12:52:48,lojas,outros meios de pagamento,RS,Santa Maria,Floratta Red Desodorante Colônia 75ml,1,229.9,92.0,Perfumaria Feminina,FRQ005,,,,,,,
VND00096,2024-06-17 08:46:13,lojas,mooz pix,SC,Criciúma,Cuide-se Bem Loção Corporal Deleite 200ml,1,78.9,24.0,Cuidados e Corpo,FRQ022,,,,,,,
VND00097,2024-09-10 13:05:15,Ecomm mono,mooz cartões,SP,Franca,Shampoo Match Escudo De Hidratação 300ml,3,47.9,14.0,Cabelos,,CLI0338,Não-binário,1961-10-18,Chegou super rápido.,Entregue no Prazo,,Não
VND00098,2024-04-25 22:40:38,VD,outros meios de pagamento,RJ,Rio de Janeiro,Malbec Gold Desodorante Colônia 100ml,4,195.9,78.0,Perfumaria Masculina,REV0041,,,,,,,
VND00099,2025-11-30 20:30:49,VD,mooz cartões,SP,Mogi das Cruzes,Make B. Base Líquida Mate Salicylic 30g,1,109.9,38.0,Maquiagem e Skincare,REV0009,,,,,,,
VND00100,2024-10-11 08:05:32,lojas,mooz cartões,RJ,Macaé,Cuide-se Bem Loção Corporal Deleite 200ml,1,78.9,24.0,Cuidados e Corpo,FRQ011,,,,,,,
VND00101,2026-05-16 20:15:05,Ecomm multi,mooz cartões,SP,São José dos Campos,Lily Lumière Eau de Parfum 75ml,500,329.9,145.0,Perfumaria Feminina,,CLI0314,Masculino,2000-07-23,,Entregue com Atraso,,Não
VND00102,2024-06-16 20:22:33,Ecomm mono,mooz cartões,SP,Sorocaba,Lily Creme Acetinado Hidratante Corporal 250g,4,149.9,45.0,Perfumaria Feminina,,CLI0065,Não-binário,1982-07-14,,Entregue no Prazo,QUERO10,Não
VND00103,2024-03-06 12:36:40,VD,mooz pix,GO,Aparecida de Goiânia,Malbec Desodorante Colônia 100ml,2,209.9,84.0,Perfumaria Masculina,REV0066,,,,,,,
VND00104,2024-04-28 13:32:00,VD,mooz cartões,AM,Manaus,Botik Sérum Alta Potência Ácido Hialurônico 30ml,2,169.9,59.0,Maquiagem e Skincare,REV0006,,,,,,,
VND00105,2026-05-28 19:51:58,Ecomm multi,mooz cartões,PR,Ponta Grossa,Malbec Desodorante Colônia 100ml,1,209.9,84.0,Perfumaria Masculina,,CLI0128,Feminino,1984-10-07,Melhor creme da vida.,Entregue no Prazo,,Não
VND00106,2026-06-05 13:54:19,Ecomm mono,mooz cartões,PR,Paranaguá,Cuide-se Bem Loção Corporal Deleite 200ml,2,78.9,24.0,Cuidados e Corpo,,CLI0005,Feminino,1965-04-08,Chegou super rápido.,Entregue no Prazo,,Não
VND00107,2024-06-03 20:26:01,lojas,outros meios de pagamento,SP,Sorocaba,Lily Creme Acetinado Hidratante Corporal 250g,3,,45.0,Perfumaria Feminina,FRQ021,,,,,,,
VND00107,2024-06-03 20:26:01,lojas,outros meios de pagamento,SP,Sorocaba,Malbec Desodorante Colônia 100ml,3,209.9,84.0,Perfumaria Masculina,FRQ021,,,,,,,
VND00108,2024-04-05 19:14:57,Ecomm multi,mooz pix,RJ,Angra dos Reis,Malbec Gold Desodorante Colônia 100ml,1,195.9,78.0,Perfumaria Masculina,,CLI0383,Masculino,1968-09-02,,Entregue no Prazo,,Não
VND00108,2024-04-05 19:14:57,Ecomm multi,mooz pix,RJ,Angra dos Reis,Malbec Desodorante Colônia 100ml,2,209.9,84.0,Perfumaria Masculina,,CLI0383,Masculino,1968-09-02,,Entregue no Prazo,,Não
VND00109,2024-11-21 12:14:04,lojas,mooz cartões,SC,Criciúma,Floratta Red Desodorante Colônia 75ml,4,229.9,92.0,Perfumaria Feminina,FRQ004,,,,,,,
VND00110,2025-02-20 12:22:49,lojas,mooz pix,SP,Osasco,Cuide-se Bem Loção Corporal Deleite 200ml,1,78.9,24.0,Cuidados e Corpo,FRQ015,,,,,,,
VND00111,2025-12-03 12:45:44,VD,mooz cartões,BA,Vitória da Conquista,Cuide-se Bem Loção Corporal Deleite 200ml,3,78.9,24.0,Cuidados e Corpo,REV0019,,,,,,,
VND00112,2024-06-27 12:25:54,Ecomm multi,mooz cartões,SP,Campinas,Lily Creme Acetinado Hidratante Corporal 250g,2,149.9,45.0,Perfumaria Feminina,,CLI0237,Feminino,1993-07-15,,Entregue no Prazo,QUERO10,Não
VND00113,2025-12-03 13:41:05,Ecomm mono,mooz cartões,BA,Salvador,Botik Sérum Alta Potência Ácido Hialurônico 30ml,4,169.9,59.0,Maquiagem e Skincare,,CLI0034,Feminino,1963-02-05,,Entregue no Prazo,MAES15,Não
VND00114,2025-08-10 20:46:25,Ecomm multi,mooz cartões,RJ,Volta Redonda,Cuide-se Bem Loção Corporal Deleite 200ml,2,78.9,24.0,Cuidados e Corpo,,CLI0350,Masculino,1966-11-12,Chegou super rápido.,Entregue no Prazo,QUERO10,Sim
VND00115,2025-10-24 19:26:56,Ecomm multi,mooz cartões,RJ,Niterói,Malbec Desodorante Colônia 100ml,1,209.9,84.0,Perfumaria Masculina,,CLI0144,Masculino,1965-04-22,Chegou super rápido.,Entregue no Prazo,BOTAO20,Não
VND00116,2025-05-06 19:31:22,Ecomm mono,mooz pix,SP,Osasco,Malbec Desodorante Colônia 100ml,2,209.9,84.0,Perfumaria Masculina,,CLI0093,Masculino,1968-06-03,Suporte não responde.,Entregue no Prazo,MAES15,Sim
VND00116,2025-05-06 19:31:22,Ecomm mono,mooz pix,SP,Osasco,Malbec Gold Desodorante Colônia 100ml,2,195.9,78.0,Perfumaria Masculina,,CLI0093,Masculino,1968-06-03,Suporte não responde.,Entregue no Prazo,MAES15,Sim
VND00117,2026-01-24 19:14:36,Ecomm multi,mooz pix,SC,Joinville,Botik Sérum Alta Potência Ácido Hialurônico 30ml,1,169.9,59.0,Maquiagem e Skincare,,CLI0091,Não-binário,1999-10-04,,Entregue no Prazo,,Não
VND00117,2026-01-24 19:14:36,Ecomm multi,mooz pix,SC,Joinville,Malbec Gold Desodorante Colônia 100ml,2,195.9,78.0,Perfumaria Masculina,,CLI0091,Não-binário,1999-10-04,,Entregue no Prazo,,Não
VND00118,2025-05-19 13:11:31,VD,mooz cartões,CE,Fortaleza,Malbec Desodorante Colônia 100ml,4,,84.0,Perfumaria Masculina,REV0030,,,,,,,
VND00118,2025-05-19 13:11:31,VD,mooz cartões,CE,Fortaleza,Botik Sérum Alta Potência Ácido Hialurônico 30ml,2,169.9,59.0,Maquiagem e Skincare,REV0030,,,,,,,
VND00119,2024-12-14 12:58:51,Ecomm mono,mooz cartões,PB,João Pessoa,Make B. Base Líquida Mate Salicylic 30g,4,109.9,38.0,Maquiagem e Skincare,,CLI0076,Feminino,1984-05-26,,Entregue com Atraso,,Sim
VND00120,2024-12-10 19:08:10,Ecomm multi,mooz pix,TO,Palmas,Lily Lumière Eau de Parfum 75ml,2,329.9,145.0,Perfumaria Feminina,,CLI0090,Não-binário,1980-02-01,,Entregue com Atraso,,Sim
VND00121,2024-05-10 22:00:44,Ecomm multi,mooz cartões,MG,Juiz de Fora,Floratta Red Desodorante Colônia 75ml,1,229.9,92.0,Perfumaria Feminina,,CLI0309,Não-binário,1997-03-08,Suporte não responde.,Entregue com Atraso,MAES15,Sim
VND00122,2024-11-23 19:56:05,Ecomm mono,mooz pix,PR,Curitiba,Make B. Base Líquida Mate Salicylic 30g,2000,109.9,38.0,Maquiagem e Skincare,,CLI0136,Feminino,1972-07-22,Suporte não responde.,Entregue no Prazo,,Não
VND00122,2024-11-23 19:56:05,Ecomm mono,mooz pix,PR,Curitiba,Malbec Desodorante Colônia 100ml,2,209.9,84.0,Perfumaria Masculina,,CLI0136,Feminino,1972-07-22,Suporte não responde.,Entregue no Prazo,,Não
VND00123,2024-12-25 13:06:53,Ecomm multi,mooz cartões,AM,Manaus,Lily Creme Acetinado Hidratante Corporal 250g,4,149.9,45.0,Perfumaria Feminina,,CLI0232,Não-binário,1967-02-13,A entrega atrasou muito.,Entregue no Prazo,QUERO10,Não
VND00124,2025-12-22 19:41:10,Ecomm multi,mooz cartões,SP,Sao Paolo,Lily Creme Acetinado Hidratante Corporal 250g,2,149.9,45.0,Perfumaria Feminina,,CLI0098,Feminino,1995-03-09,,Entregue com Atraso,,Sim
VND00124,2025-12-22 19:41:10,Ecomm multi,mooz cartões,SP,Sao Paolo,Malbec Gold Desodorante Colônia 100ml,4,195.9,78.0,Perfumaria Masculina,,CLI0098,Feminino,1995-03-09,,Entregue com Atraso,,Sim
VND00125,2025-01-04 19:05:18,Ecomm multi,mooz cartões,SP,Campinas,Botik Sérum Alta Potência Ácido Hialurônico 30ml,3,169.9,59.0,Maquiagem e Skincare,,CLI0014,Feminino,1984-02-18,Amei o cheiro!,Entregue no Prazo,QUERO10,Não
VND00126,2025-11-07 20:41:34,Ecomm multi,mooz cartões,MG,Montes Claros,Shampoo Match Escudo De Hidratação 300ml,1,47.9,14.0,Cabelos,,CLI0196,Não-binário,2002-06-03,O produto veio quebrado.,Entregue no Prazo,,Não
VND00127,2025-12-14 20:05:42,Ecomm mono,mooz pix,SP,Bauru,Shampoo Match Escudo De Hidratação 300ml,4,47.9,14.0,Cabelos,,CLI0302,Feminino,1988-03-23,,Entregue com Atraso,,Não
VND00127,2025-12-14 20:05:42,Ecomm mono,mooz pix,SP,Bauru,Make B. Base Líquida Mate Salicylic 30g,3,109.9,38.0,Maquiagem e Skincare,,CLI0302,Feminino,1988-03-23,,Entregue com Atraso,,Não
VND00128,2025-05-29 20:33:51,lojas,mooz cartões,PR,Paranaguá,Lily Creme Acetinado Hidratante Corporal 250g,2,149.9,45.0,Perfumaria Feminina,FRQ006,,,,,,,
VND00129,2025-03-09 15:43:27,lojas,outros meios de pagamento,CE,Fortaleza,Malbec Desodorante Colônia 100ml,1,209.9,84.0,Perfumaria Masculina,FRQ027,,,,,,,
VND00129,2025-03-09 15:43:27,lojas,outros meios de pagamento,CE,Fortaleza,Lily Lumière Eau de Parfum 75ml,3,329.9,145.0,Perfumaria Feminina,FRQ027,,,,,,,
VND00130,2025-06-16 20:55:00,Ecomm multi,mooz cartões,PI,Teresina,Malbec Gold Desodorante Colônia 100ml,1,195.9,78.0,Perfumaria Masculina,,CLI0077,Não-binário,1978-07-23,,Entregue no Prazo,,Sim
VND00131,2024-12-18 13:16:24,Ecomm multi,mooz pix,PB,João Pessoa,Shampoo Match Escudo De Hidratação 300ml,3,47.9,14.0,Cabelos,,CLI0089,Feminino,2002-11-10,,Entregue com Atraso,,Não
VND00132,2024-08-21 19:47:28,Ecomm mono,mooz pix,RJ,Nova Friburgo,Malbec Desodorante Colônia 100ml,3,209.9,84.0,Perfumaria Masculina,,CLI0214,Masculino,1974-07-23,,Entregue no Prazo,QUERO10,Sim
VND00133,2025-06-02 08:49:54,VD,mooz cartões,BA,Feira de Santana,Botik Sérum Alta Potência Ácido Hialurônico 30ml,4,169.9,59.0,Maquiagem e Skincare,REV0026,,,,,,,
VND00134,2025-11-28 22:23:31,Ecomm multi,mooz cartões,MG,Ipatinga,Make B. Base Líquida Mate Salicylic 30g,1,109.9,38.0,Maquiagem e Skincare,,CLI0301,Não-binário,1966-11-23,Chegou super rápido.,Entregue no Prazo,,Não
VND00134,2025-11-28 22:23:31,Ecomm multi,mooz cartões,MG,Ipatinga,Shampoo Match Escudo De Hidratação 300ml,2,47.9,14.0,Cabelos,,CLI0301,Não-binário,1966-11-23,Chegou super rápido.,Entregue no Prazo,,Não
VND00135,2025-10-24 12:13:17,Ecomm multi,mooz cartões,RJ,Teresópolis,Botik Sérum Alta Potência Ácido Hialurônico 30ml,2,169.9,59.0,Maquiagem e Skincare,,CLI0005,Feminino,1965-04-08,,Entregue no Prazo,,Sim
VND00135,2025-10-24 12:13:17,Ecomm multi,mooz cartões,RJ,Teresópolis,Floratta Red Desodorante Colônia 75ml,3,229.9,92.0,Perfumaria Feminina,,CLI0005,Feminino,1965-04-08,,Entregue no Prazo,,Sim
VND00136,2025-12-27 12:27:57,Ecomm multi,mooz pix,PR,Paranaguá,Malbec Gold Desodorante Colônia 100ml,2000,195.9,78.0,Perfumaria Masculina,,CLI0130,Feminino,1993-09-22,,Entregue com Atraso,,Não
VND00137,2025-05-08 12:17:40,Ecomm mono,mooz pix,PR,Cascavel,Cuide-se Bem Loção Corporal Deleite 200ml,4,78.9,24.0,Cuidados e Corpo,,CLI0336,Masculino,1997-07-27,Melhor creme da vida.,Entregue no Prazo,,Não
VND00138,2025-11-28 19:01:41,Ecomm multi,mooz pix,PE,Caruaru,Lily Lumière Eau de Parfum 75ml,2,329.9,145.0,Perfumaria Feminina,,CLI0215,Feminino,1979-11-19,Melhor creme da vida.,Entregue com Atraso,,Não
VND00139,2025-11-18 08:19:54,lojas,outros meios de pagamento,RJ,Macaé,Malbec Desodorante Colônia 100ml,2,209.9,84.0,Perfumaria Masculina,FRQ006,,,,,,,
VND00140,2025-11-01 12:22:14,Ecomm mono,mooz pix,SC,Blumenau,Cuide-se Bem Loção Corporal Deleite 200ml,1,78.9,24.0,Cuidados e Corpo,,CLI0191,Não-binário,1985-12-07,,Entregue no Prazo,,Não
VND00140,2025-11-01 12:22:14,Ecomm mono,mooz pix,SC,Blumenau,Malbec Desodorante Colônia 100ml,1,209.9,84.0,Perfumaria Masculina,,CLI0191,Não-binário,1985-12-07,,Entregue no Prazo,,Não
VND00141,2025-02-27 12:54:09,lojas,mooz cartões,SP,Sorocaba,Malbec Gold Desodorante Colônia 100ml,4,195.9,78.0,Perfumaria Masculina,FRQ014,,,,,,,
VND00141,2025-02-27 12:54:09,lojas,mooz cartões,SP,Sorocaba,Lily Lumière Eau de Parfum 75ml,2,329.9,145.0,Perfumaria Feminina,FRQ014,,,,,,,
VND00142,2025-05-14 13:11:20,VD,mooz cartões,RJ,Angra dos Reis,Make B. Base Líquida Mate Salicylic 30g,2,109.9,38.0,Maquiagem e Skincare,REV0036,,,,,,,
VND00143,2024-06-11 13:48:49,VD,mooz cartões,MG,Poços de Caldas,Cuide-se Bem Loção Corporal Deleite 200ml,4,78.9,24.0,Cuidados e Corpo,REV0056,,,,,,,
VND00143,2024-06-11 13:48:49,VD,mooz cartões,MG,Poços de Caldas,Lily Creme Acetinado Hidratante Corporal 250g,1,149.9,45.0,Perfumaria Feminina,REV0056,,,,,,,
VND00144,2024-07-14 19:00:40,lojas,mooz cartões,CE,Sobral,Make B. Base Líquida Mate Salicylic 30g,1,109.9,38.0,Maquiagem e Skincare,FRQ029,,,,,,,
VND00145,2025-08-25 12:04:52,VD,mooz pix,DF,Brasília,Lily Creme Acetinado Hidratante Corporal 250g,4,149.9,45.0,Perfumaria Feminina,REV0067,,,,,,,
VND00145,2025-08-25 12:04:52,VD,mooz pix,DF,Brasília,Malbec Desodorante Colônia 100ml,3,209.9,84.0,Perfumaria Masculina,REV0067,,,,,,,
VND00146,2025-05-16 19:12:10,Ecomm multi,mooz cartões,AL,Maceió,Malbec Gold Desodorante Colônia 100ml,1,195.9,78.0,Perfumaria Masculina,,CLI0115,Não-binário,2002-12-26,Amei o cheiro!,Entregue no Prazo,,Não
VND00147,2025-10-17 19:34:39,VD,outros meios de pagamento,SP,São Paulo,Malbec Desodorante Colônia 100ml,1,209.9,84.0,Perfumaria Masculina,REV0084,,,,,,,
VND00148,2025-01-24 12:16:30,lojas,mooz cartões,SP,Piracicaba,Malbec Desodorante Colônia 100ml,2000,209.9,84.0,Perfumaria Masculina,FRQ022,,,,,,,
VND00148,2025-01-24 12:16:30,lojas,mooz cartões,SP,Piracicaba,Cuide-se Bem Loção Corporal Deleite 200ml,3,78.9,24.0,Cuidados e Corpo,FRQ022,,,,,,,
VND00149,2025-12-18 12:53:57,VD,outros meios de pagamento,SP,Piracicaba,Make B. Base Líquida Mate Salicylic 30g,1,109.9,38.0,Maquiagem e Skincare,REV0080,,,,,,,
VND00150,2025-09-15 19:16:53,lojas,mooz pix,PR,Guarapuava,Malbec Desodorante Colônia 100ml,4,209.9,84.0,Perfumaria Masculina,FRQ010,,,,,,,
VND00151,2024-12-04 12:00:42,VD,mooz cartões,SP,Franca,Malbec Desodorante Colônia 100ml,1,209.9,84.0,Perfumaria Masculina,REV0074,,,,,,,
VND00151,2024-12-04 12:00:42,VD,mooz cartões,SP,Franca,Lily Creme Acetinado Hidratante Corporal 250g,1,149.9,45.0,Perfumaria Feminina,REV0074,,,,,,,
VND00152,2025-10-21 12:18:16,Ecomm multi,mooz cartões,SP,Campinas,Malbec Desodorante Colônia 100ml,1,209.9,84.0,Perfumaria Masculina,,CLI0090,Não-binário,1980-02-01,,Entregue no Prazo,,Não
VND00152,2025-10-21 12:18:16,Ecomm multi,mooz cartões,SP,Campinas,Malbec Gold Desodorante Colônia 100ml,1,,78.0,Perfumaria Masculina,,CLI0090,Não-binário,1980-02-01,,Entregue no Prazo,,Não
VND00153,2024-06-23 19:57:28,Ecomm mono,mooz cartões,RS,Gramado,Cuide-se Bem Loção Corporal Deleite 200ml,4,78.9,24.0,Cuidados e Corpo,,CLI0176,Feminino,1965-11-14,Amei o cheiro!,Entregue no Prazo,,Sim
VND00154,2024-06-19 19:44:46,VD,mooz cartões,SP,Campinas,Cuide-se Bem Loção Corporal Deleite 200ml,4,78.9,24.0,Cuidados e Corpo,REV0054,,,,,,,
VND00154,2024-06-19 19:44:46,VD,mooz cartões,SP,Campinas,Make B. Base Líquida Mate Salicylic 30g,3,109.9,38.0,Maquiagem e Skincare,REV0054,,,,,,,
VND00155,2024-05-13 12:31:07,Ecomm multi,mooz pix,SP,SP - São Paulo,Cuide-se Bem Loção Corporal Deleite 200ml,3,78.9,24.0,Cuidados e Corpo,,CLI0161,Feminino,1977-06-11,,Entregue com Atraso,,Não
VND00155,2024-05-13 12:31:07,Ecomm multi,mooz pix,SP,SP - São Paulo,Malbec Desodorante Colônia 100ml,1,209.9,84.0,Perfumaria Masculina,,CLI0161,Feminino,1977-06-11,,Entregue com Atraso,,Não
VND00156,2024-12-20 12:41:24,lojas,outros meios de pagamento,RJ,Cabo Frio,Lily Creme Acetinado Hidratante Corporal 250g,2,149.9,45.0,Perfumaria Feminina,FRQ002,,,,,,,
VND00157,2026-06-09 19:48:31,Ecomm mono,mooz cartões,RJ,Campos dos Goytacazes,Cuide-se Bem Loção Corporal Deleite 200ml,2,78.9,24.0,Cuidados e Corpo,,CLI0143,Feminino,2002-02-10,,Entregue no Prazo,,Não
VND00158,2025-04-03 12:31:28,Ecomm mono,mooz cartões,SP,São José dos Campos,Make B. Base Líquida Mate Salicylic 30g,1,109.9,38.0,Maquiagem e Skincare,,CLI0382,Não-binário,1966-12-24,Melhor creme da vida.,Entregue no Prazo,,Não
VND00159,2026-06-30 19:13:41,Ecomm multi,mooz pix,MG,Montes Claros,Lily Creme Acetinado Hidratante Corporal 250g,3,149.9,45.0,Perfumaria Feminina,,CLI0028,Feminino,1996-12-11,,Entregue no Prazo,,Sim
VND00159,2026-06-30 19:13:41,Ecomm multi,mooz pix,MG,Montes Claros,Malbec Gold Desodorante Colônia 100ml,2,,78.0,Perfumaria Masculina,,CLI0028,Feminino,1996-12-11,,Entregue no Prazo,,Sim
VND00160,2024-12-29 13:51:18,Ecomm mono,mooz cartões,RJ,Rio de Janeiro,Malbec Gold Desodorante Colônia 100ml,4,195.9,78.0,Perfumaria Masculina,,CLI0253,Masculino,2004-07-09,,Entregue no Prazo,BOTAO20,Sim
VND00161,2025-08-25 12:57:28,Ecomm multi,mooz cartões,SP,São José dos Campos,Make B. Base Líquida Mate Salicylic 30g,4,109.9,38.0,Maquiagem e Skincare,,CLI0003,Feminino,2003-12-18,,Entregue no Prazo,,Sim
VND00162,2024-05-11 19:42:38,Ecomm mono,mooz pix,RS,Pelotas,Lily Creme Acetinado Hidratante Corporal 250g,2,149.9,45.0,Perfumaria Feminina,,CLI0312,Não-binário,1978-11-18,Amei o cheiro!,Entregue no Prazo,,Não
VND00163,2025-06-08 12:44:35,Ecomm mono,mooz cartões,MG,Ouro Preto,Cuide-se Bem Loção Corporal Deleite 200ml,2,78.9,24.0,Cuidados e Corpo,,CLI0108,Masculino,1997-09-05,,Entregue no Prazo,,Não
VND00163,2025-06-08 12:44:35,Ecomm mono,mooz cartões,MG,Ouro Preto,Lily Creme Acetinado Hidratante Corporal 250g,3,149.9,45.0,Perfumaria Feminina,,CLI0108,Masculino,1997-09-05,,Entregue no Prazo,,Não
VND00164,2025-05-06 12:42:45,Ecomm multi,mooz pix,SP,São Carlos,Floratta Red Desodorante Colônia 75ml,2,229.9,92.0,Perfumaria Feminina,,CLI0217,Masculino,1987-12-18,Melhor creme da vida.,Entregue no Prazo,BOTAO20,Sim
VND00165,2025-11-30 19:53:03,Ecomm mono,mooz cartões,RJ,Macaé,Floratta Red Desodorante Colônia 75ml,4,229.9,92.0,Perfumaria Feminina,,CLI0017,Feminino,1962-11-08,O produto veio quebrado.,Entregue com Atraso,,Não
VND00166,2025-12-13 12:42:03,Ecomm multi,mooz pix,SP,Mauá,Malbec Desodorante Colônia 100ml,3,209.9,84.0,Perfumaria Masculina,,CLI0351,Masculino,1963-07-09,Suporte não responde.,Entregue com Atraso,BOTAO20,Sim
VND00167,2024-07-17 12:11:43,VD,mooz cartões,SP,Santos,Lily Creme Acetinado Hidratante Corporal 250g,1,149.9,45.0,Perfumaria Feminina,REV0095,,,,,,,
VND00167,2024-07-17 12:11:43,VD,mooz cartões,SP,Santos,Malbec Gold Desodorante Colônia 100ml,2,195.9,78.0,Perfumaria Masculina,REV0095,,,,,,,
VND00168,2026-05-16 08:21:29,lojas,mooz cartões,SP,Santos,Lily Lumière Eau de Parfum 75ml,3,329.9,145.0,Perfumaria Feminina,FRQ030,,,,,,,
VND00169,2024-11-21 13:11:33,VD,outros meios de pagamento,SE,Aracaju,Malbec Desodorante Colônia 100ml,1,209.9,84.0,Perfumaria Masculina,REV0054,,,,,,,
VND00169,2024-11-21 13:11:33,VD,outros meios de pagamento,SE,Aracaju,Malbec Gold Desodorante Colônia 100ml,3,195.9,78.0,Perfumaria Masculina,REV0054,,,,,,,
VND00170,2024-10-27 22:48:39,Ecomm multi,mooz cartões,CE,Fortaleza,Malbec Desodorante Colônia 100ml,2,209.9,84.0,Perfumaria Masculina,,CLI0343,Não-binário,1967-02-08,,Entregue no Prazo,,Não
VND00170,2024-10-27 22:48:39,Ecomm multi,mooz cartões,CE,Fortaleza,Cuide-se Bem Loção Corporal Deleite 200ml,3,78.9,24.0,Cuidados e Corpo,,CLI0343,Não-binário,1967-02-08,,Entregue no Prazo,,Não
VND00171,2025-06-04 15:02:18,lojas,mooz pix,MG,Divinópolis,Lily Lumière Eau de Parfum 75ml,1,329.9,145.0,Perfumaria Feminina,FRQ003,,,,,,,
VND00172,2026-03-03 13:43:27,VD,mooz cartões,SC,Criciúma,Malbec Desodorante Colônia 100ml,1,209.9,84.0,Perfumaria Masculina,REV0090,,,,,,,
VND00172,2026-03-03 13:43:27,VD,mooz cartões,SC,Criciúma,Malbec Gold Desodorante Colônia 100ml,4,195.9,78.0,Perfumaria Masculina,REV0090,,,,,,,
VND00173,2024-02-08 13:03:11,Ecomm mono,mooz cartões,MG,Poços de Caldas,Malbec Desodorante Colônia 100ml,1,209.9,84.0,Perfumaria Masculina,,CLI0117,Feminino,1984-01-28,,Entregue no Prazo,,Não
VND00174,2024-05-01 19:41:46,VD,outros meios de pagamento,SP,Mogi das Cruzes,Lily Lumière Eau de Parfum 75ml,3,329.9,145.0,Perfumaria Feminina,REV0006,,,,,,,
VND00174,2024-05-01 19:41:46,VD,outros meios de pagamento,SP,Mogi das Cruzes,Malbec Desodorante Colônia 100ml,3,209.9,84.0,Perfumaria Masculina,REV0006,,,,,,,
VND00175,2025-04-30 19:14:08,Ecomm multi,mooz pix,MG,Juiz de Fora,Malbec Gold Desodorante Colônia 100ml,1,195.9,78.0,Perfumaria Masculina,,CLI0153,Feminino,1989-03-26,,Entregue no Prazo,,Sim
VND00175,2025-04-30 19:14:08,Ecomm multi,mooz pix,MG,Juiz de Fora,Malbec Desodorante Colônia 100ml,1,209.9,84.0,Perfumaria Masculina,,CLI0153,Feminino,1989-03-26,,Entregue no Prazo,,Sim
VND00176,2026-05-21 12:10:11,lojas,outros meios de pagamento,PI,Teresina,Malbec Gold Desodorante Colônia 100ml,1,195.9,78.0,Perfumaria Masculina,FRQ007,,,,,,,
VND00177,2025-07-16 20:42:04,Ecomm mono,mooz cartões,SP,Ribeirão Preto,Cuide-se Bem Loção Corporal Deleite 200ml,2,78.9,24.0,Cuidados e Corpo,,CLI0372,Feminino,1964-03-09,,Entregue no Prazo,,Não
VND00178,2025-09-26 19:12:20,Ecomm multi,mooz pix,MG,Montes Claros,Malbec Gold Desodorante Colônia 100ml,3,195.9,78.0,Perfumaria Masculina,,CLI0316,Não-binário,1990-02-08,Melhor creme da vida.,Entregue no Prazo,,Não
VND00178,2025-09-26 19:12:20,Ecomm multi,mooz pix,MG,Montes Claros,Make B. Base Líquida Mate Salicylic 30g,3,109.9,38.0,Maquiagem e Skincare,,CLI0316,Não-binário,1990-02-08,Melhor creme da vida.,Entregue no Prazo,,Não
VND00179,2026-05-10 20:43:46,Ecomm mono,mooz pix,PA,Ananindeua,Cuide-se Bem Loção Corporal Deleite 200ml,2,78.9,24.0,Cuidados e Corpo,,CLI0229,Não-binário,1966-01-19,,Entregue no Prazo,BOTAO20,Sim
VND00180,2024-07-20 15:56:40,VD,outros meios de pagamento,SP,Campinas,Malbec Desodorante Colônia 100ml,4,209.9,84.0,Perfumaria Masculina,REV0003,,,,,,,
VND00180,2024-07-20 15:56:40,VD,outros meios de pagamento,SP,Campinas,Cuide-se Bem Loção Corporal Deleite 200ml,1,78.9,24.0,Cuidados e Corpo,REV0003,,,,,,,
VND00181,2026-03-04 19:25:14,Ecomm mono,mooz cartões,PE,Petrolina,Cuide-se Bem Loção Corporal Deleite 200ml,2,78.9,24.0,Cuidados e Corpo,,CLI0257,Feminino,2003-05-19,Melhor creme da vida.,Entregue no Prazo,,Sim
VND00182,2024-05-23 12:11:36,lojas,outros meios de pagamento,SP,Piracicaba,Malbec Desodorante Colônia 100ml,4,209.9,84.0,Perfumaria Masculina,FRQ016,,,,,,,
VND00183,2024-11-27 20:33:40,Ecomm mono,mooz pix,PR,Maringá,Malbec Gold Desodorante Colônia 100ml,2,195.9,78.0,Perfumaria Masculina,,CLI0193,Feminino,1966-12-25,,Entregue no Prazo,,Não
VND00184,2024-12-27 08:22:31,Ecomm multi,mooz cartões,RJ,Macaé,Lily Creme Acetinado Hidratante Corporal 250g,1,149.9,45.0,Perfumaria Feminina,,CLI0072,Feminino,1963-11-18,Amei o cheiro!,Entregue com Atraso,QUERO10,Não
VND00185,2026-01-07 13:43:30,Ecomm multi,mooz cartões,RJ,Cabo Frio,Cuide-se Bem Loção Corporal Deleite 200ml,2,78.9,24.0,Cuidados e Corpo,,CLI0083,Feminino,1964-10-03,,Entregue no Prazo,QUERO10,Sim
VND00186,2025-06-08 19:36:09,VD,mooz cartões,SP,Osasco,Cuide-se Bem Loção Corporal Deleite 200ml,1,78.9,24.0,Cuidados e Corpo,REV0024,,,,,,,
VND00186,2025-06-08 19:36:09,VD,mooz cartões,SP,Osasco,Lily Creme Acetinado Hidratante Corporal 250g,3,149.9,45.0,Perfumaria Feminina,REV0024,,,,,,,
VND00187,2024-06-23 19:26:38,lojas,outros meios de pagamento,MT,Cuiabá,Floratta Red Desodorante Colônia 75ml,2,229.9,92.0,Perfumaria Feminina,FRQ020,,,,,,,
VND00187,2024-06-23 19:26:38,lojas,outros meios de pagamento,MT,Cuiabá,Malbec Desodorante Colônia 100ml,4,209.9,84.0,Perfumaria Masculina,FRQ020,,,,,,,
VND00188,2024-03-11 15:24:08,VD,mooz cartões,PR,Foz do Iguaçu,Malbec Gold Desodorante Colônia 100ml,2,195.9,78.0,Perfumaria Masculina,REV0067,,,,,,,
VND00188,2024-03-11 15:24:08,VD,mooz cartões,PR,Foz do Iguaçu,Malbec Desodorante Colônia 100ml,1,209.9,84.0,Perfumaria Masculina,REV0067,,,,,,,
VND00189,2025-06-28 20:07:05,Ecomm multi,mooz cartões,PR,Curitiba,Cuide-se Bem Loção Corporal Deleite 200ml,4,78.9,24.0,Cuidados e Corpo,,CLI0397,Feminino,1965-12-17,,Entregue no Prazo,,Não
VND00190,2025-08-12 20:08:16,Ecomm multi,mooz cartões,SP,São Carlos,Malbec Desodorante Colônia 100ml,1,209.9,84.0,Perfumaria Masculina,,CLI0043,Masculino,2000-09-20,,Entregue no Prazo,,Não
VND00191,2025-12-05 20:26:23,VD,mooz cartões,SP,Mauá,Lily Lumière Eau de Parfum 75ml,4,329.9,145.0,Perfumaria Feminina,REV0084,,,,,,,
VND00191,2025-12-05 20:26:23,VD,mooz cartões,SP,Mauá,Cuide-se Bem Loção Corporal Deleite 200ml,4,78.9,24.0,Cuidados e Corpo,REV0084,,,,,,,
VND00192,2025-05-10 08:19:36,Ecomm mono,mooz pix,SP,Piracicaba,Malbec Desodorante Colônia 100ml,1,209.9,84.0,Perfumaria Masculina,,CLI0071,Feminino,1964-08-26,Melhor creme da vida.,Entregue no Prazo,,Não
VND00192,2025-05-10 08:19:36,Ecomm mono,mooz pix,SP,Piracicaba,Shampoo Match Escudo De Hidratação 300ml,3,47.9,14.0,Cabelos,,CLI0071,Feminino,1964-08-26,Melhor creme da vida.,Entregue no Prazo,,Não
VND00193,2025-12-24 12:24:40,VD,mooz cartões,RJ,Petrópolis,Cuide-se Bem Loção Corporal Deleite 200ml,1,78.9,24.0,Cuidados e Corpo,REV0061,,,,,,,
VND00193,2025-12-24 12:24:40,VD,mooz cartões,RJ,Petrópolis,Malbec Desodorante Colônia 100ml,1,209.9,84.0,Perfumaria Masculina,REV0061,,,,,,,
VND00194,2025-06-17 12:38:03,lojas,outros meios de pagamento,RS,Pelotas,Cuide-se Bem Loção Corporal Deleite 200ml,3,78.9,24.0,Cuidados e Corpo,FRQ015,,,,,,,
VND00195,2025-09-21 19:02:23,lojas,outros meios de pagamento,RS,Porto Alegre,Lily Lumière Eau de Parfum 75ml,4,329.9,145.0,Perfumaria Feminina,FRQ006,,,,,,,
VND00196,2025-08-19 13:52:17,lojas,outros meios de pagamento,SP,Ribeirão Preto,Malbec Desodorante Colônia 100ml,3,209.9,84.0,Perfumaria Masculina,FRQ015,,,,,,,
VND00197,2025-06-02 15:04:32,Ecomm mono,mooz pix,ES,Vitória,Lily Creme Acetinado Hidratante Corporal 250g,4,149.9,45.0,Perfumaria Feminina,,CLI0263,Feminino,1981-07-23,,Entregue no Prazo,,Não
VND00197,2025-06-02 15:04:32,Ecomm mono,mooz pix,ES,Vitória,Make B. Base Líquida Mate Salicylic 30g,2,109.9,38.0,Maquiagem e Skincare,,CLI0263,Feminino,1981-07-23,,Entregue no Prazo,,Não
VND00198,2026-06-01 12:07:16,VD,mooz pix,ES,Serra,Lily Creme Acetinado Hidratante Corporal 250g,3,149.9,45.0,Perfumaria Feminina,REV0029,,,,,,,
VND00198,2026-06-01 12:07:16,VD,mooz pix,ES,Serra,Floratta Red Desodorante Colônia 75ml,1,229.9,92.0,Perfumaria Feminina,REV0029,,,,,,,
VND00199,2024-09-26 12:05:25,Ecomm mono,mooz cartões,CE,Sobral,Lily Lumière Eau de Parfum 75ml,2,329.9,145.0,Perfumaria Feminina,,CLI0092,Feminino,1994-04-17,Chegou super rápido.,Entregue no Prazo,BOTAO20,Não
VND00200,2024-07-23 20:15:55,Ecomm mono,mooz cartões,MS,Campo Grande,Malbec Gold Desodorante Colônia 100ml,1,195.9,78.0,Perfumaria Masculina,,CLI0104,Feminino,2000-05-06,,Entregue no Prazo,,Não
VND00201,2025-11-10 19:00:48,VD,mooz pix,PR,Ponta Grossa,Lily Creme Acetinado Hidratante Corporal 250g,3,149.9,45.0,Perfumaria Feminina,REV0080,,,,,,,
VND00202,2025-07-07 20:22:25,lojas,mooz pix,DF,Brasília,Make B. Base Líquida Mate Salicylic 30g,1,109.9,38.0,Maquiagem e Skincare,FRQ015,,,,,,,
VND00203,2024-11-29 19:55:16,lojas,outros meios de pagamento,SP,Osasco,Botik Sérum Alta Potência Ácido Hialurônico 30ml,3,169.9,59.0,Maquiagem e Skincare,FRQ008,,,,,,,
VND00204,2025-05-25 20:26:44,Ecomm mono,mooz pix,SP,Franca,Make B. Base Líquida Mate Salicylic 30g,2,109.9,38.0,Maquiagem e Skincare,,CLI0206,Não-binário,1981-01-16,,Entregue com Atraso,,Não
VND00205,2026-05-26 19:09:51,lojas,mooz pix,ES,Vitória,Malbec Gold Desodorante Colônia 100ml,3,195.9,78.0,Perfumaria Masculina,FRQ006,,,,,,,
VND00206,2024-11-03 12:54:36,VD,mooz pix,SP,Campinas,Shampoo Match Escudo De Hidratação 300ml,3,47.9,14.0,Cabelos,REV0089,,,,,,,
VND00207,2025-10-06 12:47:21,Ecomm mono,mooz pix,SP,Sorocaba,Lily Lumière Eau de Parfum 75ml,2,329.9,145.0,Perfumaria Feminina,,CLI0287,Não-binário,1974-07-02,,Entregue no Prazo,QUERO10,Sim
VND00208,2024-10-18 15:43:32,Ecomm multi,mooz pix,SP,São Carlos,Cuide-se Bem Loção Corporal Deleite 200ml,3,78.9,24.0,Cuidados e Corpo,,CLI0041,Feminino,2006-12-09,,Entregue no Prazo,,Não
VND00209,2024-03-22 19:14:20,Ecomm mono,mooz pix,SP,Piracicaba,Malbec Desodorante Colônia 100ml,4,209.9,84.0,Perfumaria Masculina,,CLI0137,Não-binário,2003-12-06,,Entregue no Prazo,MAES15,Sim
VND00210,2025-11-08 12:47:44,VD,mooz cartões,MG,Juiz de Fora,Lily Creme Acetinado Hidratante Corporal 250g,4,149.9,45.0,Perfumaria Feminina,REV0051,,,,,,,
VND00211,2024-03-26 15:39:09,VD,outros meios de pagamento,RJ,Volta Redonda,Lily Lumière Eau de Parfum 75ml,3,329.9,145.0,Perfumaria Feminina,REV0040,,,,,,,
VND00212,2024-05-09 19:53:10,VD,mooz cartões,SP,Jundiaí,Floratta Red Desodorante Colônia 75ml,4,229.9,92.0,Perfumaria Feminina,REV0046,,,,,,,
VND00213,2025-12-15 12:37:38,Ecomm multi,mooz pix,PA,Santarém,Lily Creme Acetinado Hidratante Corporal 250g,3,149.9,45.0,Perfumaria Feminina,,CLI0328,Feminino,1972-03-26,,Entregue no Prazo,,Sim
VND00214,2024-06-08 12:00:33,lojas,mooz pix,AP,Macapá,Malbec Gold Desodorante Colônia 100ml,2000,195.9,78.0,Perfumaria Masculina,FRQ016,,,,,,,
VND00214,2024-06-08 12:00:33,lojas,mooz pix,AP,Macapá,Malbec Desodorante Colônia 100ml,1,209.9,84.0,Perfumaria Masculina,FRQ016,,,,,,,
VND00215,2025-01-22 20:05:27,lojas,outros meios de pagamento,SP,Bauru,Make B. Base Líquida Mate Salicylic 30g,3,109.9,38.0,Maquiagem e Skincare,FRQ026,,,,,,,
VND00215,2025-01-22 20:05:27,lojas,outros meios de pagamento,SP,Bauru,Malbec Desodorante Colônia 100ml,3,209.9,84.0,Perfumaria Masculina,FRQ026,,,,,,,
VND00216,2026-05-23 12:08:18,VD,outros meios de pagamento,SP,São José dos Campos,Lily Creme Acetinado Hidratante Corporal 250g,4,149.9,45.0,Perfumaria Feminina,REV0080,,,,,,,
VND00217,2024-01-20 19:34:01,lojas,mooz cartões,SP,Osasco,Cuide-se Bem Loção Corporal Deleite 200ml,1,78.9,24.0,Cuidados e Corpo,FRQ009,,,,,,,
VND00218,2024-06-03 19:13:21,Ecomm multi,mooz pix,MG,Ipatinga,Lily Creme Acetinado Hidratante Corporal 250g,4,149.9,45.0,Perfumaria Feminina,,CLI0191,Não-binário,1985-12-07,,Entregue no Prazo,QUERO10,Sim
VND00219,2025-04-26 19:57:53,Ecomm mono,mooz pix,SP,Franca,Make B. Base Líquida Mate Salicylic 30g,4,109.9,38.0,Maquiagem e Skincare,,CLI0007,Não-binário,1974-08-19,,Entregue no Prazo,,Sim
VND00220,2024-02-04 15:47:49,VD,outros meios de pagamento,RJ,Teresópolis,Malbec Desodorante Colônia 100ml,3,209.9,84.0,Perfumaria Masculina,REV0027,,,,,,,
VND00221,2024-11-01 19:56:03,lojas,mooz cartões,RJ,Nova Iguaçu,Malbec Desodorante Colônia 100ml,2,209.9,84.0,Perfumaria Masculina,FRQ021,,,,,,,
VND00222,2025-08-21 12:50:15,VD,mooz cartões,RS,Canoas,Floratta Red Desodorante Colônia 75ml,2,229.9,92.0,Perfumaria Feminina,REV0089,,,,,,,
VND00223,2024-04-01 12:31:05,Ecomm mono,mooz cartões,SP,São Paulo,Floratta Red Desodorante Colônia 75ml,3,229.9,92.0,Perfumaria Feminina,,CLI0079,Feminino,1963-10-24,,Entregue no Prazo,MAES15,Sim
VND00224,2025-07-26 12:44:31,lojas,outros meios de pagamento,SP,Santos,Cuide-se Bem Loção Corporal Deleite 200ml,4,78.9,24.0,Cuidados e Corpo,FRQ018,,,,,,,
VND00225,2026-05-01 12:55:35,lojas,mooz cartões,PR,Maringá,Malbec Desodorante Colônia 100ml,3,209.9,84.0,Perfumaria Masculina,FRQ015,,,,,,,
VND00226,2026-06-23 12:54:23,lojas,mooz pix,SP,Piracicaba,Cuide-se Bem Loção Corporal Deleite 200ml,4,78.9,24.0,Cuidados e Corpo,FRQ003,,,,,,,
VND00226,2026-06-23 12:54:23,lojas,mooz pix,SP,Piracicaba,Floratta Red Desodorante Colônia 75ml,2,229.9,92.0,Perfumaria Feminina,FRQ003,,,,,,,
VND00227,2024-11-26 13:20:07,VD,outros meios de pagamento,PR,Londrina,Malbec Desodorante Colônia 100ml,1,209.9,84.0,Perfumaria Masculina,REV0006,,,,,,,
VND00228,2025-05-12 13:02:36,Ecomm multi,mooz pix,GO,Rio Verde,Malbec Desodorante Colônia 100ml,1,209.9,84.0,Perfumaria Masculina,,CLI0026,Feminino,1974-01-26,,Entregue no Prazo,,Sim
VND00229,2025-10-16 12:35:47,Ecomm multi,mooz pix,SP,Bauru,Lily Lumière Eau de Parfum 75ml,3,329.9,145.0,Perfumaria Feminina,,CLI0363,Não-binário,1993-02-24,,Entregue no Prazo,QUERO10,Sim
VND00229,2025-10-16 12:35:47,Ecomm multi,mooz pix,SP,Bauru,Lily Creme Acetinado Hidratante Corporal 250g,1,149.9,45.0,Perfumaria Feminina,,CLI0363,Não-binário,1993-02-24,,Entregue no Prazo,QUERO10,Sim
VND00230,2024-07-13 08:42:15,lojas,outros meios de pagamento,BA,Camaçari,Malbec Desodorante Colônia 100ml,3,209.9,84.0,Perfumaria Masculina,FRQ014,,,,,,,
VND00230,2024-07-13 08:42:15,lojas,outros meios de pagamento,BA,Camaçari,Lily Lumière Eau de Parfum 75ml,4,329.9,145.0,Perfumaria Feminina,FRQ014,,,,,,,
VND00231,2024-12-11 19:34:38,Ecomm multi,mooz pix,SP,São Carlos,Lily Creme Acetinado Hidratante Corporal 250g,3,149.9,45.0,Perfumaria Feminina,,CLI0162,Feminino,1968-03-08,,Entregue no Prazo,,Não
VND00232,2025-02-10 19:02:18,VD,outros meios de pagamento,RJ,Petrópolis,Malbec Desodorante Colônia 100ml,2,209.9,84.0,Perfumaria Masculina,REV0039,,,,,,,
VND00233,2024-11-18 15:52:44,Ecomm mono,mooz cartões,SC,Florianópolis,Make B. Base Líquida Mate Salicylic 30g,3,109.9,38.0,Maquiagem e Skincare,,CLI0020,Masculino,1970-06-12,Amei o cheiro!,Entregue no Prazo,,Sim
VND00234,2025-05-09 19:52:57,VD,outros meios de pagamento,GO,Rio Verde,Cuide-se Bem Loção Corporal Deleite 200ml,4,78.9,24.0,Cuidados e Corpo,REV0005,,,,,,,
VND00234,2025-05-09 19:52:57,VD,outros meios de pagamento,GO,Rio Verde,Lily Creme Acetinado Hidratante Corporal 250g,3,149.9,45.0,Perfumaria Feminina,REV0005,,,,,,,
VND00235,2026-06-07 12:49:14,VD,outros meios de pagamento,SP,Bauru,Lily Creme Acetinado Hidratante Corporal 250g,1,149.9,45.0,Perfumaria Feminina,REV0081,,,,,,,
VND00236,2025-08-01 19:32:44,lojas,mooz cartões,SP,São Paulo,Malbec Desodorante Colônia 100ml,1,209.9,84.0,Perfumaria Masculina,FRQ013,,,,,,,
VND00237,2024-05-31 20:05:30,VD,outros meios de pagamento,SE,Aracaju,Lily Lumière Eau de Parfum 75ml,4,329.9,145.0,Perfumaria Feminina,REV0034,,,,,,,
VND00238,2025-05-07 12:31:25,lojas,outros meios de pagamento,SP,Mogi das Cruzes,Malbec Desodorante Colônia 100ml,1,209.9,84.0,Perfumaria Masculina,FRQ024,,,,,,,
VND00238,2025-05-07 12:31:25,lojas,outros meios de pagamento,SP,Mogi das Cruzes,Make B. Base Líquida Mate Salicylic 30g,1,109.9,38.0,Maquiagem e Skincare,FRQ024,,,,,,,
VND00239,2024-12-22 12:22:38,VD,mooz pix,ES,Vitória,Malbec Desodorante Colônia 100ml,4,209.9,84.0,Perfumaria Masculina,REV0045,,,,,,,
VND00239,2024-12-22 12:22:38,VD,mooz pix,ES,Vitória,Lily Lumière Eau de Parfum 75ml,2,329.9,145.0,Perfumaria Feminina,REV0045,,,,,,,
VND00240,2025-01-17 20:46:54,VD,mooz cartões,PE,Recife,Malbec Desodorante Colônia 100ml,3,209.9,84.0,Perfumaria Masculina,REV0032,,,,,,,
VND00240,2025-01-17 20:46:54,VD,mooz cartões,PE,Recife,Malbec Gold Desodorante Colônia 100ml,1,195.9,78.0,Perfumaria Masculina,REV0032,,,,,,,
VND00241,2025-04-27 15:13:47,lojas,mooz cartões,CE,Sobral,Lily Lumière Eau de Parfum 75ml,2,329.9,145.0,Perfumaria Feminina,FRQ017,,,,,,,
VND00242,2025-11-15 19:37:57,VD,mooz pix,PR,Maringá,Malbec Desodorante Colônia 100ml,3,209.9,84.0,Perfumaria Masculina,REV0008,,,,,,,
VND00243,2025-11-06 15:06:01,Ecomm mono,mooz pix,RJ,Nova Iguaçu,Lily Lumière Eau de Parfum 75ml,2,329.9,145.0,Perfumaria Feminina,,CLI0195,Feminino,1996-01-12,Melhor creme da vida.,Entregue no Prazo,,Não
VND00243,2025-11-06 15:06:01,Ecomm mono,mooz pix,RJ,Nova Iguaçu,Malbec Desodorante Colônia 100ml,1,209.9,84.0,Perfumaria Masculina,,CLI0195,Feminino,1996-01-12,Melhor creme da vida.,Entregue no Prazo,,Não
VND00244,2025-06-26 12:31:25,lojas,mooz cartões,SC,Blumenau,Malbec Desodorante Colônia 100ml,3,209.9,84.0,Perfumaria Masculina,FRQ022,,,,,,,
VND00245,2025-05-28 19:03:40,Ecomm mono,mooz pix,SP,São Carlos,Malbec Desodorante Colônia 100ml,4,209.9,84.0,Perfumaria Masculina,,CLI0016,Masculino,1996-04-23,Chegou super rápido.,Entregue no Prazo,,Não
VND00245,2025-05-28 19:03:40,Ecomm mono,mooz pix,SP,São Carlos,Malbec Gold Desodorante Colônia 100ml,2,195.9,78.0,Perfumaria Masculina,,CLI0016,Masculino,1996-04-23,Chegou super rápido.,Entregue no Prazo,,Não
VND00246,2025-08-09 20:19:58,Ecomm mono,mooz pix,SP,Santo André,Lily Creme Acetinado Hidratante Corporal 250g,2,149.9,45.0,Perfumaria Feminina,,CLI0068,Masculino,1966-04-07,,Entregue no Prazo,,Não
VND00246,2025-08-09 20:19:58,Ecomm mono,mooz pix,SP,Santo André,Floratta Red Desodorante Colônia 75ml,2,229.9,92.0,Perfumaria Feminina,,CLI0068,Masculino,1966-04-07,,Entregue no Prazo,,Não
VND00247,2026-02-27 15:59:36,lojas,mooz pix,SC,Florianópolis,Malbec Desodorante Colônia 100ml,1,209.9,84.0,Perfumaria Masculina,FRQ018,,,,,,,
VND00247,2026-02-27 15:59:36,lojas,mooz pix,SC,Florianópolis,Lily Creme Acetinado Hidratante Corporal 250g,2,149.9,45.0,Perfumaria Feminina,FRQ018,,,,,,,
VND00248,2024-11-06 19:59:52,Ecomm mono,mooz cartões,SP,Bauru,Lily Lumière Eau de Parfum 75ml,2,329.9,145.0,Perfumaria Feminina,,CLI0097,Feminino,1968-05-04,A entrega atrasou muito.,Entregue com Atraso,,Não
VND00248,2024-11-06 19:59:52,Ecomm mono,mooz cartões,SP,Bauru,Malbec Gold Desodorante Colônia 100ml,1,195.9,78.0,Perfumaria Masculina,,CLI0097,Feminino,1968-05-04,A entrega atrasou muito.,Entregue com Atraso,,Não
VND00249,2025-12-05 20:08:32,Ecomm multi,mooz pix,SP,Santos,Cuide-se Bem Loção Corporal Deleite 200ml,2,78.9,24.0,Cuidados e Corpo,,CLI0199,Não-binário,2005-03-14,Amei o cheiro!,Entregue no Prazo,QUERO10,Sim
VND00250,2024-03-08 19:28:55,Ecomm multi,mooz pix,RS,Passo Fundo,Malbec Desodorante Colônia 100ml,4,209.9,84.0,Perfumaria Masculina,,CLI0235,Masculino,1965-04-04,,Entregue no Prazo,,Não
VND00250,2024-03-08 19:28:55,Ecomm multi,mooz pix,RS,Passo Fundo,Shampoo Match Escudo De Hidratação 300ml,1,47.9,14.0,Cabelos,,CLI0235,Masculino,1965-04-04,,Entregue no Prazo,,Não
VND00251,2026-06-17 20:15:33,Ecomm multi,mooz cartões,RS,Canoas,Lily Lumière Eau de Parfum 75ml,4,329.9,145.0,Perfumaria Feminina,,CLI0199,Não-binário,2005-03-14,,Entregue no Prazo,,Não
VND00252,2025-04-17 13:18:39,VD,outros meios de pagamento,SP,Santo André,Make B. Base Líquida Mate Salicylic 30g,4,109.9,38.0,Maquiagem e Skincare,REV0019,,,,,,,
VND00253,2025-05-27 12:49:37,lojas,mooz pix,AM,Parintins,Lily Creme Acetinado Hidratante Corporal 250g,4,149.9,45.0,Perfumaria Feminina,FRQ011,,,,,,,
VND00254,2026-06-22 12:16:20,lojas,outros meios de pagamento,MG,Uberlândia,Cuide-se Bem Loção Corporal Deleite 200ml,3,78.9,24.0,Cuidados e Corpo,FRQ003,,,,,,,
VND00255,2025-12-25 20:50:32,lojas,mooz pix,BA,Camaçari,Floratta Red Desodorante Colônia 75ml,3,229.9,92.0,Perfumaria Feminina,FRQ013,,,,,,,
VND00256,2025-04-01 20:11:07,lojas,mooz cartões,PE,Recife,Malbec Desodorante Colônia 100ml,2000,209.9,84.0,Perfumaria Masculina,FRQ020,,,,,,,
VND00257,2024-08-31 19:42:30,Ecomm multi,mooz pix,SP,São José dos Campos,Make B. Base Líquida Mate Salicylic 30g,2,109.9,38.0,Maquiagem e Skincare,,CLI0041,Feminino,2006-12-09,,Entregue no Prazo,BOTAO20,Não
VND00258,2024-05-31 12:22:02,lojas,mooz cartões,RS,Santa Maria,Make B. Base Líquida Mate Salicylic 30g,1,109.9,38.0,Maquiagem e Skincare,FRQ019,,,,,,,
VND00258,2024-05-31 12:22:02,lojas,mooz cartões,RS,Santa Maria,Malbec Desodorante Colônia 100ml,2,209.9,84.0,Perfumaria Masculina,FRQ019,,,,,,,
VND00259,2025-12-09 19:36:50,lojas,mooz pix,MS,Dourados,Malbec Desodorante Colônia 100ml,3,209.9,84.0,Perfumaria Masculina,FRQ030,,,,,,,
VND00260,2025-07-17 20:30:08,VD,outros meios de pagamento,SP,Franca,Make B. Base Líquida Mate Salicylic 30g,2,109.9,38.0,Maquiagem e Skincare,REV0036,,,,,,,
VND00261,2025-09-18 22:36:46,VD,mooz pix,DF,Brasília,Lily Creme Acetinado Hidratante Corporal 250g,3,149.9,45.0,Perfumaria Feminina,REV0041,,,,,,,
VND00262,2025-05-24 08:11:56,lojas,outros meios de pagamento,PE,Caruaru,Malbec Gold Desodorante Colônia 100ml,4,195.9,78.0,Perfumaria Masculina,FRQ007,,,,,,,
VND00263,2024-12-07 20:51:40,lojas,mooz cartões,SP,Jundiaí,Lily Lumière Eau de Parfum 75ml,1,329.9,145.0,Perfumaria Feminina,FRQ007,,,,,,,
VND00263,2024-12-07 20:51:40,lojas,mooz cartões,SP,Jundiaí,Malbec Desodorante Colônia 100ml,3,209.9,84.0,Perfumaria Masculina,FRQ007,,,,,,,
VND00264,2024-12-15 12:36:39,VD,mooz cartões,SP,Ribeirão Preto,Floratta Red Desodorante Colônia 75ml,4,229.9,92.0,Perfumaria Feminina,REV0043,,,,,,,
VND00265,2026-03-27 13:08:30,lojas,outros meios de pagamento,RS,Pelotas,Malbec Desodorante Colônia 100ml,4,209.9,84.0,Perfumaria Masculina,FRQ029,,,,,,,
VND00265,2026-03-27 13:08:30,lojas,outros meios de pagamento,RS,Pelotas,Malbec Gold Desodorante Colônia 100ml,1,195.9,78.0,Perfumaria Masculina,FRQ029,,,,,,,
VND00266,2024-11-02 19:43:20,VD,mooz cartões,BA,Camaçari,Malbec Gold Desodorante Colônia 100ml,3,195.9,78.0,Perfumaria Masculina,REV0088,,,,,,,
VND00267,2024-06-01 19:01:21,Ecomm multi,mooz cartões,GO,Aparecida de Goiânia,Lily Creme Acetinado Hidratante Corporal 250g,3,149.9,45.0,Perfumaria Feminina,,CLI0096,Feminino,2002-09-10,Melhor creme da vida.,Entregue no Prazo,,Não
VND00268,2024-11-05 12:19:11,VD,mooz pix,CE,Fortaleza,Malbec Desodorante Colônia 100ml,4,209.9,84.0,Perfumaria Masculina,REV0100,,,,,,,
VND00269,2025-05-27 08:21:59,Ecomm multi,mooz pix,MG,Montes Claros,Cuide-se Bem Loção Corporal Deleite 200ml,1,78.9,24.0,Cuidados e Corpo,,CLI0074,Não-binário,1991-08-07,,Entregue com Atraso,,Não
VND00270,2025-12-31 22:07:00,Ecomm mono,mooz cartões,RJ,Teresópolis,Lily Creme Acetinado Hidratante Corporal 250g,3,149.9,45.0,Perfumaria Feminina,,CLI0305,Não-binário,1969-04-17,,Entregue no Prazo,BOTAO20,Não
VND00270,2025-12-31 22:07:00,Ecomm mono,mooz cartões,RJ,Teresópolis,Floratta Red Desodorante Colônia 75ml,2,229.9,92.0,Perfumaria Feminina,,CLI0305,Não-binário,1969-04-17,,Entregue no Prazo,BOTAO20,Não
VND00271,2024-04-30 08:10:17,VD,mooz cartões,SE,Aracaju,Cuide-se Bem Loção Corporal Deleite 200ml,3,78.9,24.0,Cuidados e Corpo,REV0027,,,,,,,
VND00271,2024-04-30 08:10:17,VD,mooz cartões,SE,Aracaju,Lily Creme Acetinado Hidratante Corporal 250g,3,149.9,45.0,Perfumaria Feminina,REV0027,,,,,,,
VND00272,2024-06-24 13:39:57,Ecomm mono,mooz pix,SC,Florianópolis,Malbec Desodorante Colônia 100ml,1,209.9,84.0,Perfumaria Masculina,,CLI0067,Feminino,1963-07-24,,Entregue no Prazo,,Não
VND00273,2025-12-07 13:39:22,Ecomm mono,mooz pix,SP,Franca,Malbec Desodorante Colônia 100ml,1,209.9,84.0,Perfumaria Masculina,,CLI0102,Feminino,1965-11-14,,Entregue no Prazo,,Não
VND00274,2025-12-16 12:29:19,Ecomm multi,mooz pix,SP,Ribeirão Preto,Lily Creme Acetinado Hidratante Corporal 250g,3,149.9,45.0,Perfumaria Feminina,,CLI0115,Não-binário,2002-12-26,Suporte não responde.,Entregue no Prazo,,Não
VND00274,2025-12-16 12:29:19,Ecomm multi,mooz pix,SP,Ribeirão Preto,Malbec Gold Desodorante Colônia 100ml,4,195.9,78.0,Perfumaria Masculina,,CLI0115,Não-binário,2002-12-26,Suporte não responde.,Entregue no Prazo,,Não
VND00275,2024-12-25 20:54:10,Ecomm mono,mooz pix,SP,Mogi das Cruzes,Cuide-se Bem Loção Corporal Deleite 200ml,1,78.9,24.0,Cuidados e Corpo,,CLI0295,Não-binário,2001-02-28,,Entregue com Atraso,,Não
VND00276,2025-06-29 12:37:26,lojas,outros meios de pagamento,RJ,Nova Iguaçu,Cuide-se Bem Loção Corporal Deleite 200ml,4,78.9,24.0,Cuidados e Corpo,FRQ018,,,,,,,
VND00277,2025-08-28 15:27:36,Ecomm mono,mooz cartões,RJ,Petrópolis,Malbec Desodorante Colônia 100ml,1,209.9,84.0,Perfumaria Masculina,,CLI0340,Feminino,2000-08-23,Melhor creme da vida.,Entregue no Prazo,,Não
VND00277,2025-08-28 15:27:36,Ecomm mono,mooz cartões,RJ,Petrópolis,Botik Sérum Alta Potência Ácido Hialurônico 30ml,1,169.9,59.0,Maquiagem e Skincare,,CLI0340,Feminino,2000-08-23,Melhor creme da vida.,Entregue no Prazo,,Não
VND00278,2024-06-29 12:25:04,VD,outros meios de pagamento,DF,Brasília,Floratta Red Desodorante Colônia 75ml,2,229.9,92.0,Perfumaria Feminina,REV0083,,,,,,,
VND00278,2024-06-29 12:25:04,VD,outros meios de pagamento,DF,Brasília,Lily Creme Acetinado Hidratante Corporal 250g,1,149.9,45.0,Perfumaria Feminina,REV0083,,,,,,,
VND00279,2025-11-07 12:34:18,Ecomm multi,mooz pix,SP,Ribeirão Preto,Malbec Desodorante Colônia 100ml,3,209.9,84.0,Perfumaria Masculina,,CLI0106,Feminino,1967-02-23,Chegou super rápido.,Entregue com Atraso,,Não
VND00280,2025-08-19 20:32:25,lojas,mooz pix,RJ,Rio de Janeiro,Malbec Desodorante Colônia 100ml,2000,209.9,84.0,Perfumaria Masculina,FRQ018,,,,,,,
VND00281,2024-08-28 22:37:25,Ecomm mono,mooz pix,MA,Imperatriz,Botik Sérum Alta Potência Ácido Hialurônico 30ml,4,169.9,59.0,Maquiagem e Skincare,,CLI0196,Não-binário,2002-06-03,,Entregue no Prazo,,Não
VND00282,2024-06-06 12:55:42,lojas,mooz cartões,RJ,Rio de Janero,Cuide-se Bem Loção Corporal Deleite 200ml,4,78.9,24.0,Cuidados e Corpo,FRQ005,,,,,,,
VND00282,2024-06-06 12:55:42,lojas,mooz cartões,RJ,Rio de Janero,Malbec Desodorante Colônia 100ml,2,209.9,84.0,Perfumaria Masculina,FRQ005,,,,,,,
VND00283,2025-12-30 20:26:59,Ecomm mono,mooz cartões,SP,São Paulo,Lily Lumière Eau de Parfum 75ml,3,329.9,145.0,Perfumaria Feminina,,CLI0361,Feminino,1997-06-01,,Entregue com Atraso,BOTAO20,Sim
VND00283,2025-12-30 20:26:59,Ecomm mono,mooz cartões,SP,São Paulo,Floratta Red Desodorante Colônia 75ml,1,229.9,92.0,Perfumaria Feminina,,CLI0361,Feminino,1997-06-01,,Entregue com Atraso,BOTAO20,Sim
VND00284,2025-11-15 12:40:34,Ecomm mono,mooz cartões,MA,Imperatriz,Malbec Desodorante Colônia 100ml,3,209.9,84.0,Perfumaria Masculina,,CLI0274,Feminino,1995-07-03,,Entregue no Prazo,,Não
VND00285,2024-09-23 08:30:37,lojas,outros meios de pagamento,PA,Belém,Make B. Base Líquida Mate Salicylic 30g,1,109.9,38.0,Maquiagem e Skincare,FRQ022,,,,,,,
VND00286,2024-03-25 20:04:54,Ecomm mono,mooz pix,PR,Maringá,Malbec Desodorante Colônia 100ml,2,209.9,84.0,Perfumaria Masculina,,CLI0316,Não-binário,1990-02-08,Chegou super rápido.,Entregue no Prazo,BOTAO20,Sim
VND00287,2025-11-07 13:40:10,lojas,outros meios de pagamento,RJ,Nova Friburgo,Malbec Desodorante Colônia 100ml,3,209.9,84.0,Perfumaria Masculina,FRQ027,,,,,,,
VND00288,2024-04-28 20:29:25,Ecomm multi,mooz pix,MG,Ipatinga,Malbec Desodorante Colônia 100ml,2,209.9,84.0,Perfumaria Masculina,,CLI0383,Masculino,1968-09-02,Melhor creme da vida.,Entregue no Prazo,,Sim
VND00289,2025-03-21 20:59:51,Ecomm multi,mooz pix,SP,Jundiaí,Lily Creme Acetinado Hidratante Corporal 250g,4,149.9,45.0,Perfumaria Feminina,,CLI0162,Feminino,1968-03-08,,Entregue no Prazo,BOTAO20,Não
VND00289,2025-03-21 20:59:51,Ecomm multi,mooz pix,SP,Jundiaí,Floratta Red Desodorante Colônia 75ml,3,229.9,92.0,Perfumaria Feminina,,CLI0162,Feminino,1968-03-08,,Entregue no Prazo,BOTAO20,Não
VND00290,2026-02-27 20:21:43,lojas,mooz pix,SP,Santo André,Floratta Red Desodorante Colônia 75ml,500,229.9,92.0,Perfumaria Feminina,FRQ001,,,,,,,
VND00290,2026-02-27 20:21:43,lojas,mooz pix,SP,Santo André,Lily Lumière Eau de Parfum 75ml,1,329.9,145.0,Perfumaria Feminina,FRQ001,,,,,,,
VND00291,2024-12-25 13:18:16,lojas,mooz cartões,MA,São Luís,Cuide-se Bem Loção Corporal Deleite 200ml,2,78.9,24.0,Cuidados e Corpo,FRQ020,,,,,,,
VND00292,2025-10-15 20:07:05,lojas,mooz pix,PE,Olinda,Make B. Base Líquida Mate Salicylic 30g,3,109.9,38.0,Maquiagem e Skincare,FRQ029,,,,,,,
VND00293,2024-09-20 20:04:17,VD,mooz pix,PE,Petrolina,Floratta Red Desodorante Colônia 75ml,3,229.9,92.0,Perfumaria Feminina,REV0043,,,,,,,
VND00294,2024-04-21 20:49:27,lojas,outros meios de pagamento,PR,Londrina,Cuide-se Bem Loção Corporal Deleite 200ml,1,78.9,24.0,Cuidados e Corpo,FRQ030,,,,,,,
VND00295,2025-11-11 12:09:44,Ecomm mono,mooz pix,MA,São Luís,Malbec Desodorante Colônia 100ml,1,209.9,84.0,Perfumaria Masculina,,CLI0264,Não-binário,1978-11-13,,Entregue no Prazo,,Não
VND00296,2025-12-06 20:30:07,Ecomm mono,mooz pix,SP,Jundiaí,Cuide-se Bem Loção Corporal Deleite 200ml,4,78.9,24.0,Cuidados e Corpo,,CLI0156,Não-binário,1995-08-06,,Entregue com Atraso,BOTAO20,Sim
VND00297,2026-01-22 12:02:12,VD,outros meios de pagamento,BA,Camaçari,Shampoo Match Escudo De Hidratação 300ml,3,47.9,14.0,Cabelos,REV0031,,,,,,,
VND00298,2024-01-17 19:03:21,VD,mooz pix,SP,Campinas,Malbec Desodorante Colônia 100ml,4,209.9,84.0,Perfumaria Masculina,REV0028,,,,,,,
VND00298,2024-01-17 19:03:21,VD,mooz pix,SP,Campinas,Floratta Red Desodorante Colônia 75ml,2,229.9,92.0,Perfumaria Feminina,REV0028,,,,,,,
VND00299,2025-09-25 22:44:41,lojas,mooz cartões,PR,Maringá,Malbec Desodorante Colônia 100ml,1,209.9,84.0,Perfumaria Masculina,FRQ021,,,,,,,
VND00300,2024-04-18 19:38:51,lojas,mooz cartões,MG,Ouro Preto,Cuide-se Bem Loção Corporal Deleite 200ml,4,78.9,24.0,Cuidados e Corpo,FRQ014,,,,,,,
VND00301,2025-12-01 12:08:20,lojas,mooz cartões,SC,Criciúma,Lily Lumière Eau de Parfum 75ml,3,329.9,145.0,Perfumaria Feminina,FRQ006,,,,,,,
VND00302,2025-03-01 22:23:35,lojas,mooz pix,SP,Ribeirão Preto,Floratta Red Desodorante Colônia 75ml,1,229.9,92.0,Perfumaria Feminina,FRQ030,,,,,,,
VND00302,2025-03-01 22:23:35,lojas,mooz pix,SP,Ribeirão Preto,Make B. Base Líquida Mate Salicylic 30g,4,109.9,38.0,Maquiagem e Skincare,FRQ030,,,,,,,
VND00303,2024-03-23 12:11:59,VD,outros meios de pagamento,DF,Brasília,Floratta Red Desodorante Colônia 75ml,2,229.9,92.0,Perfumaria Feminina,REV0099,,,,,,,
VND00304,2025-03-04 12:15:12,VD,outros meios de pagamento,SP,Campinas,Cuide-se Bem Loção Corporal Deleite 200ml,2,78.9,24.0,Cuidados e Corpo,REV0080,,,,,,,
VND00305,2024-10-10 12:07:50,lojas,outros meios de pagamento,ES,Vila Velha,Malbec Gold Desodorante Colônia 100ml,1,195.9,78.0,Perfumaria Masculina,FRQ016,,,,,,,
VND00306,2025-03-21 19:39:51,Ecomm multi,mooz cartões,SP,Campinas,Botik Sérum Alta Potência Ácido Hialurônico 30ml,1,169.9,59.0,Maquiagem e Skincare,,CLI0380,Masculino,1969-11-16,,Entregue no Prazo,QUERO10,Não
VND00307,2025-08-16 22:12:47,Ecomm mono,mooz cartões,SC,Florianópolis,Cuide-se Bem Loção Corporal Deleite 200ml,2,78.9,24.0,Cuidados e Corpo,,CLI0167,Feminino,1996-07-16,Amei o cheiro!,Entregue no Prazo,,Sim
VND00308,2026-06-30 12:13:59,Ecomm multi,mooz cartões,SP,Mauá,Lily Creme Acetinado Hidratante Corporal 250g,2,149.9,45.0,Perfumaria Feminina,,CLI0192,Feminino,1997-12-27,,Entregue no Prazo,MAES15,Sim
VND00309,2025-08-05 20:08:07,Ecomm multi,mooz pix,RS,Pelotas,Malbec Desodorante Colônia 100ml,2,209.9,84.0,Perfumaria Masculina,,CLI0088,Masculino,1975-05-13,Chegou super rápido.,Entregue no Prazo,QUERO10,Sim
VND00309,2025-08-05 20:08:07,Ecomm multi,mooz pix,RS,Pelotas,Botik Sérum Alta Potência Ácido Hialurônico 30ml,2,169.9,59.0,Maquiagem e Skincare,,CLI0088,Masculino,1975-05-13,Chegou super rápido.,Entregue no Prazo,QUERO10,Sim
VND00310,2026-05-27 13:55:13,Ecomm multi,mooz pix,RJ,Duque de Caxias,Cuide-se Bem Loção Corporal Deleite 200ml,2,78.9,24.0,Cuidados e Corpo,,CLI0008,Masculino,1960-03-23,,Entregue no Prazo,,Sim
VND00310,2026-05-27 13:55:13,Ecomm multi,mooz pix,RJ,Duque de Caxias,Floratta Red Desodorante Colônia 75ml,4,229.9,92.0,Perfumaria Feminina,,CLI0008,Masculino,1960-03-23,,Entregue no Prazo,,Sim
VND00311,2024-09-03 12:48:00,Ecomm multi,mooz cartões,SP,Santos,Floratta Red Desodorante Colônia 75ml,3,229.9,92.0,Perfumaria Feminina,,CLI0184,Feminino,1975-04-27,Chegou super rápido.,Entregue no Prazo,,Não
VND00312,2025-02-19 13:55:23,Ecomm multi,mooz cartões,AM,Itacoatiara,Lily Creme Acetinado Hidratante Corporal 250g,3,149.9,45.0,Perfumaria Feminina,,CLI0037,Não-binário,1993-05-18,,Entregue no Prazo,,Sim
VND00313,2026-03-24 15:43:05,Ecomm mono,mooz cartões,RJ,Macaé,Malbec Gold Desodorante Colônia 100ml,3,195.9,78.0,Perfumaria Masculina,,CLI0346,Feminino,1986-11-04,,Entregue no Prazo,MAES15,Sim
VND00314,2026-03-03 13:21:15,VD,outros meios de pagamento,SE,Aracaju,Lily Creme Acetinado Hidratante Corporal 250g,2,149.9,45.0,Perfumaria Feminina,REV0095,,,,,,,
VND00314,2026-03-03 13:21:15,VD,outros meios de pagamento,SE,Aracaju,Make B. Base Líquida Mate Salicylic 30g,3,109.9,38.0,Maquiagem e Skincare,REV0095,,,,,,,
VND00315,2025-03-09 12:04:23,Ecomm mono,mooz pix,SP,São José dos Campos,Floratta Red Desodorante Colônia 75ml,3,229.9,92.0,Perfumaria Feminina,,CLI0257,Feminino,2003-05-19,,Entregue no Prazo,,Sim
VND00315,2025-03-09 12:04:23,Ecomm mono,mooz pix,SP,São José dos Campos,Malbec Gold Desodorante Colônia 100ml,1,195.9,78.0,Perfumaria Masculina,,CLI0257,Feminino,2003-05-19,,Entregue no Prazo,,Sim
VND00316,2026-06-24 08:05:25,lojas,mooz pix,MG,Uberlândia,Make B. Base Líquida Mate Salicylic 30g,2,109.9,38.0,Maquiagem e Skincare,FRQ004,,,,,,,
VND00317,2026-06-14 12:40:01,Ecomm mono,mooz pix,CE,Sobral,Lily Lumière Eau de Parfum 75ml,3,329.9,145.0,Perfumaria Feminina,,CLI0278,Feminino,1989-09-05,,Entregue no Prazo,,Não
VND00317,2026-06-14 12:40:01,Ecomm mono,mooz pix,CE,Sobral,Floratta Red Desodorante Colônia 75ml,2,229.9,92.0,Perfumaria Feminina,,CLI0278,Feminino,1989-09-05,,Entregue no Prazo,,Não
VND00318,2024-11-30 20:42:44,Ecomm multi,mooz pix,PR,Cascavel,Malbec Desodorante Colônia 100ml,1,209.9,84.0,Perfumaria Masculina,,CLI0291,Masculino,1966-08-04,O produto veio quebrado.,Entregue no Prazo,MAES15,Sim
VND00319,2024-10-19 15:11:53,lojas,mooz cartões,PR,Foz do Iguaçu,Cuide-se Bem Loção Corporal Deleite 200ml,2,78.9,24.0,Cuidados e Corpo,FRQ004,,,,,,,
VND00320,2025-01-13 19:35:45,VD,outros meios de pagamento,SP,Sorocaba,Malbec Desodorante Colônia 100ml,2,209.9,84.0,Perfumaria Masculina,REV0045,,,,,,,
VND00321,2026-02-25 20:29:59,Ecomm mono,mooz cartões,RJ,Rio de Janeiro,Lily Creme Acetinado Hidratante Corporal 250g,2,149.9,45.0,Perfumaria Feminina,,CLI0280,Feminino,1964-05-25,Melhor creme da vida.,Entregue no Prazo,,Não
VND00322,2024-02-11 12:35:07,Ecomm mono,mooz cartões,ES,Vila Velha,Cuide-se Bem Loção Corporal Deleite 200ml,2,78.9,24.0,Cuidados e Corpo,,CLI0317,Não-binário,1996-06-19,,Entregue no Prazo,QUERO10,Sim
VND00322,2024-02-11 12:35:07,Ecomm mono,mooz cartões,ES,Vila Velha,Malbec Gold Desodorante Colônia 100ml,2,195.9,78.0,Perfumaria Masculina,,CLI0317,Não-binário,1996-06-19,,Entregue no Prazo,QUERO10,Sim
VND00323,2025-02-07 19:20:38,VD,outros meios de pagamento,SP,Sorocaba,Malbec Desodorante Colônia 100ml,4,209.9,84.0,Perfumaria Masculina,REV0051,,,,,,,
VND00324,2025-01-16 13:22:22,Ecomm mono,mooz pix,MG,Divinópolis,Malbec Desodorante Colônia 100ml,3,209.9,84.0,Perfumaria Masculina,,CLI0045,Feminino,1994-09-01,,Entregue no Prazo,,Não
VND00325,2025-02-28 20:37:38,VD,mooz cartões,CE,Fortaleza,Cuide-se Bem Loção Corporal Deleite 200ml,3,78.9,24.0,Cuidados e Corpo,REV0039,,,,,,,
VND00326,2024-03-31 12:40:58,Ecomm mono,mooz pix,MG,Juiz de Fora,Malbec Desodorante Colônia 100ml,4,209.9,84.0,Perfumaria Masculina,,CLI0285,Não-binário,1989-06-28,,Entregue no Prazo,,Sim
VND00327,2025-05-17 22:52:19,Ecomm mono,mooz pix,SP,Santo André,Floratta Red Desodorante Colônia 75ml,3,229.9,92.0,Perfumaria Feminina,,CLI0379,Não-binário,1980-11-09,,Entregue no Prazo,BOTAO20,Sim
VND00327,2025-05-17 22:52:19,Ecomm mono,mooz pix,SP,Santo André,Cuide-se Bem Loção Corporal Deleite 200ml,2,78.9,24.0,Cuidados e Corpo,,CLI0379,Não-binário,1980-11-09,,Entregue no Prazo,BOTAO20,Sim
VND00328,2025-08-02 19:16:40,Ecomm multi,mooz cartões,SP,Sorocaba,Lily Lumière Eau de Parfum 75ml,2,329.9,145.0,Perfumaria Feminina,,CLI0263,Feminino,1981-07-23,,Entregue no Prazo,,Não
VND00329,2024-12-31 12:17:23,Ecomm multi,mooz pix,RJ,Rio de Janeiro,Malbec Desodorante Colônia 100ml,3,209.9,84.0,Perfumaria Masculina,,CLI0272,Não-binário,1967-01-21,,Entregue com Atraso,QUERO10,Sim
VND00329,2024-12-31 12:17:23,Ecomm multi,mooz pix,RJ,Rio de Janeiro,Malbec Gold Desodorante Colônia 100ml,3,195.9,78.0,Perfumaria Masculina,,CLI0272,Não-binário,1967-01-21,,Entregue com Atraso,QUERO10,Sim
VND00330,2025-12-15 12:06:34,Ecomm mono,mooz cartões,ES,Vitória,Shampoo Match Escudo De Hidratação 300ml,2,47.9,14.0,Cabelos,,CLI0071,Feminino,1964-08-26,,Entregue no Prazo,,Não
VND00331,2026-05-01 12:57:35,VD,mooz pix,SP,São José dos Campos,Malbec Desodorante Colônia 100ml,1,209.9,84.0,Perfumaria Masculina,REV0010,,,,,,,
VND00332,2024-12-16 19:19:01,VD,mooz cartões,RS,Caxias do Sul,Malbec Desodorante Colônia 100ml,3,209.9,84.0,Perfumaria Masculina,REV0089,,,,,,,
VND00333,2026-03-13 15:01:49,Ecomm multi,mooz pix,SP,Sao Paolo,Cuide-se Bem Loção Corporal Deleite 200ml,3,78.9,24.0,Cuidados e Corpo,,CLI0338,Não-binário,1961-10-18,,Entregue no Prazo,,Não
VND00334,2026-02-11 08:07:58,lojas,outros meios de pagamento,RS,Caxias do Sul,Shampoo Match Escudo De Hidratação 300ml,1,47.9,14.0,Cabelos,FRQ006,,,,,,,
VND00334,2026-02-11 08:07:58,lojas,outros meios de pagamento,RS,Caxias do Sul,Malbec Gold Desodorante Colônia 100ml,3,195.9,78.0,Perfumaria Masculina,FRQ006,,,,,,,
VND00335,2024-12-22 20:54:32,lojas,outros meios de pagamento,SP,Mogi das Cruzes,Make B. Base Líquida Mate Salicylic 30g,1,109.9,38.0,Maquiagem e Skincare,FRQ003,,,,,,,
VND00336,2026-01-02 19:18:10,VD,outros meios de pagamento,BA,Salvador,Lily Creme Acetinado Hidratante Corporal 250g,4,149.9,45.0,Perfumaria Feminina,REV0028,,,,,,,
VND00336,2026-01-02 19:18:10,VD,outros meios de pagamento,BA,Salvador,Floratta Red Desodorante Colônia 75ml,4,229.9,92.0,Perfumaria Feminina,REV0028,,,,,,,
VND00337,2024-04-19 19:22:24,Ecomm multi,mooz cartões,SC,Criciúma,Malbec Desodorante Colônia 100ml,2,209.9,84.0,Perfumaria Masculina,,CLI0117,Feminino,1984-01-28,Chegou super rápido.,Entregue no Prazo,,Sim
VND00338,2026-05-11 12:35:26,Ecomm mono,mooz pix,SP,Ribeirão Preto,Malbec Desodorante Colônia 100ml,4,209.9,84.0,Perfumaria Masculina,,CLI0036,Feminino,1984-07-20,,Entregue no Prazo,BOTAO20,Não
VND00339,2024-05-02 22:25:44,VD,outros meios de pagamento,SP,São Carlos,Malbec Desodorante Colônia 100ml,2,209.9,84.0,Perfumaria Masculina,REV0022,,,,,,,
VND00340,2025-02-17 20:53:27,Ecomm multi,mooz pix,PR,Cascavel,Lily Lumière Eau de Parfum 75ml,4,329.9,145.0,Perfumaria Feminina,,CLI0388,Feminino,1969-11-16,,Entregue no Prazo,,Não
VND00340,2025-02-17 20:53:27,Ecomm multi,mooz pix,PR,Cascavel,Cuide-se Bem Loção Corporal Deleite 200ml,2,78.9,24.0,Cuidados e Corpo,,CLI0388,Feminino,1969-11-16,,Entregue no Prazo,,Não
VND00341,2024-04-20 12:31:31,lojas,outros meios de pagamento,AP,Macapá,Botik Sérum Alta Potência Ácido Hialurônico 30ml,1,169.9,59.0,Maquiagem e Skincare,FRQ001,,,,,,,
VND00342,2024-11-30 20:39:39,VD,mooz cartões,SP,Jundiaí,Floratta Red Desodorante Colônia 75ml,4,229.9,92.0,Perfumaria Feminina,REV0097,,,,,,,
VND00342,2024-11-30 20:39:39,VD,mooz cartões,SP,Jundiaí,Malbec Desodorante Colônia 100ml,4,209.9,84.0,Perfumaria Masculina,REV0097,,,,,,,
VND00343,2026-05-30 12:01:48,VD,mooz pix,SP,São Carlos,Lily Creme Acetinado Hidratante Corporal 250g,4,149.9,45.0,Perfumaria Feminina,REV0016,,,,,,,
VND00344,2024-02-06 08:35:42,Ecomm mono,mooz cartões,SC,Chapecó,Lily Creme Acetinado Hidratante Corporal 250g,4,149.9,45.0,Perfumaria Feminina,,CLI0221,Feminino,1994-12-06,Amei o cheiro!,Entregue no Prazo,,Não
VND00345,2025-12-02 13:30:30,lojas,outros meios de pagamento,RJ,Rio de Janeiro,Botik Sérum Alta Potência Ácido Hialurônico 30ml,3,169.9,59.0,Maquiagem e Skincare,FRQ016,,,,,,,
VND00345,2025-12-02 13:30:30,lojas,outros meios de pagamento,RJ,Rio de Janeiro,Malbec Desodorante Colônia 100ml,1,209.9,84.0,Perfumaria Masculina,FRQ016,,,,,,,
VND00346,2024-02-16 08:23:22,VD,outros meios de pagamento,ES,Vila Velha,Lily Creme Acetinado Hidratante Corporal 250g,3,149.9,45.0,Perfumaria Feminina,REV0049,,,,,,,
VND00347,2024-09-10 20:19:37,VD,outros meios de pagamento,MG,Uberlândia,Make B. Base Líquida Mate Salicylic 30g,1,109.9,38.0,Maquiagem e Skincare,REV0040,,,,,,,
VND00348,2026-06-03 15:32:57,Ecomm multi,mooz pix,RJ,Rio de Janeiro,Lily Lumière Eau de Parfum 75ml,1,329.9,145.0,Perfumaria Feminina,,CLI0302,Feminino,1988-03-23,,Entregue no Prazo,,Não
VND00349,2025-11-14 15:39:19,Ecomm mono,mooz pix,SP,Ribeirão Preto,Floratta Red Desodorante Colônia 75ml,4,229.9,92.0,Perfumaria Feminina,,CLI0255,Feminino,1987-12-11,,Entregue com Atraso,MAES15,Sim
VND00350,2025-08-15 20:21:17,VD,outros meios de pagamento,SP,Bauru,Cuide-se Bem Loção Corporal Deleite 200ml,3,78.9,24.0,Cuidados e Corpo,REV0068,,,,,,,
VND00351,2024-11-16 15:25:16,Ecomm multi,mooz cartões,SP,São Carlos,Botik Sérum Alta Potência Ácido Hialurônico 30ml,4,169.9,59.0,Maquiagem e Skincare,,CLI0010,Feminino,1981-02-03,,Entregue com Atraso,,Não
VND00351,2024-11-16 15:25:16,Ecomm multi,mooz cartões,SP,São Carlos,Malbec Desodorante Colônia 100ml,4,209.9,84.0,Perfumaria Masculina,,CLI0010,Feminino,1981-02-03,,Entregue com Atraso,,Não
VND00352,2025-06-18 08:29:09,lojas,mooz cartões,MG,Contagem,Lily Creme Acetinado Hidratante Corporal 250g,1,149.9,45.0,Perfumaria Feminina,FRQ028,,,,,,,
VND00353,2026-05-16 08:52:18,lojas,mooz pix,RJ,Teresópolis,Lily Lumière Eau de Parfum 75ml,1,329.9,145.0,Perfumaria Feminina,FRQ020,,,,,,,
VND00354,2026-04-27 13:31:35,Ecomm multi,mooz pix,ES,Serra,Malbec Gold Desodorante Colônia 100ml,2,195.9,78.0,Perfumaria Masculina,,CLI0019,Feminino,1984-05-15,Amei o cheiro!,Entregue no Prazo,MAES15,Sim
VND00355,2024-05-23 22:36:47,VD,outros meios de pagamento,SP,Jundiaí,Floratta Red Desodorante Colônia 75ml,1,229.9,92.0,Perfumaria Feminina,REV0075,,,,,,,
VND00355,2024-05-23 22:36:47,VD,outros meios de pagamento,SP,Jundiaí,Malbec Gold Desodorante Colônia 100ml,3,195.9,78.0,Perfumaria Masculina,REV0075,,,,,,,
VND00356,2024-08-11 20:11:13,Ecomm mono,mooz pix,SP,Mauá,Lily Creme Acetinado Hidratante Corporal 250g,3,149.9,45.0,Perfumaria Feminina,,CLI0131,Feminino,1983-07-03,Melhor creme da vida.,Entregue no Prazo,,Não
VND00356,2024-08-11 20:11:13,Ecomm mono,mooz pix,SP,Mauá,Malbec Desodorante Colônia 100ml,2,209.9,84.0,Perfumaria Masculina,,CLI0131,Feminino,1983-07-03,Melhor creme da vida.,Entregue no Prazo,,Não
VND00357,2024-05-28 12:45:23,Ecomm mono,mooz cartões,SP,Jundiaí,Malbec Gold Desodorante Colônia 100ml,4,195.9,78.0,Perfumaria Masculina,,CLI0311,Masculino,2002-01-26,,Entregue no Prazo,,Não
VND00357,2024-05-28 12:45:23,Ecomm mono,mooz cartões,SP,Jundiaí,Shampoo Match Escudo De Hidratação 300ml,3,47.9,14.0,Cabelos,,CLI0311,Masculino,2002-01-26,,Entregue no Prazo,,Não
VND00358,2025-12-02 13:55:15,Ecomm multi,mooz pix,SP,São Paulo,Cuide-se Bem Loção Corporal Deleite 200ml,4,78.9,24.0,Cuidados e Corpo,,CLI0202,Não-binário,1989-07-27,Chegou super rápido.,Entregue no Prazo,QUERO10,Sim
VND00359,2025-05-18 12:26:59,Ecomm mono,mooz pix,SP,São Carlos,Cuide-se Bem Loção Corporal Deleite 200ml,3,78.9,24.0,Cuidados e Corpo,,CLI0052,Não-binário,1973-09-25,Melhor creme da vida.,Entregue no Prazo,,Sim
VND00359,2025-05-18 12:26:59,Ecomm mono,mooz pix,SP,São Carlos,Floratta Red Desodorante Colônia 75ml,1,229.9,92.0,Perfumaria Feminina,,CLI0052,Não-binário,1973-09-25,Melhor creme da vida.,Entregue no Prazo,,Sim
VND00360,2025-10-05 19:36:05,VD,mooz cartões,PE,Olinda,Shampoo Match Escudo De Hidratação 300ml,2,47.9,14.0,Cabelos,REV0067,,,,,,,
VND00360,2025-10-05 19:36:05,VD,mooz cartões,PE,Olinda,Lily Lumière Eau de Parfum 75ml,3,329.9,145.0,Perfumaria Feminina,REV0067,,,,,,,
VND00361,2024-09-23 08:37:52,Ecomm mono,mooz pix,SP,Ribeirão Preto,Malbec Desodorante Colônia 100ml,2,209.9,84.0,Perfumaria Masculina,,CLI0044,Feminino,1969-06-25,Chegou super rápido.,Entregue no Prazo,,Sim
VND00362,2025-04-18 12:44:54,lojas,mooz cartões,MG,Uberaba,Make B. Base Líquida Mate Salicylic 30g,2,109.9,38.0,Maquiagem e Skincare,FRQ020,,,,,,,
VND00363,2025-01-11 12:36:07,VD,outros meios de pagamento,SP,Santo André,Lily Creme Acetinado Hidratante Corporal 250g,4,149.9,45.0,Perfumaria Feminina,REV0056,,,,,,,
VND00364,2025-12-31 15:55:52,Ecomm mono,mooz pix,SP,Piracicaba,Malbec Desodorante Colônia 100ml,4,209.9,84.0,Perfumaria Masculina,,CLI0254,Não-binário,1988-02-20,,Entregue com Atraso,MAES15,Sim
VND00364,2025-12-31 15:55:52,Ecomm mono,mooz pix,SP,Piracicaba,Botik Sérum Alta Potência Ácido Hialurônico 30ml,1,169.9,59.0,Maquiagem e Skincare,,CLI0254,Não-binário,1988-02-20,,Entregue com Atraso,MAES15,Sim
VND00365,2024-09-25 22:28:58,lojas,mooz pix,SP,Mogi das Cruzes,Botik Sérum Alta Potência Ácido Hialurônico 30ml,1,169.9,59.0,Maquiagem e Skincare,FRQ022,,,,,,,
VND00365,2024-09-25 22:28:58,lojas,mooz pix,SP,Mogi das Cruzes,Floratta Red Desodorante Colônia 75ml,4,229.9,92.0,Perfumaria Feminina,FRQ022,,,,,,,
VND00366,2025-12-31 08:27:47,Ecomm mono,mooz cartões,RJ,Niterói,Lily Creme Acetinado Hidratante Corporal 250g,1,,45.0,Perfumaria Feminina,,CLI0286,Feminino,2004-04-19,,Entregue no Prazo,,Não
VND00366,2025-12-31 08:27:47,Ecomm mono,mooz cartões,RJ,Niterói,Floratta Red Desodorante Colônia 75ml,4,229.9,92.0,Perfumaria Feminina,,CLI0286,Feminino,2004-04-19,,Entregue no Prazo,,Não
VND00367,2025-07-26 12:11:16,lojas,outros meios de pagamento,SP,São José dos Campos,Lily Creme Acetinado Hidratante Corporal 250g,2,149.9,45.0,Perfumaria Feminina,FRQ030,,,,,,,
VND00368,2025-12-28 20:09:16,VD,mooz pix,SP,São Paulo,Floratta Red Desodorante Colônia 75ml,4,229.9,92.0,Perfumaria Feminina,REV0064,,,,,,,
VND00369,2026-06-16 22:53:48,Ecomm mono,mooz pix,SP,Mauá,Lily Creme Acetinado Hidratante Corporal 250g,4,149.9,45.0,Perfumaria Feminina,,CLI0085,Feminino,1997-10-02,,Entregue no Prazo,,Não
VND00370,2024-06-01 08:11:02,Ecomm multi,mooz pix,SP,Santos,Cuide-se Bem Loção Corporal Deleite 200ml,3,78.9,24.0,Cuidados e Corpo,,CLI0362,Feminino,1976-01-05,,Entregue no Prazo,,Não
VND00371,2025-05-19 15:46:55,lojas,mooz cartões,RS,Gramado,Lily Creme Acetinado Hidratante Corporal 250g,2,149.9,45.0,Perfumaria Feminina,FRQ003,,,,,,,
VND00372,2025-11-10 19:37:00,lojas,mooz pix,CE,Fortaleza,Lily Lumière Eau de Parfum 75ml,3,329.9,145.0,Perfumaria Feminina,FRQ008,,,,,,,
VND00373,2024-05-04 12:37:59,VD,mooz pix,DF,Brasilia,Floratta Red Desodorante Colônia 75ml,3,229.9,92.0,Perfumaria Feminina,REV0091,,,,,,,
VND00373,2024-05-04 12:37:59,VD,mooz pix,DF,Brasilia,Malbec Desodorante Colônia 100ml,500,209.9,84.0,Perfumaria Masculina,REV0091,,,,,,,
VND00374,2026-01-31 20:38:24,VD,mooz pix,RJ,Duque de Caxias,Floratta Red Desodorante Colônia 75ml,4,229.9,92.0,Perfumaria Feminina,REV0023,,,,,,,
VND00375,2026-05-22 12:24:49,Ecomm multi,mooz pix,PR,Maringá,Malbec Desodorante Colônia 100ml,1,209.9,84.0,Perfumaria Masculina,,CLI0062,Feminino,2006-10-19,,Entregue no Prazo,,Não
VND00375,2026-05-22 12:24:49,Ecomm multi,mooz pix,PR,Maringá,Botik Sérum Alta Potência Ácido Hialurônico 30ml,4,169.9,59.0,Maquiagem e Skincare,,CLI0062,Feminino,2006-10-19,,Entregue no Prazo,,Não
VND00376,2025-03-12 13:32:21,Ecomm multi,mooz cartões,CE,Sobral,Lily Lumière Eau de Parfum 75ml,1,329.9,145.0,Perfumaria Feminina,,CLI0352,Feminino,1967-08-03,Melhor creme da vida.,Entregue no Prazo,,Não
VND00376,2025-03-12 13:32:21,Ecomm multi,mooz cartões,CE,Sobral,Cuide-se Bem Loção Corporal Deleite 200ml,4,78.9,24.0,Cuidados e Corpo,,CLI0352,Feminino,1967-08-03,Melhor creme da vida.,Entregue no Prazo,,Não
VND00377,2025-06-19 08:36:03,VD,mooz cartões,RJ,Macaé,Lily Creme Acetinado Hidratante Corporal 250g,1,149.9,45.0,Perfumaria Feminina,REV0014,,,,,,,
VND00377,2025-06-19 08:36:03,VD,mooz cartões,RJ,Macaé,Cuide-se Bem Loção Corporal Deleite 200ml,3,78.9,24.0,Cuidados e Corpo,REV0014,,,,,,,
VND00378,2025-08-22 20:32:01,VD,outros meios de pagamento,SC,Chapecó,Cuide-se Bem Loção Corporal Deleite 200ml,1,78.9,24.0,Cuidados e Corpo,REV0023,,,,,,,
VND00379,2024-11-17 13:29:48,Ecomm multi,mooz pix,BA,Vitória da Conquista,Lily Lumière Eau de Parfum 75ml,1,,145.0,Perfumaria Feminina,,CLI0096,Feminino,2002-09-10,,Entregue com Atraso,BOTAO20,Sim
VND00380,2024-04-29 12:41:30,Ecomm multi,mooz pix,SP,Franca,Malbec Gold Desodorante Colônia 100ml,3,195.9,78.0,Perfumaria Masculina,,CLI0337,Masculino,1966-11-08,,Entregue no Prazo,,Não
VND00380,2024-04-29 12:41:30,Ecomm multi,mooz pix,SP,Franca,Floratta Red Desodorante Colônia 75ml,4,229.9,92.0,Perfumaria Feminina,,CLI0337,Masculino,1966-11-08,,Entregue no Prazo,,Não
VND00381,2024-03-30 13:00:12,VD,mooz cartões,RJ,Nova Friburgo,Malbec Desodorante Colônia 100ml,2,209.9,84.0,Perfumaria Masculina,REV0025,,,,,,,
VND00382,2024-07-14 13:49:29,lojas,mooz pix,SP,Mauá,Malbec Desodorante Colônia 100ml,2,209.9,84.0,Perfumaria Masculina,FRQ001,,,,,,,
VND00383,2025-04-27 19:28:37,lojas,mooz cartões,PR,Cascavel,Floratta Red Desodorante Colônia 75ml,1,229.9,92.0,Perfumaria Feminina,FRQ019,,,,,,,
VND00384,2024-10-24 19:25:31,Ecomm multi,mooz cartões,RJ,Nova Friburgo,Lily Lumière Eau de Parfum 75ml,4,329.9,145.0,Perfumaria Feminina,,CLI0032,Não-binário,1997-07-12,Melhor creme da vida.,Entregue no Prazo,,Não
VND00384,2024-10-24 19:25:31,Ecomm multi,mooz cartões,RJ,Nova Friburgo,Lily Creme Acetinado Hidratante Corporal 250g,3,149.9,45.0,Perfumaria Feminina,,CLI0032,Não-binário,1997-07-12,Melhor creme da vida.,Entregue no Prazo,,Não
VND00385,2025-03-22 12:18:46,lojas,mooz pix,SP,Sorocaba,Malbec Gold Desodorante Colônia 100ml,3,195.9,78.0,Perfumaria Masculina,FRQ015,,,,,,,
VND00386,2025-11-03 13:56:18,Ecomm multi,mooz pix,ES,Serra,Floratta Red Desodorante Colônia 75ml,1,229.9,92.0,Perfumaria Feminina,,CLI0335,Feminino,1989-06-22,,Entregue no Prazo,,Não
VND00387,2024-05-12 20:10:38,Ecomm multi,mooz cartões,BA,Porto Seguro,Botik Sérum Alta Potência Ácido Hialurônico 30ml,2,169.9,59.0,Maquiagem e Skincare,,CLI0253,Masculino,2004-07-09,,Entregue no Prazo,,Não
VND00388,2024-12-11 12:39:14,VD,outros meios de pagamento,SP,Ribeirão Preto,Malbec Desodorante Colônia 100ml,3,209.9,84.0,Perfumaria Masculina,REV0063,,,,,,,
VND00389,2026-06-10 19:23:10,Ecomm mono,mooz pix,GO,Aparecida de Goiânia,Make B. Base Líquida Mate Salicylic 30g,2,109.9,38.0,Maquiagem e Skincare,,CLI0376,Feminino,1987-08-08,Amei o cheiro!,Entregue no Prazo,,Não
VND00390,2024-03-28 12:45:48,Ecomm multi,mooz pix,DF,Brasilia,Malbec Desodorante Colônia 100ml,3,209.9,84.0,Perfumaria Masculina,,CLI0117,Feminino,1984-01-28,,Entregue no Prazo,,Não
VND00391,2025-03-29 19:00:45,VD,mooz cartões,SP,Sorocaba,Malbec Desodorante Colônia 100ml,2,209.9,84.0,Perfumaria Masculina,REV0041,,,,,,,
VND00392,2025-12-31 13:56:33,Ecomm mono,mooz pix,BA,Porto Seguro,Malbec Gold Desodorante Colônia 100ml,2,195.9,78.0,Perfumaria Masculina,,CLI0349,Não-binário,1988-04-28,,Entregue no Prazo,,Não
VND00393,2024-03-27 19:21:24,lojas,outros meios de pagamento,RS,Canoas,Malbec Desodorante Colônia 100ml,3,209.9,84.0,Perfumaria Masculina,FRQ010,,,,,,,
VND00394,2024-01-24 13:50:34,Ecomm mono,mooz cartões,SP,Franca,Floratta Red Desodorante Colônia 75ml,3,229.9,92.0,Perfumaria Feminina,,CLI0397,Feminino,1965-12-17,,Entregue no Prazo,,Sim
VND00395,2025-06-03 12:03:48,VD,mooz pix,MG,Contagem,Cuide-se Bem Loção Corporal Deleite 200ml,2000,78.9,24.0,Cuidados e Corpo,REV0074,,,,,,,
VND00395,2025-06-03 12:03:48,VD,mooz pix,MG,Contagem,Malbec Desodorante Colônia 100ml,2,209.9,84.0,Perfumaria Masculina,REV0074,,,,,,,
VND00396,2025-11-19 19:24:33,lojas,mooz cartões,SP,Sorocaba,Botik Sérum Alta Potência Ácido Hialurônico 30ml,3,169.9,59.0,Maquiagem e Skincare,FRQ017,,,,,,,
VND00396,2025-11-19 19:24:33,lojas,mooz cartões,SP,Sorocaba,Lily Creme Acetinado Hidratante Corporal 250g,4,149.9,45.0,Perfumaria Feminina,FRQ017,,,,,,,
VND00397,2024-03-24 20:27:56,lojas,mooz pix,MG,Ouro Preto,Malbec Desodorante Colônia 100ml,4,209.9,84.0,Perfumaria Masculina,FRQ015,,,,,,,
VND00398,2026-06-11 19:31:40,Ecomm multi,mooz pix,AM,Itacoatiara,Floratta Red Desodorante Colônia 75ml,4,229.9,92.0,Perfumaria Feminina,,CLI0251,Masculino,1998-12-27,,Entregue no Prazo,,Não
VND00399,2026-02-03 08:35:23,VD,outros meios de pagamento,SP,Franca,Malbec Desodorante Colônia 100ml,3,209.9,84.0,Perfumaria Masculina,REV0053,,,,,,,
VND00400,2024-06-05 19:19:23,Ecomm mono,mooz pix,RJ,Angra dos Reis,Shampoo Match Escudo De Hidratação 300ml,3,47.9,14.0,Cabelos,,CLI0015,Masculino,2000-10-28,Amei o cheiro!,Entregue no Prazo,,Não
VND00401,2024-08-08 13:47:31,VD,mooz cartões,SP,Santo André,Cuide-se Bem Loção Corporal Deleite 200ml,4,78.9,24.0,Cuidados e Corpo,REV0045,,,,,,,
VND00402,2024-11-13 13:57:21,Ecomm multi,mooz pix,BA,Camaçari,Floratta Red Desodorante Colônia 75ml,3,229.9,92.0,Perfumaria Feminina,,CLI0068,Masculino,1966-04-07,,Entregue no Prazo,,Não
VND00403,2026-06-30 12:17:41,VD,mooz cartões,PR,Curitiba,Lily Creme Acetinado Hidratante Corporal 250g,3,149.9,45.0,Perfumaria Feminina,REV0074,,,,,,,
VND00403,2026-06-30 12:17:41,VD,mooz cartões,PR,Curitiba,Lily Lumière Eau de Parfum 75ml,1,329.9,145.0,Perfumaria Feminina,REV0074,,,,,,,
VND00404,2026-02-14 12:36:33,lojas,mooz pix,SC,Criciúma,Make B. Base Líquida Mate Salicylic 30g,2,109.9,38.0,Maquiagem e Skincare,FRQ029,,,,,,,
VND00405,2025-03-30 12:34:38,Ecomm mono,mooz pix,SP,Mogi das Cruzes,Floratta Red Desodorante Colônia 75ml,3,229.9,92.0,Perfumaria Feminina,,CLI0024,Masculino,2000-12-18,,Entregue no Prazo,MAES15,Sim
VND00406,2024-04-03 19:06:34,lojas,mooz pix,MG,Juiz de Fora,Malbec Desodorante Colônia 100ml,2,209.9,84.0,Perfumaria Masculina,FRQ006,,,,,,,
VND00407,2024-11-29 13:45:03,Ecomm mono,mooz pix,ES,Vitória,Botik Sérum Alta Potência Ácido Hialurônico 30ml,4,169.9,59.0,Maquiagem e Skincare,,CLI0164,Feminino,1964-07-14,O produto veio quebrado.,Entregue no Prazo,QUERO10,Sim
VND00407,2024-11-29 13:45:03,Ecomm mono,mooz pix,ES,Vitória,Malbec Desodorante Colônia 100ml,1,209.9,84.0,Perfumaria Masculina,,CLI0164,Feminino,1964-07-14,O produto veio quebrado.,Entregue no Prazo,QUERO10,Sim
VND00408,2024-11-21 20:26:04,Ecomm multi,mooz cartões,RJ,Volta Redonda,Cuide-se Bem Loção Corporal Deleite 200ml,2,78.9,24.0,Cuidados e Corpo,,CLI0325,Feminino,1979-08-02,A entrega atrasou muito.,Entregue com Atraso,,Não
VND00409,2024-05-25 20:10:50,lojas,outros meios de pagamento,RO,Porto Velho,Malbec Desodorante Colônia 100ml,1,209.9,84.0,Perfumaria Masculina,FRQ030,,,,,,,
VND00409,2024-05-25 20:10:50,lojas,outros meios de pagamento,RO,Porto Velho,Shampoo Match Escudo De Hidratação 300ml,3,47.9,14.0,Cabelos,FRQ030,,,,,,,
VND00410,2024-06-20 19:59:58,Ecomm multi,mooz pix,SP,Mogi das Cruzes,Malbec Desodorante Colônia 100ml,3,209.9,84.0,Perfumaria Masculina,,CLI0129,Masculino,1962-12-14,Melhor creme da vida.,Entregue no Prazo,,Sim
VND00410,2024-06-20 19:59:58,Ecomm multi,mooz pix,SP,Mogi das Cruzes,Cuide-se Bem Loção Corporal Deleite 200ml,1,78.9,24.0,Cuidados e Corpo,,CLI0129,Masculino,1962-12-14,Melhor creme da vida.,Entregue no Prazo,,Sim
VND00411,2026-04-30 12:35:17,Ecomm multi,mooz cartões,SP,Mogi das Cruzes,Malbec Gold Desodorante Colônia 100ml,4,195.9,78.0,Perfumaria Masculina,,CLI0259,Não-binário,1977-03-19,,Entregue no Prazo,,Não
VND00411,2026-04-30 12:35:17,Ecomm multi,mooz cartões,SP,Mogi das Cruzes,Malbec Desodorante Colônia 100ml,3,209.9,84.0,Perfumaria Masculina,,CLI0259,Não-binário,1977-03-19,,Entregue no Prazo,,Não
VND00412,2024-12-02 19:44:08,VD,outros meios de pagamento,SP,São José dos Campos,Shampoo Match Escudo De Hidratação 300ml,4,47.9,14.0,Cabelos,REV0001,,,,,,,
VND00413,2025-12-14 12:48:25,VD,outros meios de pagamento,MG,Uberlândia,Make B. Base Líquida Mate Salicylic 30g,4,109.9,38.0,Maquiagem e Skincare,REV0069,,,,,,,
VND00414,2024-05-07 20:59:12,Ecomm multi,mooz cartões,MG,Ouro Preto,Malbec Gold Desodorante Colônia 100ml,3,195.9,78.0,Perfumaria Masculina,,CLI0381,Feminino,1965-02-03,,Entregue com Atraso,,Não
VND00415,2024-08-14 20:31:23,VD,mooz pix,AC,Rio Branco,Floratta Red Desodorante Colônia 75ml,1,229.9,92.0,Perfumaria Feminina,REV0091,,,,,,,
VND00415,2024-08-14 20:31:23,VD,mooz pix,AC,Rio Branco,Lily Lumière Eau de Parfum 75ml,4,329.9,145.0,Perfumaria Feminina,REV0091,,,,,,,
VND00416,2025-05-20 20:12:42,lojas,mooz cartões,RJ,Cabo Frio,Malbec Desodorante Colônia 100ml,3,209.9,84.0,Perfumaria Masculina,FRQ005,,,,,,,
VND00416,2025-05-20 20:12:42,lojas,mooz cartões,RJ,Cabo Frio,Lily Lumière Eau de Parfum 75ml,3,329.9,145.0,Perfumaria Feminina,FRQ005,,,,,,,
VND00417,2025-11-25 22:44:43,Ecomm mono,mooz pix,SP,São Paulo,Malbec Desodorante Colônia 100ml,4,209.9,84.0,Perfumaria Masculina,,CLI0329,Masculino,1993-09-09,Melhor creme da vida.,Entregue no Prazo,,Não
VND00418,2024-11-19 19:12:21,VD,outros meios de pagamento,SP,Bauru,Lily Creme Acetinado Hidratante Corporal 250g,4,149.9,45.0,Perfumaria Feminina,REV0004,,,,,,,
VND00418,2024-11-19 19:12:21,VD,outros meios de pagamento,SP,Bauru,Cuide-se Bem Loção Corporal Deleite 200ml,2,78.9,24.0,Cuidados e Corpo,REV0004,,,,,,,
VND00419,2024-11-14 13:40:06,VD,mooz pix,PR,Guarapuava,Cuide-se Bem Loção Corporal Deleite 200ml,3,78.9,24.0,Cuidados e Corpo,REV0004,,,,,,,
VND00419,2024-11-14 13:40:06,VD,mooz pix,PR,Guarapuava,Make B. Base Líquida Mate Salicylic 30g,4,109.9,38.0,Maquiagem e Skincare,REV0004,,,,,,,
VND00420,2024-12-14 12:52:21,lojas,mooz cartões,RJ,Cabo Frio,Malbec Desodorante Colônia 100ml,4,209.9,84.0,Perfumaria Masculina,FRQ020,,,,,,,
VND00421,2025-03-28 22:39:40,Ecomm multi,mooz cartões,DF,Brasília,Shampoo Match Escudo De Hidratação 300ml,4,47.9,14.0,Cabelos,,CLI0287,Não-binário,1974-07-02,Amei o cheiro!,Entregue no Prazo,,Não
VND00422,2025-09-30 19:24:29,Ecomm multi,mooz cartões,PR,Ponta Grossa,Cuide-se Bem Loção Corporal Deleite 200ml,1,78.9,24.0,Cuidados e Corpo,,CLI0334,Não-binário,1960-05-18,,Entregue no Prazo,,Sim
VND00423,2025-03-31 12:08:51,VD,mooz cartões,PE,Olinda,Cuide-se Bem Loção Corporal Deleite 200ml,3,78.9,24.0,Cuidados e Corpo,REV0040,,,,,,,
VND00423,2025-03-31 12:08:51,VD,mooz cartões,PE,Olinda,Malbec Desodorante Colônia 100ml,2,209.9,84.0,Perfumaria Masculina,REV0040,,,,,,,
VND00424,2024-11-12 13:18:23,VD,outros meios de pagamento,SP,Mogi das Cruzes,Malbec Gold Desodorante Colônia 100ml,2,195.9,78.0,Perfumaria Masculina,REV0085,,,,,,,
VND00424,2024-11-12 13:18:23,VD,outros meios de pagamento,SP,Mogi das Cruzes,Malbec Desodorante Colônia 100ml,1,209.9,84.0,Perfumaria Masculina,REV0085,,,,,,,
VND00425,2026-03-15 15:12:42,Ecomm multi,mooz pix,MG,Poços de Caldas,Malbec Gold Desodorante Colônia 100ml,4,195.9,78.0,Perfumaria Masculina,,CLI0355,Feminino,1996-04-03,,Entregue no Prazo,,Não
VND00426,2025-05-22 13:00:40,lojas,outros meios de pagamento,PR,Foz do Iguaçu,Lily Lumière Eau de Parfum 75ml,4,329.9,145.0,Perfumaria Feminina,FRQ015,,,,,,,
VND00426,2025-05-22 13:00:40,lojas,outros meios de pagamento,PR,Foz do Iguaçu,Make B. Base Líquida Mate Salicylic 30g,3,109.9,38.0,Maquiagem e Skincare,FRQ015,,,,,,,
VND00427,2025-01-19 19:11:52,VD,mooz pix,TO,Palmas,Make B. Base Líquida Mate Salicylic 30g,1,109.9,38.0,Maquiagem e Skincare,REV0010,,,,,,,
VND00428,2025-03-26 12:37:58,Ecomm mono,mooz cartões,DF,Brasilia,Shampoo Match Escudo De Hidratação 300ml,2,47.9,14.0,Cabelos,,CLI0090,Não-binário,1980-02-01,,Entregue no Prazo,,Sim
VND00429,2024-01-23 13:16:58,VD,mooz cartões,MA,São Luís,Make B. Base Líquida Mate Salicylic 30g,1,109.9,38.0,Maquiagem e Skincare,REV0049,,,,,,,
VND00429,2024-01-23 13:16:58,VD,mooz cartões,MA,São Luís,Shampoo Match Escudo De Hidratação 300ml,4,47.9,14.0,Cabelos,REV0049,,,,,,,
VND00430,2026-06-21 20:45:04,VD,mooz cartões,SP,São Carlos,Malbec Desodorante Colônia 100ml,4,209.9,84.0,Perfumaria Masculina,REV0017,,,,,,,
VND00431,2024-11-21 13:40:15,VD,outros meios de pagamento,SP,Mogi das Cruzes,Floratta Red Desodorante Colônia 75ml,2,229.9,92.0,Perfumaria Feminina,REV0025,,,,,,,
VND00431,2024-11-21 13:40:15,VD,outros meios de pagamento,SP,Mogi das Cruzes,Malbec Gold Desodorante Colônia 100ml,3,195.9,78.0,Perfumaria Masculina,REV0025,,,,,,,
VND00432,2026-05-21 22:37:56,Ecomm multi,mooz cartões,PR,Londrina,Malbec Desodorante Colônia 100ml,3,209.9,84.0,Perfumaria Masculina,,CLI0241,Masculino,2002-02-06,Melhor creme da vida.,Entregue com Atraso,,Não
VND00432,2026-05-21 22:37:56,Ecomm multi,mooz cartões,PR,Londrina,Make B. Base Líquida Mate Salicylic 30g,3,109.9,38.0,Maquiagem e Skincare,,CLI0241,Masculino,2002-02-06,Melhor creme da vida.,Entregue com Atraso,,Não
VND00433,2025-04-30 15:25:40,VD,mooz cartões,MG,Ouro Preto,Floratta Red Desodorante Colônia 75ml,4,229.9,92.0,Perfumaria Feminina,REV0026,,,,,,,
VND00434,2025-08-08 20:53:23,Ecomm mono,mooz cartões,SP,Santos,Malbec Gold Desodorante Colônia 100ml,4,195.9,78.0,Perfumaria Masculina,,CLI0385,Masculino,2002-07-28,Amei o cheiro!,Entregue no Prazo,,Não
VND00435,2024-12-10 12:29:27,Ecomm multi,mooz pix,RJ,Angra dos Reis,Malbec Desodorante Colônia 100ml,3,209.9,84.0,Perfumaria Masculina,,CLI0163,Não-binário,2004-03-23,A entrega atrasou muito.,Entregue no Prazo,QUERO10,Sim
VND00436,2024-08-21 12:04:23,VD,outros meios de pagamento,PA,Belém,Lily Lumière Eau de Parfum 75ml,3,329.9,145.0,Perfumaria Feminina,REV0043,,,,,,,
VND00437,2026-05-15 22:45:38,lojas,outros meios de pagamento,RJ,Nova Friburgo,Malbec Gold Desodorante Colônia 100ml,2000,195.9,78.0,Perfumaria Masculina,FRQ018,,,,,,,
VND00438,2024-12-20 19:25:25,VD,mooz pix,RJ,Teresópolis,Malbec Desodorante Colônia 100ml,2,209.9,84.0,Perfumaria Masculina,REV0066,,,,,,,
VND00439,2025-12-15 19:28:28,VD,mooz pix,SP,Santos,Floratta Red Desodorante Colônia 75ml,1,229.9,92.0,Perfumaria Feminina,REV0074,,,,,,,
VND00440,2024-12-13 20:27:43,Ecomm multi,mooz pix,SP,Sorocaba,Cuide-se Bem Loção Corporal Deleite 200ml,4,78.9,24.0,Cuidados e Corpo,,CLI0301,Não-binário,1966-11-23,,Entregue no Prazo,,Sim
VND00441,2024-12-02 19:28:40,Ecomm mono,mooz cartões,SP,Santos,Malbec Desodorante Colônia 100ml,1,209.9,84.0,Perfumaria Masculina,,CLI0054,Masculino,1988-09-15,Amei o cheiro!,Entregue com Atraso,,Não
VND00442,2024-08-26 20:33:04,Ecomm multi,mooz cartões,SE,Aracaju,Malbec Desodorante Colônia 100ml,1,209.9,84.0,Perfumaria Masculina,,CLI0266,Masculino,1980-02-25,Amei o cheiro!,Entregue no Prazo,,Não
VND00443,2026-06-05 12:55:13,Ecomm mono,mooz pix,SP,Franca,Cuide-se Bem Loção Corporal Deleite 200ml,4,78.9,24.0,Cuidados e Corpo,,CLI0364,Feminino,1990-08-25,,Entregue no Prazo,,Sim
VND00444,2025-04-01 12:25:38,lojas,outros meios de pagamento,MG,Montes Claros,Botik Sérum Alta Potência Ácido Hialurônico 30ml,4,169.9,59.0,Maquiagem e Skincare,FRQ030,,,,,,,
VND00444,2025-04-01 12:25:38,lojas,outros meios de pagamento,MG,Montes Claros,Shampoo Match Escudo De Hidratação 300ml,1,47.9,14.0,Cabelos,FRQ030,,,,,,,
VND00445,2024-12-21 19:45:50,Ecomm mono,mooz pix,SP,Mogi das Cruzes,Lily Lumière Eau de Parfum 75ml,2,329.9,145.0,Perfumaria Feminina,,CLI0090,Não-binário,1980-02-01,,Entregue com Atraso,,Não
VND00446,2026-06-10 13:56:40,Ecomm mono,mooz cartões,SP,Piracicaba,Lily Creme Acetinado Hidratante Corporal 250g,1,149.9,45.0,Perfumaria Feminina,,CLI0372,Feminino,1964-03-09,,Entregue no Prazo,,Não
VND00447,2024-11-29 12:10:16,lojas,outros meios de pagamento,RJ,Rio de Janeiro,Lily Creme Acetinado Hidratante Corporal 250g,4,149.9,45.0,Perfumaria Feminina,FRQ003,,,,,,,
VND00447,2024-11-29 12:10:16,lojas,outros meios de pagamento,RJ,Rio de Janeiro,Shampoo Match Escudo De Hidratação 300ml,2,47.9,14.0,Cabelos,FRQ003,,,,,,,
VND00448,2024-03-10 20:42:15,Ecomm multi,mooz cartões,SC,Chapecó,Lily Creme Acetinado Hidratante Corporal 250g,4,149.9,45.0,Perfumaria Feminina,,CLI0143,Feminino,2002-02-10,Amei o cheiro!,Entregue no Prazo,QUERO10,Sim
VND00449,2025-11-24 19:28:22,lojas,mooz cartões,SP,Piracicaba,Malbec Desodorante Colônia 100ml,4,209.9,84.0,Perfumaria Masculina,FRQ002,,,,,,,
VND00449,2025-11-24 19:28:22,lojas,mooz cartões,SP,Piracicaba,Cuide-se Bem Loção Corporal Deleite 200ml,1,78.9,24.0,Cuidados e Corpo,FRQ002,,,,,,,
VND00450,2024-11-11 12:38:00,VD,mooz pix,MG,Ouro Preto,Malbec Desodorante Colônia 100ml,2,209.9,84.0,Perfumaria Masculina,REV0032,,,,,,,
VND00451,2025-03-07 12:00:21,lojas,outros meios de pagamento,SP,Jundiaí,Botik Sérum Alta Potência Ácido Hialurônico 30ml,1,169.9,59.0,Maquiagem e Skincare,FRQ003,,,,,,,
VND00452,2026-01-11 20:26:32,VD,mooz pix,PA,Ananindeua,Lily Creme Acetinado Hidratante Corporal 250g,2,149.9,45.0,Perfumaria Feminina,REV0072,,,,,,,
VND00452,2026-01-11 20:26:32,VD,mooz pix,PA,Ananindeua,Malbec Desodorante Colônia 100ml,4,209.9,84.0,Perfumaria Masculina,REV0072,,,,,,,
VND00453,2024-08-06 19:20:11,VD,mooz pix,RJ,Teresópolis,Shampoo Match Escudo De Hidratação 300ml,4,47.9,14.0,Cabelos,REV0041,,,,,,,
VND00454,2024-02-14 12:13:26,Ecomm mono,mooz pix,MG,Uberlândia,Malbec Gold Desodorante Colônia 100ml,1,195.9,78.0,Perfumaria Masculina,,CLI0365,Masculino,1992-10-04,,Entregue no Prazo,,Sim
VND00454,2024-02-14 12:13:26,Ecomm mono,mooz pix,MG,Uberlândia,Cuide-se Bem Loção Corporal Deleite 200ml,4,78.9,24.0,Cuidados e Corpo,,CLI0365,Masculino,1992-10-04,,Entregue no Prazo,,Sim
VND00455,2024-12-06 19:48:56,Ecomm mono,mooz pix,RJ,Niterói,Lily Creme Acetinado Hidratante Corporal 250g,1,149.9,45.0,Perfumaria Feminina,,CLI0172,Masculino,2002-11-26,,Entregue com Atraso,,Não
VND00456,2024-05-07 20:47:27,lojas,outros meios de pagamento,GO,Goiânia,Botik Sérum Alta Potência Ácido Hialurônico 30ml,3,169.9,59.0,Maquiagem e Skincare,FRQ002,,,,,,,
VND00457,2025-01-19 20:02:15,Ecomm multi,mooz pix,SP,Santos,Lily Creme Acetinado Hidratante Corporal 250g,4,149.9,45.0,Perfumaria Feminina,,CLI0143,Feminino,2002-02-10,,Entregue no Prazo,,Não
VND00457,2025-01-19 20:02:15,Ecomm multi,mooz pix,SP,Santos,Malbec Desodorante Colônia 100ml,1,209.9,84.0,Perfumaria Masculina,,CLI0143,Feminino,2002-02-10,,Entregue no Prazo,,Não
VND00458,2024-09-05 20:03:58,lojas,outros meios de pagamento,SP,Piracicaba,Make B. Base Líquida Mate Salicylic 30g,4,109.9,38.0,Maquiagem e Skincare,FRQ024,,,,,,,
VND00459,2024-01-07 19:31:04,lojas,mooz cartões,PR,Maringá,Floratta Red Desodorante Colônia 75ml,2,229.9,92.0,Perfumaria Feminina,FRQ007,,,,,,,
VND00460,2025-04-23 08:46:12,lojas,mooz pix,PR,Maringá,Floratta Red Desodorante Colônia 75ml,4,229.9,92.0,Perfumaria Feminina,FRQ020,,,,,,,
VND00461,2024-07-25 12:50:30,VD,mooz pix,MG,Uberaba,Malbec Gold Desodorante Colônia 100ml,4,195.9,78.0,Perfumaria Masculina,REV0049,,,,,,,
VND00462,2026-05-24 20:58:58,Ecomm mono,mooz cartões,MG,Divinópolis,Malbec Desodorante Colônia 100ml,3,209.9,84.0,Perfumaria Masculina,,CLI0373,Masculino,1984-10-17,,Entregue no Prazo,BOTAO20,Sim
VND00462,2026-05-24 20:58:58,Ecomm mono,mooz cartões,MG,Divinópolis,Shampoo Match Escudo De Hidratação 300ml,2,47.9,14.0,Cabelos,,CLI0373,Masculino,1984-10-17,,Entregue no Prazo,BOTAO20,Sim
VND00463,2024-01-05 12:32:46,Ecomm mono,mooz pix,SP,Mauá,Botik Sérum Alta Potência Ácido Hialurônico 30ml,1,169.9,59.0,Maquiagem e Skincare,,CLI0213,Não-binário,1988-01-03,,Entregue no Prazo,,Sim
VND00464,2024-05-07 20:36:10,lojas,mooz pix,RJ,Duque de Caxias,Malbec Desodorante Colônia 100ml,4,209.9,84.0,Perfumaria Masculina,FRQ025,,,,,,,
VND00464,2024-05-07 20:36:10,lojas,mooz pix,RJ,Duque de Caxias,Malbec Gold Desodorante Colônia 100ml,1,195.9,78.0,Perfumaria Masculina,FRQ025,,,,,,,
VND00465,2025-12-24 20:44:42,lojas,mooz pix,PR,Paranaguá,Malbec Desodorante Colônia 100ml,2,209.9,84.0,Perfumaria Masculina,FRQ022,,,,,,,
VND00466,2026-02-28 12:45:58,Ecomm multi,mooz pix,SP,Piracicaba,Cuide-se Bem Loção Corporal Deleite 200ml,3,78.9,24.0,Cuidados e Corpo,,CLI0301,Não-binário,1966-11-23,,Entregue no Prazo,MAES15,Sim
VND00467,2025-08-23 13:26:48,VD,mooz cartões,SP,Jundiaí,Malbec Desodorante Colônia 100ml,3,209.9,84.0,Perfumaria Masculina,REV0074,,,,,,,
VND00468,2024-11-11 22:10:52,Ecomm multi,mooz cartões,SP,Campinas,Floratta Red Desodorante Colônia 75ml,2,229.9,92.0,Perfumaria Feminina,,CLI0036,Feminino,1984-07-20,,Entregue com Atraso,MAES15,Não
VND00469,2024-08-05 13:03:47,lojas,mooz cartões,SP,Osasco,Malbec Desodorante Colônia 100ml,1,209.9,84.0,Perfumaria Masculina,FRQ029,,,,,,,
VND00470,2024-06-19 19:05:24,VD,mooz pix,SC,Florianópolis,Floratta Red Desodorante Colônia 75ml,4,229.9,92.0,Perfumaria Feminina,REV0044,,,,,,,
VND00471,2026-02-17 19:03:17,VD,outros meios de pagamento,SP,Mogi das Cruzes,Botik Sérum Alta Potência Ácido Hialurônico 30ml,1,169.9,59.0,Maquiagem e Skincare,REV0006,,,,,,,
VND00472,2025-05-12 20:21:38,Ecomm multi,mooz pix,SP,Sorocaba,Floratta Red Desodorante Colônia 75ml,3,229.9,92.0,Perfumaria Feminina,,CLI0350,Masculino,1966-11-12,,Entregue no Prazo,,Não
VND00473,2026-04-05 19:29:55,Ecomm multi,mooz cartões,SC,Florianópolis,Floratta Red Desodorante Colônia 75ml,4,229.9,92.0,Perfumaria Feminina,,CLI0309,Não-binário,1997-03-08,,Entregue no Prazo,BOTAO20,Não
VND00474,2025-11-07 12:40:52,Ecomm mono,mooz cartões,SP,Jundiaí,Malbec Desodorante Colônia 100ml,1,209.9,84.0,Perfumaria Masculina,,CLI0185,Feminino,1999-03-08,Melhor creme da vida.,Entregue no Prazo,MAES15,Não
VND00475,2025-12-30 13:33:56,VD,mooz cartões,RJ,Angra dos Reis,Lily Creme Acetinado Hidratante Corporal 250g,4,149.9,45.0,Perfumaria Feminina,REV0012,,,,,,,
VND00476,2024-09-03 19:10:48,VD,mooz cartões,DF,Brasília,Malbec Desodorante Colônia 100ml,3,209.9,84.0,Perfumaria Masculina,REV0004,,,,,,,
VND00477,2025-11-17 12:08:59,Ecomm multi,mooz cartões,SP,Bauru,Floratta Red Desodorante Colônia 75ml,4,229.9,92.0,Perfumaria Feminina,,CLI0355,Feminino,1996-04-03,,Entregue com Atraso,MAES15,Não
VND00478,2026-05-26 13:14:14,Ecomm mono,mooz cartões,BA,Vitória da Conquista,Shampoo Match Escudo De Hidratação 300ml,2,47.9,14.0,Cabelos,,CLI0045,Feminino,1994-09-01,,Entregue no Prazo,,Não
VND00479,2026-05-17 15:27:20,Ecomm mono,mooz cartões,SP,Santo André,Lily Creme Acetinado Hidratante Corporal 250g,3,149.9,45.0,Perfumaria Feminina,,CLI0340,Feminino,2000-08-23,Amei o cheiro!,Entregue no Prazo,,Não
VND00480,2025-12-20 20:20:19,VD,mooz pix,SC,Criciúma,Cuide-se Bem Loção Corporal Deleite 200ml,4,78.9,24.0,Cuidados e Corpo,REV0062,,,,,,,
VND00480,2025-12-20 20:20:19,VD,mooz pix,SC,Criciúma,Floratta Red Desodorante Colônia 75ml,1,229.9,92.0,Perfumaria Feminina,REV0062,,,,,,,
VND00481,2024-12-07 12:45:13,lojas,outros meios de pagamento,MG,Belo Horizonte,Botik Sérum Alta Potência Ácido Hialurônico 30ml,4,169.9,59.0,Maquiagem e Skincare,FRQ025,,,,,,,
VND00482,2026-05-18 15:01:35,Ecomm multi,mooz pix,SP,Mauá,Malbec Desodorante Colônia 100ml,2,209.9,84.0,Perfumaria Masculina,,CLI0348,Feminino,2004-06-07,,Entregue no Prazo,BOTAO20,Sim
VND00483,2024-05-14 20:50:37,VD,outros meios de pagamento,BA,Vitória da Conquista,Malbec Desodorante Colônia 100ml,2,209.9,84.0,Perfumaria Masculina,REV0059,,,,,,,
VND00483,2024-05-14 20:50:37,VD,outros meios de pagamento,BA,Vitória da Conquista,Lily Lumière Eau de Parfum 75ml,2,329.9,145.0,Perfumaria Feminina,REV0059,,,,,,,
VND00484,2025-08-12 20:50:54,lojas,mooz pix,SC,Chapecó,Lily Lumière Eau de Parfum 75ml,1,329.9,145.0,Perfumaria Feminina,FRQ022,,,,,,,
VND00485,2025-04-30 19:03:07,Ecomm mono,mooz pix,MG,Juiz de Fora,Lily Lumière Eau de Parfum 75ml,2,329.9,145.0,Perfumaria Feminina,,CLI0322,Masculino,1974-11-07,,Entregue no Prazo,QUERO10,Sim
VND00486,2024-01-12 20:05:07,Ecomm multi,mooz cartões,CE,Fortaleza,Cuide-se Bem Loção Corporal Deleite 200ml,2,78.9,24.0,Cuidados e Corpo,,CLI0301,Não-binário,1966-11-23,,Entregue no Prazo,,Não
VND00486,2024-01-12 20:05:07,Ecomm multi,mooz cartões,CE,Fortaleza,Malbec Desodorante Colônia 100ml,4,209.9,84.0,Perfumaria Masculina,,CLI0301,Não-binário,1966-11-23,,Entregue no Prazo,,Não
VND00487,2024-05-08 19:04:45,lojas,mooz pix,SP,Franca,Malbec Desodorante Colônia 100ml,4,209.9,84.0,Perfumaria Masculina,FRQ023,,,,,,,
VND00488,2026-05-07 20:45:52,VD,mooz cartões,RO,Porto Velho,Malbec Desodorante Colônia 100ml,1,209.9,84.0,Perfumaria Masculina,REV0024,,,,,,,
VND00488,2026-05-07 20:45:52,VD,mooz cartões,RO,Porto Velho,Lily Creme Acetinado Hidratante Corporal 250g,1,149.9,45.0,Perfumaria Feminina,REV0024,,,,,,,
VND00489,2025-08-11 20:10:05,Ecomm mono,mooz cartões,SP,Campinas,Cuide-se Bem Loção Corporal Deleite 200ml,1,78.9,24.0,Cuidados e Corpo,,CLI0064,Não-binário,1972-02-04,Melhor creme da vida.,Entregue no Prazo,,Não
VND00490,2025-03-31 19:31:44,Ecomm mono,mooz pix,SP,Mogi das Cruzes,Cuide-se Bem Loção Corporal Deleite 200ml,2,78.9,24.0,Cuidados e Corpo,,CLI0276,Feminino,1991-12-10,Melhor creme da vida.,Entregue no Prazo,QUERO10,Sim
VND00491,2026-05-02 19:08:38,lojas,outros meios de pagamento,SP,Sorocaba,Cuide-se Bem Loção Corporal Deleite 200ml,4,78.9,24.0,Cuidados e Corpo,FRQ009,,,,,,,
VND00492,2024-09-18 12:41:57,lojas,mooz pix,SC,Chapecó,Malbec Desodorante Colônia 100ml,2,209.9,84.0,Perfumaria Masculina,FRQ003,,,,,,,
VND00493,2025-12-14 22:45:23,lojas,mooz pix,RJ,Petrópolis,Malbec Gold Desodorante Colônia 100ml,2,195.9,78.0,Perfumaria Masculina,FRQ011,,,,,,,
VND00494,2024-05-07 12:43:35,Ecomm multi,mooz cartões,SP,Sorocaba,Botik Sérum Alta Potência Ácido Hialurônico 30ml,1,169.9,59.0,Maquiagem e Skincare,,CLI0328,Feminino,1972-03-26,,Entregue no Prazo,,Não
VND00495,2024-08-15 13:06:50,VD,mooz cartões,RJ,Macaé,Cuide-se Bem Loção Corporal Deleite 200ml,4,78.9,24.0,Cuidados e Corpo,REV0094,,,,,,,
VND00496,2024-12-23 08:55:18,Ecomm mono,mooz cartões,ES,Vitória,Lily Creme Acetinado Hidratante Corporal 250g,4,149.9,45.0,Perfumaria Feminina,,CLI0088,Masculino,1975-05-13,O produto veio quebrado.,Entregue com Atraso,,Não
VND00496,2024-12-23 08:55:18,Ecomm mono,mooz cartões,ES,Vitória,Floratta Red Desodorante Colônia 75ml,1,229.9,92.0,Perfumaria Feminina,,CLI0088,Masculino,1975-05-13,O produto veio quebrado.,Entregue com Atraso,,Não
VND00497,2025-12-31 12:08:09,Ecomm multi,mooz pix,PR,Curitiba,Cuide-se Bem Loção Corporal Deleite 200ml,2,78.9,24.0,Cuidados e Corpo,,CLI0372,Feminino,1964-03-09,,Entregue no Prazo,,Não
VND00498,2024-12-28 12:32:18,Ecomm mono,mooz pix,ES,Serra,Floratta Red Desodorante Colônia 75ml,1,229.9,92.0,Perfumaria Feminina,,CLI0368,Masculino,1989-11-01,Amei o cheiro!,Entregue no Prazo,,Não
VND00499,2024-04-05 12:03:05,Ecomm mono,mooz pix,ES,Vitória,Lily Lumière Eau de Parfum 75ml,1,329.9,145.0,Perfumaria Feminina,,CLI0218,Masculino,1982-12-15,,Entregue no Prazo,,Não
VND00500,2025-09-23 19:53:47,VD,outros meios de pagamento,PR,Guarapuava,Shampoo Match Escudo De Hidratação 300ml,2,47.9,14.0,Cabelos,REV0090,,,,,,,
VND00500,2025-09-23 19:53:47,VD,outros meios de pagamento,PR,Guarapuava,Malbec Desodorante Colônia 100ml,1,209.9,84.0,Perfumaria Masculina,REV0090,,,,,,,
VND00501,2024-08-18 20:23:53,lojas,outros meios de pagamento,MG,Montes Claros,Malbec Desodorante Colônia 100ml,2,209.9,84.0,Perfumaria Masculina,FRQ002,,,,,,,
VND00502,2025-11-26 12:34:54,VD,mooz pix,SP,Osasco,Cuide-se Bem Loção Corporal Deleite 200ml,1,78.9,24.0,Cuidados e Corpo,REV0062,,,,,,,
VND00503,2025-08-05 20:59:19,VD,mooz pix,BA,Camaçari,Lily Lumière Eau de Parfum 75ml,4,329.9,145.0,Perfumaria Feminina,REV0063,,,,,,,
VND00504,2024-12-28 13:22:56,lojas,mooz pix,SP,Sorocaba,Malbec Gold Desodorante Colônia 100ml,2,195.9,78.0,Perfumaria Masculina,FRQ001,,,,,,,
VND00505,2025-02-24 13:31:00,lojas,outros meios de pagamento,SP,Osasco,Malbec Desodorante Colônia 100ml,3,209.9,84.0,Perfumaria Masculina,FRQ008,,,,,,,
VND00506,2024-10-02 19:28:42,Ecomm multi,mooz cartões,SC,Joinville,Make B. Base Líquida Mate Salicylic 30g,2,109.9,38.0,Maquiagem e Skincare,,CLI0182,Feminino,1982-04-21,,Entregue no Prazo,,Não
VND00506,2024-10-02 19:28:42,Ecomm multi,mooz cartões,SC,Joinville,Floratta Red Desodorante Colônia 75ml,4,229.9,92.0,Perfumaria Feminina,,CLI0182,Feminino,1982-04-21,,Entregue no Prazo,,Não
VND00507,2024-02-02 13:12:30,Ecomm mono,mooz cartões,PR,Guarapuava,Malbec Desodorante Colônia 100ml,4,209.9,84.0,Perfumaria Masculina,,CLI0251,Masculino,1998-12-27,,Entregue no Prazo,,Não
VND00508,2025-02-02 13:06:50,VD,mooz cartões,PE,Olinda,Malbec Gold Desodorante Colônia 100ml,500,195.9,78.0,Perfumaria Masculina,REV0045,,,,,,,
VND00508,2025-02-02 13:06:50,VD,mooz cartões,PE,Olinda,Lily Lumière Eau de Parfum 75ml,4,329.9,145.0,Perfumaria Feminina,REV0045,,,,,,,
VND00509,2026-01-25 19:30:18,Ecomm mono,mooz pix,SP,Campinas,Malbec Gold Desodorante Colônia 100ml,1,195.9,78.0,Perfumaria Masculina,,CLI0390,Masculino,1967-05-19,Chegou super rápido.,Entregue no Prazo,BOTAO20,Sim
VND00510,2025-12-18 12:52:27,lojas,mooz pix,SP,Piracicaba,Shampoo Match Escudo De Hidratação 300ml,2,47.9,14.0,Cabelos,FRQ026,,,,,,,
VND00511,2026-05-25 13:40:09,lojas,mooz cartões,MG,Juiz de Fora,Malbec Desodorante Colônia 100ml,2,209.9,84.0,Perfumaria Masculina,FRQ013,,,,,,,
VND00512,2025-03-12 15:12:05,VD,mooz pix,SP,Mauá,Lily Creme Acetinado Hidratante Corporal 250g,2,149.9,45.0,Perfumaria Feminina,REV0068,,,,,,,
VND00513,2025-06-06 08:03:19,VD,mooz pix,PE,Caruaru,Malbec Desodorante Colônia 100ml,2,209.9,84.0,Perfumaria Masculina,REV0036,,,,,,,
VND00514,2024-02-18 20:00:03,Ecomm mono,mooz cartões,RJ,Duque de Caxias,Malbec Desodorante Colônia 100ml,3,209.9,84.0,Perfumaria Masculina,,CLI0242,Feminino,1971-09-03,,Entregue no Prazo,QUERO10,Sim
VND00515,2024-04-24 12:00:43,lojas,mooz pix,SC,Blumenau,Lily Creme Acetinado Hidratante Corporal 250g,3,149.9,45.0,Perfumaria Feminina,FRQ024,,,,,,,
VND00516,2024-10-09 13:24:05,VD,mooz cartões,SC,Criciúma,Cuide-se Bem Loção Corporal Deleite 200ml,2,78.9,24.0,Cuidados e Corpo,REV0016,,,,,,,
VND00517,2026-01-08 12:08:12,Ecomm multi,mooz pix,PR,Ponta Grossa,Cuide-se Bem Loção Corporal Deleite 200ml,1,78.9,24.0,Cuidados e Corpo,,CLI0188,Masculino,1970-10-20,,Entregue no Prazo,MAES15,Sim
VND00518,2024-05-12 20:36:03,lojas,outros meios de pagamento,PA,Ananindeua,Malbec Desodorante Colônia 100ml,1,209.9,84.0,Perfumaria Masculina,FRQ016,,,,,,,
VND00518,2024-05-12 20:36:03,lojas,outros meios de pagamento,PA,Ananindeua,Lily Creme Acetinado Hidratante Corporal 250g,4,149.9,45.0,Perfumaria Feminina,FRQ016,,,,,,,
VND00519,2024-10-05 13:00:10,lojas,outros meios de pagamento,SP,Piracicaba,Make B. Base Líquida Mate Salicylic 30g,3,109.9,38.0,Maquiagem e Skincare,FRQ001,,,,,,,
VND00519,2024-10-05 13:00:10,lojas,outros meios de pagamento,SP,Piracicaba,Malbec Desodorante Colônia 100ml,3,209.9,84.0,Perfumaria Masculina,FRQ001,,,,,,,
VND00520,2024-06-24 13:34:15,Ecomm mono,mooz cartões,SC,Joinville,Cuide-se Bem Loção Corporal Deleite 200ml,2,78.9,24.0,Cuidados e Corpo,,CLI0143,Feminino,2002-02-10,Amei o cheiro!,Entregue no Prazo,,Não
VND00520,2024-06-24 13:34:15,Ecomm mono,mooz cartões,SC,Joinville,Malbec Desodorante Colônia 100ml,2000,209.9,84.0,Perfumaria Masculina,,CLI0143,Feminino,2002-02-10,Amei o cheiro!,Entregue no Prazo,,Não
VND00521,2024-10-28 19:03:40,VD,mooz pix,SP,Ribeirão Preto,Malbec Desodorante Colônia 100ml,1,209.9,84.0,Perfumaria Masculina,REV0094,,,,,,,
VND00522,2024-08-13 15:13:37,Ecomm multi,mooz cartões,SP,São José dos Campos,Lily Creme Acetinado Hidratante Corporal 250g,2,149.9,45.0,Perfumaria Feminina,,CLI0119,Não-binário,1982-05-27,,Entregue no Prazo,,Não
VND00523,2026-01-16 13:18:01,Ecomm mono,mooz cartões,GO,Anápolis,Floratta Red Desodorante Colônia 75ml,4,229.9,92.0,Perfumaria Feminina,,CLI0202,Não-binário,1989-07-27,,Entregue no Prazo,QUERO10,Sim
VND00524,2025-06-23 22:48:51,VD,outros meios de pagamento,MG,Uberlândia,Make B. Base Líquida Mate Salicylic 30g,1,109.9,38.0,Maquiagem e Skincare,REV0049,,,,,,,
VND00525,2024-05-15 12:05:17,lojas,outros meios de pagamento,RJ,Cabo Frio,Malbec Desodorante Colônia 100ml,1,209.9,84.0,Perfumaria Masculina,FRQ001,,,,,,,
VND00526,2025-12-25 20:08:30,Ecomm multi,mooz cartões,SE,Aracaju,Floratta Red Desodorante Colônia 75ml,1,229.9,92.0,Perfumaria Feminina,,CLI0170,Feminino,1991-04-09,Amei o cheiro!,Entregue com Atraso,BOTAO20,Sim
VND00527,2024-10-30 12:56:53,Ecomm multi,mooz cartões,MG,Belo Horizonte,Botik Sérum Alta Potência Ácido Hialurônico 30ml,4,169.9,59.0,Maquiagem e Skincare,,CLI0013,Feminino,2006-08-18,,Entregue no Prazo,BOTAO20,Sim
VND00528,2024-04-22 19:18:22,VD,outros meios de pagamento,RJ,Campos dos Goytacazes,Malbec Desodorante Colônia 100ml,1,209.9,84.0,Perfumaria Masculina,REV0016,,,,,,,
VND00529,2025-09-11 12:27:33,Ecomm mono,mooz cartões,SP,Jundiaí,Make B. Base Líquida Mate Salicylic 30g,3,109.9,38.0,Maquiagem e Skincare,,CLI0218,Masculino,1982-12-15,,Entregue no Prazo,,Não
VND00529,2025-09-11 12:27:33,Ecomm mono,mooz cartões,SP,Jundiaí,Lily Lumière Eau de Parfum 75ml,4,329.9,145.0,Perfumaria Feminina,,CLI0218,Masculino,1982-12-15,,Entregue no Prazo,,Não
VND00530,2025-12-29 19:50:00,lojas,outros meios de pagamento,SP,Santos,Make B. Base Líquida Mate Salicylic 30g,4,109.9,38.0,Maquiagem e Skincare,FRQ011,,,,,,,
VND00531,2024-05-10 20:24:22,Ecomm mono,mooz pix,SP,Mauá,Lily Lumière Eau de Parfum 75ml,4,329.9,145.0,Perfumaria Feminina,,CLI0247,Masculino,2000-10-22,,Entregue com Atraso,,Não
VND00531,2024-05-10 20:24:22,Ecomm mono,mooz pix,SP,Mauá,Malbec Desodorante Colônia 100ml,4,209.9,84.0,Perfumaria Masculina,,CLI0247,Masculino,2000-10-22,,Entregue com Atraso,,Não
VND00532,2026-04-21 19:05:37,Ecomm multi,mooz cartões,MG,Uberlândia,Make B. Base Líquida Mate Salicylic 30g,4,109.9,38.0,Maquiagem e Skincare,,CLI0121,Feminino,1985-06-09,Chegou super rápido.,Entregue no Prazo,,Sim
VND00533,2024-04-22 20:22:23,lojas,mooz pix,PR,Paranaguá,Lily Creme Acetinado Hidratante Corporal 250g,4,149.9,45.0,Perfumaria Feminina,FRQ005,,,,,,,
VND00533,2024-04-22 20:22:23,lojas,mooz pix,PR,Paranaguá,Floratta Red Desodorante Colônia 75ml,1,229.9,92.0,Perfumaria Feminina,FRQ005,,,,,,,
VND00534,2025-12-21 19:46:01,Ecomm multi,mooz pix,SP,São Paulo,Shampoo Match Escudo De Hidratação 300ml,1,47.9,14.0,Cabelos,,CLI0340,Feminino,2000-08-23,,Entregue no Prazo,MAES15,Sim
VND00535,2024-11-02 19:46:21,Ecomm multi,mooz cartões,SP,Osasco,Malbec Desodorante Colônia 100ml,4,209.9,84.0,Perfumaria Masculina,,CLI0057,Feminino,1997-04-01,Suporte não responde.,Entregue no Prazo,,Não
VND00536,2026-06-15 13:45:53,Ecomm mono,mooz pix,SP,Piracicaba,Cuide-se Bem Loção Corporal Deleite 200ml,2,78.9,24.0,Cuidados e Corpo,,CLI0117,Feminino,1984-01-28,,Entregue no Prazo,QUERO10,Sim
VND00536,2026-06-15 13:45:53,Ecomm mono,mooz pix,SP,Piracicaba,Lily Creme Acetinado Hidratante Corporal 250g,1,149.9,45.0,Perfumaria Feminina,,CLI0117,Feminino,1984-01-28,,Entregue no Prazo,QUERO10,Sim
VND00537,2024-10-03 12:04:23,Ecomm mono,mooz cartões,MA,São Luís,Make B. Base Líquida Mate Salicylic 30g,3,109.9,38.0,Maquiagem e Skincare,,CLI0145,Masculino,1974-04-05,,Entregue no Prazo,BOTAO20,Não
VND00538,2025-08-01 12:50:30,VD,mooz cartões,RJ,Campos dos Goytacazes,Botik Sérum Alta Potência Ácido Hialurônico 30ml,2000,169.9,59.0,Maquiagem e Skincare,REV0012,,,,,,,
VND00539,2024-06-02 20:50:24,Ecomm multi,mooz cartões,SP,Osasco,Lily Creme Acetinado Hidratante Corporal 250g,2,149.9,45.0,Perfumaria Feminina,,CLI0083,Feminino,1964-10-03,,Entregue no Prazo,BOTAO20,Sim
VND00540,2025-05-28 15:46:38,Ecomm mono,mooz pix,MG,Juiz de Fora,Malbec Desodorante Colônia 100ml,2,209.9,84.0,Perfumaria Masculina,,CLI0174,Não-binário,1968-10-18,,Entregue no Prazo,BOTAO20,Sim
VND00540,2025-05-28 15:46:38,Ecomm mono,mooz pix,MG,Juiz de Fora,Floratta Red Desodorante Colônia 75ml,2,229.9,92.0,Perfumaria Feminina,,CLI0174,Não-binário,1968-10-18,,Entregue no Prazo,BOTAO20,Sim
VND00541,2025-05-24 20:00:09,Ecomm mono,mooz cartões,RJ,Angra dos Reis,Botik Sérum Alta Potência Ácido Hialurônico 30ml,1,169.9,59.0,Maquiagem e Skincare,,CLI0049,Não-binário,1964-09-25,,Entregue no Prazo,BOTAO20,Não
VND00542,2025-05-14 12:54:18,Ecomm multi,mooz pix,MG,Poços de Caldas,Cuide-se Bem Loção Corporal Deleite 200ml,4,78.9,24.0,Cuidados e Corpo,,CLI0349,Não-binário,1988-04-28,,Entregue com Atraso,,Não
VND00543,2025-11-29 19:41:03,lojas,outros meios de pagamento,PR,Curitiba,Cuide-se Bem Loção Corporal Deleite 200ml,2,78.9,24.0,Cuidados e Corpo,FRQ005,,,,,,,
VND00544,2026-05-24 13:24:55,Ecomm multi,mooz cartões,MT,Várzea Grande,Malbec Desodorante Colônia 100ml,4,209.9,84.0,Perfumaria Masculina,,CLI0239,Masculino,1996-10-02,,Entregue no Prazo,QUERO10,Sim
VND00544,2026-05-24 13:24:55,Ecomm multi,mooz cartões,MT,Várzea Grande,Floratta Red Desodorante Colônia 75ml,3,229.9,92.0,Perfumaria Feminina,,CLI0239,Masculino,1996-10-02,,Entregue no Prazo,QUERO10,Sim
VND00545,2025-05-12 20:47:30,VD,mooz pix,SP,São José dos Campos,Make B. Base Líquida Mate Salicylic 30g,4,109.9,38.0,Maquiagem e Skincare,REV0005,,,,,,,
VND00545,2025-05-12 20:47:30,VD,mooz pix,SP,São José dos Campos,Malbec Desodorante Colônia 100ml,1,209.9,84.0,Perfumaria Masculina,REV0005,,,,,,,
VND00546,2024-08-06 22:55:01,Ecomm multi,mooz pix,SP,Osasco,Malbec Desodorante Colônia 100ml,4,209.9,84.0,Perfumaria Masculina,,CLI0326,Masculino,2006-03-03,Amei o cheiro!,Entregue no Prazo,MAES15,Sim
VND00547,2025-06-21 08:57:16,lojas,mooz cartões,PR,Londrina,Malbec Gold Desodorante Colônia 100ml,3,195.9,78.0,Perfumaria Masculina,FRQ029,,,,,,,
VND00548,2025-05-08 13:44:50,lojas,outros meios de pagamento,PR,Guarapuava,Malbec Desodorante Colônia 100ml,1,209.9,84.0,Perfumaria Masculina,FRQ012,,,,,,,
VND00548,2025-05-08 13:44:50,lojas,outros meios de pagamento,PR,Guarapuava,Make B. Base Líquida Mate Salicylic 30g,2,109.9,38.0,Maquiagem e Skincare,FRQ012,,,,,,,
VND00549,2025-11-14 20:09:20,Ecomm mono,mooz cartões,MG,Juiz de Fora,Lily Creme Acetinado Hidratante Corporal 250g,1,149.9,45.0,Perfumaria Feminina,,CLI0235,Masculino,1965-04-04,,Entregue no Prazo,,Não
VND00549,2025-11-14 20:09:20,Ecomm mono,mooz cartões,MG,Juiz de Fora,Botik Sérum Alta Potência Ácido Hialurônico 30ml,2,169.9,59.0,Maquiagem e Skincare,,CLI0235,Masculino,1965-04-04,,Entregue no Prazo,,Não
VND00550,2024-04-09 20:47:12,Ecomm multi,mooz cartões,PR,Guarapuava,Make B. Base Líquida Mate Salicylic 30g,3,109.9,38.0,Maquiagem e Skincare,,CLI0111,Feminino,2002-02-12,Chegou super rápido.,Entregue no Prazo,BOTAO20,Sim
VND00550,2024-04-09 20:47:12,Ecomm multi,mooz cartões,PR,Guarapuava,Lily Creme Acetinado Hidratante Corporal 250g,3,149.9,45.0,Perfumaria Feminina,,CLI0111,Feminino,2002-02-12,Chegou super rápido.,Entregue no Prazo,BOTAO20,Sim
VND00551,2026-06-07 12:31:41,Ecomm multi,mooz pix,SP,Mauá,Lily Creme Acetinado Hidratante Corporal 250g,2,149.9,45.0,Perfumaria Feminina,,CLI0181,Feminino,1990-01-24,,Entregue no Prazo,,Não
VND00552,2025-01-17 20:38:10,Ecomm multi,mooz pix,GO,Rio Verde,Cuide-se Bem Loção Corporal Deleite 200ml,1,78.9,24.0,Cuidados e Corpo,,CLI0338,Não-binário,1961-10-18,,Entregue no Prazo,,Sim
VND00552,2025-01-17 20:38:10,Ecomm multi,mooz pix,GO,Rio Verde,Malbec Desodorante Colônia 100ml,1,209.9,84.0,Perfumaria Masculina,,CLI0338,Não-binário,1961-10-18,,Entregue no Prazo,,Sim
VND00553,2025-02-25 08:47:48,VD,outros meios de pagamento,BA,Porto Seguro,Lily Lumière Eau de Parfum 75ml,3,329.9,145.0,Perfumaria Feminina,REV0065,,,,,,,
VND00553,2025-02-25 08:47:48,VD,outros meios de pagamento,BA,Porto Seguro,Cuide-se Bem Loção Corporal Deleite 200ml,4,78.9,24.0,Cuidados e Corpo,REV0065,,,,,,,
VND00554,2024-04-27 13:30:07,Ecomm mono,mooz pix,MG,Uberaba,Lily Creme Acetinado Hidratante Corporal 250g,3,149.9,45.0,Perfumaria Feminina,,CLI0331,Masculino,1981-02-15,,Entregue no Prazo,,Não
VND00555,2025-11-05 13:53:57,Ecomm multi,mooz cartões,MG,Belo Horizonte,Malbec Gold Desodorante Colônia 100ml,3,195.9,78.0,Perfumaria Masculina,,CLI0213,Não-binário,1988-01-03,A entrega atrasou muito.,Entregue no Prazo,,Não
VND00555,2025-11-05 13:53:57,Ecomm multi,mooz cartões,MG,Belo Horizonte,Malbec Desodorante Colônia 100ml,4,209.9,84.0,Perfumaria Masculina,,CLI0213,Não-binário,1988-01-03,A entrega atrasou muito.,Entregue no Prazo,,Não
VND00556,2025-02-04 20:41:25,VD,outros meios de pagamento,PE,Petrolina,Malbec Desodorante Colônia 100ml,2,209.9,84.0,Perfumaria Masculina,REV0017,,,,,,,
VND00556,2025-02-04 20:41:25,VD,outros meios de pagamento,PE,Petrolina,Malbec Gold Desodorante Colônia 100ml,2,195.9,78.0,Perfumaria Masculina,REV0017,,,,,,,
VND00557,2024-05-09 13:40:36,Ecomm multi,mooz pix,RJ,Macaé,Floratta Red Desodorante Colônia 75ml,2,229.9,92.0,Perfumaria Feminina,,CLI0082,Feminino,1992-02-28,Amei o cheiro!,Entregue no Prazo,,Não
VND00557,2024-05-09 13:40:36,Ecomm multi,mooz pix,RJ,Macaé,Malbec Gold Desodorante Colônia 100ml,1,195.9,78.0,Perfumaria Masculina,,CLI0082,Feminino,1992-02-28,Amei o cheiro!,Entregue no Prazo,,Não
VND00558,2025-01-01 20:41:57,lojas,mooz pix,MG,Ouro Preto,Botik Sérum Alta Potência Ácido Hialurônico 30ml,4,169.9,59.0,Maquiagem e Skincare,FRQ018,,,,,,,
VND00559,2025-11-06 19:05:59,lojas,outros meios de pagamento,SP,São Paulo,Floratta Red Desodorante Colônia 75ml,1,229.9,92.0,Perfumaria Feminina,FRQ019,,,,,,,
VND00560,2024-10-16 13:11:05,VD,mooz pix,RS,Passo Fundo,Malbec Desodorante Colônia 100ml,4,209.9,84.0,Perfumaria Masculina,REV0047,,,,,,,
VND00561,2025-02-27 12:40:04,lojas,outros meios de pagamento,CE,Juazeiro No Norte,Malbec Desodorante Colônia 100ml,4,209.9,84.0,Perfumaria Masculina,FRQ013,,,,,,,
VND00562,2024-07-03 20:57:11,VD,mooz cartões,SP,Sorocaba,Floratta Red Desodorante Colônia 75ml,1,229.9,92.0,Perfumaria Feminina,REV0045,,,,,,,
VND00563,2024-05-04 20:01:34,VD,outros meios de pagamento,MG,Divinópolis,Malbec Gold Desodorante Colônia 100ml,3,195.9,78.0,Perfumaria Masculina,REV0098,,,,,,,
VND00564,2024-08-10 12:08:14,VD,outros meios de pagamento,SP,Piracicaba,Malbec Gold Desodorante Colônia 100ml,2,195.9,78.0,Perfumaria Masculina,REV0017,,,,,,,
VND00565,2024-12-22 20:41:18,Ecomm multi,mooz pix,DF,Brasília,Cuide-se Bem Loção Corporal Deleite 200ml,4,78.9,24.0,Cuidados e Corpo,,CLI0205,Não-binário,1996-10-22,Chegou super rápido.,Entregue com Atraso,,Não
VND00565,2024-12-22 20:41:18,Ecomm multi,mooz pix,DF,Brasília,Lily Lumière Eau de Parfum 75ml,3,329.9,145.0,Perfumaria Feminina,,CLI0205,Não-binário,1996-10-22,Chegou super rápido.,Entregue com Atraso,,Não
VND00566,2025-05-14 13:28:27,Ecomm mono,mooz pix,MT,Rondonópolis,Lily Lumière Eau de Parfum 75ml,4,329.9,145.0,Perfumaria Feminina,,CLI0056,Masculino,1961-10-18,Chegou super rápido.,Entregue no Prazo,,Não
VND00566,2025-05-14 13:28:27,Ecomm mono,mooz pix,MT,Rondonópolis,Malbec Desodorante Colônia 100ml,3,209.9,84.0,Perfumaria Masculina,,CLI0056,Masculino,1961-10-18,Chegou super rápido.,Entregue no Prazo,,Não
VND00567,2025-06-27 13:01:07,lojas,mooz pix,RJ,Volta Redonda,Cuide-se Bem Loção Corporal Deleite 200ml,1,78.9,24.0,Cuidados e Corpo,FRQ026,,,,,,,
VND00568,2025-11-18 19:57:41,Ecomm multi,mooz pix,RJ,Campos dos Goytacazes,Malbec Desodorante Colônia 100ml,4,209.9,84.0,Perfumaria Masculina,,CLI0164,Feminino,1964-07-14,,Entregue no Prazo,MAES15,Não
VND00569,2024-11-30 13:15:36,VD,mooz pix,SP,São Paulo,Cuide-se Bem Loção Corporal Deleite 200ml,3,78.9,24.0,Cuidados e Corpo,REV0074,,,,,,,
VND00570,2025-02-16 15:34:58,VD,mooz pix,SP,Jundiaí,Make B. Base Líquida Mate Salicylic 30g,4,109.9,38.0,Maquiagem e Skincare,REV0003,,,,,,,
VND00571,2024-10-08 13:22:25,VD,outros meios de pagamento,MT,Várzea Grande,Cuide-se Bem Loção Corporal Deleite 200ml,3,78.9,24.0,Cuidados e Corpo,REV0064,,,,,,,
VND00571,2024-10-08 13:22:25,VD,outros meios de pagamento,MT,Várzea Grande,Shampoo Match Escudo De Hidratação 300ml,1,47.9,14.0,Cabelos,REV0064,,,,,,,
VND00572,2025-09-24 12:14:03,VD,mooz cartões,PA,Belém,Cuide-se Bem Loção Corporal Deleite 200ml,2,78.9,24.0,Cuidados e Corpo,REV0042,,,,,,,
VND00572,2025-09-24 12:14:03,VD,mooz cartões,PA,Belém,Malbec Gold Desodorante Colônia 100ml,3,195.9,78.0,Perfumaria Masculina,REV0042,,,,,,,
VND00573,2025-12-05 20:16:56,VD,mooz cartões,SP,São Paulo,Make B. Base Líquida Mate Salicylic 30g,4,109.9,38.0,Maquiagem e Skincare,REV0010,,,,,,,
VND00574,2024-05-09 12:09:48,Ecomm multi,mooz pix,RS,Santa Maria,Malbec Desodorante Colônia 100ml,4,209.9,84.0,Perfumaria Masculina,,CLI0063,Não-binário,1975-08-26,,Entregue com Atraso,,Não
VND00575,2025-12-29 12:35:53,lojas,outros meios de pagamento,SP,Jundiaí,Lily Creme Acetinado Hidratante Corporal 250g,1,149.9,45.0,Perfumaria Feminina,FRQ024,,,,,,,
VND00576,2024-03-02 13:42:13,Ecomm multi,mooz pix,PR,Foz do Iguaçu,Malbec Desodorante Colônia 100ml,3,209.9,84.0,Perfumaria Masculina,,CLI0250,Feminino,1964-01-06,Amei o cheiro!,Entregue no Prazo,,Não
VND00576,2024-03-02 13:42:13,Ecomm multi,mooz pix,PR,Foz do Iguaçu,Cuide-se Bem Loção Corporal Deleite 200ml,4,78.9,24.0,Cuidados e Corpo,,CLI0250,Feminino,1964-01-06,Amei o cheiro!,Entregue no Prazo,,Não
VND00577,2026-05-18 12:58:08,lojas,mooz pix,GO,Aparecida de Goiânia,Make B. Base Líquida Mate Salicylic 30g,4,109.9,38.0,Maquiagem e Skincare,FRQ015,,,,,,,
VND00577,2026-05-18 12:58:08,lojas,mooz pix,GO,Aparecida de Goiânia,Floratta Red Desodorante Colônia 75ml,2,229.9,92.0,Perfumaria Feminina,FRQ015,,,,,,,
VND00578,2024-04-14 19:56:06,VD,mooz cartões,GO,Goiânia,Malbec Desodorante Colônia 100ml,4,209.9,84.0,Perfumaria Masculina,REV0059,,,,,,,
VND00579,2024-08-05 12:32:27,Ecomm mono,mooz cartões,SP,São José dos Campos,Malbec Desodorante Colônia 100ml,2,209.9,84.0,Perfumaria Masculina,,CLI0140,Não-binário,1997-10-21,Chegou super rápido.,Entregue no Prazo,,Não
VND00579,2024-08-05 12:32:27,Ecomm mono,mooz cartões,SP,São José dos Campos,Lily Lumière Eau de Parfum 75ml,3,329.9,145.0,Perfumaria Feminina,,CLI0140,Não-binário,1997-10-21,Chegou super rápido.,Entregue no Prazo,,Não
VND00580,2025-05-20 22:06:43,VD,outros meios de pagamento,PE,Olinda,Lily Lumière Eau de Parfum 75ml,1,329.9,145.0,Perfumaria Feminina,REV0015,,,,,,,
VND00581,2024-09-01 12:06:17,lojas,outros meios de pagamento,PE,Petrolina,Lily Lumière Eau de Parfum 75ml,3,329.9,145.0,Perfumaria Feminina,FRQ013,,,,,,,
VND00582,2024-12-21 12:45:38,Ecomm mono,mooz cartões,SP,Campinas,Floratta Red Desodorante Colônia 75ml,3,229.9,92.0,Perfumaria Feminina,,CLI0095,Não-binário,1994-12-10,,Entregue com Atraso,,Não
VND00582,2024-12-21 12:45:38,Ecomm mono,mooz cartões,SP,Campinas,Shampoo Match Escudo De Hidratação 300ml,3,47.9,14.0,Cabelos,,CLI0095,Não-binário,1994-12-10,,Entregue com Atraso,,Não
VND00583,2025-11-13 08:21:01,lojas,mooz pix,ES,Vitória,Lily Lumière Eau de Parfum 75ml,1,329.9,145.0,Perfumaria Feminina,FRQ006,,,,,,,
VND00583,2025-11-13 08:21:01,lojas,mooz pix,ES,Vitória,Lily Creme Acetinado Hidratante Corporal 250g,1,149.9,45.0,Perfumaria Feminina,FRQ006,,,,,,,
VND00584,2025-06-21 13:48:09,VD,mooz cartões,RJ,Duque de Caxias,Cuide-se Bem Loção Corporal Deleite 200ml,3,78.9,24.0,Cuidados e Corpo,REV0095,,,,,,,
VND00585,2026-05-13 19:07:17,VD,mooz cartões,GO,Aparecida de Goiânia,Lily Creme Acetinado Hidratante Corporal 250g,3,149.9,45.0,Perfumaria Feminina,REV0029,,,,,,,
VND00585,2026-05-13 19:07:17,VD,mooz cartões,GO,Aparecida de Goiânia,Floratta Red Desodorante Colônia 75ml,4,229.9,92.0,Perfumaria Feminina,REV0029,,,,,,,
VND00586,2026-02-01 19:58:24,VD,mooz pix,ES,Serra,Cuide-se Bem Loção Corporal Deleite 200ml,4,78.9,24.0,Cuidados e Corpo,REV0087,,,,,,,
VND00586,2026-02-01 19:58:24,VD,mooz pix,ES,Serra,Malbec Desodorante Colônia 100ml,2,209.9,84.0,Perfumaria Masculina,REV0087,,,,,,,
VND00587,2025-11-26 19:21:25,Ecomm multi,mooz pix,SP,Osasco,Lily Creme Acetinado Hidratante Corporal 250g,3,149.9,45.0,Perfumaria Feminina,,CLI0098,Feminino,1995-03-09,,Entregue com Atraso,MAES15,Sim
VND00587,2025-11-26 19:21:25,Ecomm multi,mooz pix,SP,Osasco,Floratta Red Desodorante Colônia 75ml,4,229.9,92.0,Perfumaria Feminina,,CLI0098,Feminino,1995-03-09,,Entregue com Atraso,MAES15,Sim
VND00588,2024-05-30 22:09:33,Ecomm mono,mooz cartões,PR,Cascavel,Lily Lumière Eau de Parfum 75ml,3,,145.0,Perfumaria Feminina,,CLI0250,Feminino,1964-01-06,O produto veio quebrado.,Entregue no Prazo,BOTAO20,Não
VND00589,2024-12-26 19:00:03,Ecomm mono,mooz cartões,SP,Sorocaba,Malbec Gold Desodorante Colônia 100ml,2,195.9,78.0,Perfumaria Masculina,,CLI0146,Feminino,1962-04-16,,Entregue com Atraso,QUERO10,Sim
VND00589,2024-12-26 19:00:03,Ecomm mono,mooz cartões,SP,Sorocaba,Lily Creme Acetinado Hidratante Corporal 250g,3,149.9,45.0,Perfumaria Feminina,,CLI0146,Feminino,1962-04-16,,Entregue com Atraso,QUERO10,Sim
VND00590,2024-11-05 12:11:36,Ecomm multi,mooz pix,SP,Bauru,Botik Sérum Alta Potência Ácido Hialurônico 30ml,3,169.9,59.0,Maquiagem e Skincare,,CLI0297,Masculino,2000-12-25,A entrega atrasou muito.,Entregue no Prazo,,Não
VND00591,2024-04-08 13:28:44,Ecomm mono,mooz pix,MG,Ipatinga,Floratta Red Desodorante Colônia 75ml,1,229.9,92.0,Perfumaria Feminina,,CLI0182,Feminino,1982-04-21,,Entregue no Prazo,,Sim
VND00592,2025-03-07 13:08:39,Ecomm mono,mooz cartões,SP,Mogi das Cruzes,Malbec Desodorante Colônia 100ml,1,209.9,84.0,Perfumaria Masculina,,CLI0263,Feminino,1981-07-23,Chegou super rápido.,Entregue no Prazo,,Não
VND00592,2025-03-07 13:08:39,Ecomm mono,mooz cartões,SP,Mogi das Cruzes,Lily Creme Acetinado Hidratante Corporal 250g,4,149.9,45.0,Perfumaria Feminina,,CLI0263,Feminino,1981-07-23,Chegou super rápido.,Entregue no Prazo,,Não
VND00593,2026-06-14 12:53:03,VD,mooz cartões,SP,Osasco,Lily Creme Acetinado Hidratante Corporal 250g,1,149.9,45.0,Perfumaria Feminina,REV0084,,,,,,,
VND00594,2024-12-05 20:07:47,VD,outros meios de pagamento,ES,Vitória,Lily Lumière Eau de Parfum 75ml,4,329.9,145.0,Perfumaria Feminina,REV0067,,,,,,,
VND00595,2025-11-22 13:09:19,Ecomm mono,mooz cartões,DF,Brasília,Malbec Desodorante Colônia 100ml,4,209.9,84.0,Perfumaria Masculina,,CLI0103,Masculino,1962-01-11,A entrega atrasou muito.,Entregue no Prazo,,Não
VND00596,2025-06-01 19:03:59,VD,mooz pix,SP,Mauá,Lily Creme Acetinado Hidratante Corporal 250g,3,149.9,45.0,Perfumaria Feminina,REV0062,,,,,,,
VND00597,2025-11-28 19:42:39,VD,mooz pix,CE,Fortaleza,Lily Creme Acetinado Hidratante Corporal 250g,2,149.9,45.0,Perfumaria Feminina,REV0082,,,,,,,
VND00598,2024-10-23 20:06:37,Ecomm multi,mooz pix,TO,Palmas,Malbec Desodorante Colônia 100ml,3,209.9,84.0,Perfumaria Masculina,,CLI0201,Masculino,1999-09-25,,Entregue no Prazo,MAES15,Sim
VND00599,2025-08-17 13:41:41,Ecomm multi,mooz cartões,RJ,Campos dos Goytacazes,Make B. Base Líquida Mate Salicylic 30g,3,109.9,38.0,Maquiagem e Skincare,,CLI0072,Feminino,1963-11-18,,Entregue no Prazo,,Não
VND00600,2026-05-31 20:22:57,Ecomm multi,mooz cartões,PR,Maringá,Shampoo Match Escudo De Hidratação 300ml,3,47.9,14.0,Cabelos,,CLI0336,Masculino,1997-07-27,,Entregue no Prazo,,Não
VND00601,2025-06-22 22:44:20,Ecomm mono,mooz pix,BA,Salvador,Lily Creme Acetinado Hidratante Corporal 250g,4,149.9,45.0,Perfumaria Feminina,,CLI0024,Masculino,2000-12-18,,Entregue no Prazo,QUERO10,Sim
VND00601,2025-06-22 22:44:20,Ecomm mono,mooz pix,BA,Salvador,Malbec Desodorante Colônia 100ml,2,209.9,84.0,Perfumaria Masculina,,CLI0024,Masculino,2000-12-18,,Entregue no Prazo,QUERO10,Sim
VND00602,2026-06-20 13:57:24,Ecomm multi,mooz cartões,SP,São Paulo,Cuide-se Bem Loção Corporal Deleite 200ml,1,78.9,24.0,Cuidados e Corpo,,CLI0059,Feminino,1964-01-28,,Entregue no Prazo,MAES15,Sim
VND00602,2026-06-20 13:57:24,Ecomm multi,mooz cartões,SP,São Paulo,Malbec Desodorante Colônia 100ml,4,209.9,84.0,Perfumaria Masculina,,CLI0059,Feminino,1964-01-28,,Entregue no Prazo,MAES15,Sim
VND00603,2024-07-23 13:31:28,Ecomm mono,mooz cartões,RJ,Nova Iguaçu,Malbec Desodorante Colônia 100ml,1,209.9,84.0,Perfumaria Masculina,,CLI0380,Masculino,1969-11-16,,Entregue no Prazo,,Não
VND00604,2025-11-15 13:02:51,lojas,mooz cartões,SC,Blumenau,Malbec Desodorante Colônia 100ml,1,209.9,84.0,Perfumaria Masculina,FRQ025,,,,,,,
VND00605,2025-05-23 12:13:36,Ecomm multi,mooz pix,RJ,Campos dos Goytacazes,Floratta Red Desodorante Colônia 75ml,1,229.9,92.0,Perfumaria Feminina,,CLI0317,Não-binário,1996-06-19,,Entregue no Prazo,,Não
VND00606,2025-06-13 20:07:31,lojas,mooz cartões,RJ,Cabo Frio,Lily Lumière Eau de Parfum 75ml,3,329.9,145.0,Perfumaria Feminina,FRQ018,,,,,,,
VND00607,2025-01-01 12:55:10,Ecomm mono,mooz cartões,PR,Foz do Iguaçu,Floratta Red Desodorante Colônia 75ml,1,229.9,92.0,Perfumaria Feminina,,CLI0266,Masculino,1980-02-25,,Entregue no Prazo,,Não
VND00608,2024-09-24 08:56:48,VD,mooz cartões,RS,Caxias do Sul,Malbec Desodorante Colônia 100ml,1,209.9,84.0,Perfumaria Masculina,REV0071,,,,,,,
VND00608,2024-09-24 08:56:48,VD,mooz cartões,RS,Caxias do Sul,Make B. Base Líquida Mate Salicylic 30g,1,109.9,38.0,Maquiagem e Skincare,REV0071,,,,,,,
VND00609,2024-04-16 12:32:14,Ecomm mono,mooz pix,MG,Ipatinga,Malbec Desodorante Colônia 100ml,4,209.9,84.0,Perfumaria Masculina,,CLI0156,Não-binário,1995-08-06,Amei o cheiro!,Entregue no Prazo,QUERO10,Sim
VND00609,2024-04-16 12:32:14,Ecomm mono,mooz pix,MG,Ipatinga,Lily Creme Acetinado Hidratante Corporal 250g,4,149.9,45.0,Perfumaria Feminina,,CLI0156,Não-binário,1995-08-06,Amei o cheiro!,Entregue no Prazo,QUERO10,Sim
VND00610,2024-05-08 13:27:35,lojas,mooz cartões,MG,Ipatinga,Lily Lumière Eau de Parfum 75ml,3,329.9,145.0,Perfumaria Feminina,FRQ004,,,,,,,
VND00610,2024-05-08 13:27:35,lojas,mooz cartões,MG,Ipatinga,Malbec Desodorante Colônia 100ml,1,209.9,84.0,Perfumaria Masculina,FRQ004,,,,,,,
VND00611,2024-08-20 12:48:56,VD,mooz cartões,MG,Ouro Preto,Malbec Gold Desodorante Colônia 100ml,4,195.9,78.0,Perfumaria Masculina,REV0008,,,,,,,
VND00612,2025-11-03 20:16:34,lojas,mooz pix,PR,Ponta Grossa,Shampoo Match Escudo De Hidratação 300ml,3,47.9,14.0,Cabelos,FRQ029,,,,,,,
VND00613,2025-05-30 20:22:57,Ecomm multi,mooz pix,RJ,Duque de Caxias,Malbec Desodorante Colônia 100ml,3,209.9,84.0,Perfumaria Masculina,,CLI0041,Feminino,2006-12-09,,Entregue com Atraso,BOTAO20,Sim
VND00613,2025-05-30 20:22:57,Ecomm multi,mooz pix,RJ,Duque de Caxias,Malbec Gold Desodorante Colônia 100ml,1,195.9,78.0,Perfumaria Masculina,,CLI0041,Feminino,2006-12-09,,Entregue com Atraso,BOTAO20,Sim
VND00614,2025-12-16 20:48:29,VD,mooz cartões,RJ,Angra dos Reis,Cuide-se Bem Loção Corporal Deleite 200ml,4,78.9,24.0,Cuidados e Corpo,REV0005,,,,,,,
VND00615,2024-03-27 20:54:39,Ecomm multi,mooz pix,CE,Fortaleza,Lily Creme Acetinado Hidratante Corporal 250g,1,149.9,45.0,Perfumaria Feminina,,CLI0196,Não-binário,2002-06-03,,Entregue no Prazo,MAES15,Não
VND00616,2025-08-28 13:01:21,Ecomm multi,mooz pix,ES,Serra,Floratta Red Desodorante Colônia 75ml,3,229.9,92.0,Perfumaria Feminina,,CLI0377,Não-binário,1981-08-13,,Entregue no Prazo,,Não
VND00616,2025-08-28 13:01:21,Ecomm multi,mooz pix,ES,Serra,Cuide-se Bem Loção Corporal Deleite 200ml,4,78.9,24.0,Cuidados e Corpo,,CLI0377,Não-binário,1981-08-13,,Entregue no Prazo,,Não
VND00617,2025-06-15 20:24:29,lojas,mooz cartões,RJ,Rio de Janeiro,Malbec Gold Desodorante Colônia 100ml,2,195.9,78.0,Perfumaria Masculina,FRQ022,,,,,,,
VND00618,2024-10-29 13:25:02,Ecomm mono,mooz pix,SP,Osasco,Malbec Gold Desodorante Colônia 100ml,2000,195.9,78.0,Perfumaria Masculina,,CLI0338,Não-binário,1961-10-18,,Entregue no Prazo,,Não
VND00618,2024-10-29 13:25:02,Ecomm mono,mooz pix,SP,Osasco,Malbec Desodorante Colônia 100ml,3,209.9,84.0,Perfumaria Masculina,,CLI0338,Não-binário,1961-10-18,,Entregue no Prazo,,Não
VND00619,2025-03-26 12:02:22,Ecomm multi,mooz cartões,PR,Guarapuava,Malbec Gold Desodorante Colônia 100ml,1,195.9,78.0,Perfumaria Masculina,,CLI0030,Não-binário,1969-05-05,,Entregue no Prazo,BOTAO20,Sim
VND00619,2025-03-26 12:02:22,Ecomm multi,mooz cartões,PR,Guarapuava,Malbec Desodorante Colônia 100ml,3,209.9,84.0,Perfumaria Masculina,,CLI0030,Não-binário,1969-05-05,,Entregue no Prazo,BOTAO20,Sim
VND00620,2025-05-21 13:40:11,lojas,outros meios de pagamento,SP,Jundiaí,Floratta Red Desodorante Colônia 75ml,1,229.9,92.0,Perfumaria Feminina,FRQ002,,,,,,,
VND00621,2025-08-16 19:35:45,lojas,mooz cartões,RJ,Nova Friburgo,Malbec Desodorante Colônia 100ml,3,209.9,84.0,Perfumaria Masculina,FRQ009,,,,,,,
VND00622,2024-12-24 22:32:28,VD,outros meios de pagamento,RJ,Niterói,Floratta Red Desodorante Colônia 75ml,3,229.9,92.0,Perfumaria Feminina,REV0031,,,,,,,
VND00623,2025-11-28 12:41:27,Ecomm mono,mooz cartões,MG,Belo Horizonte,Lily Lumière Eau de Parfum 75ml,2,329.9,145.0,Perfumaria Feminina,,CLI0185,Feminino,1999-03-08,,Entregue no Prazo,,Sim
VND00624,2025-08-28 22:38:13,Ecomm mono,mooz pix,RJ,Nova Iguaçu,Malbec Desodorante Colônia 100ml,1,209.9,84.0,Perfumaria Masculina,,CLI0194,Masculino,2003-10-26,Melhor creme da vida.,Entregue no Prazo,,Sim
VND00625,2026-01-20 13:56:33,VD,outros meios de pagamento,SP,São José dos Campos,Malbec Desodorante Colônia 100ml,3,209.9,84.0,Perfumaria Masculina,REV0085,,,,,,,
VND00625,2026-01-20 13:56:33,VD,outros meios de pagamento,SP,São José dos Campos,Cuide-se Bem Loção Corporal Deleite 200ml,3,78.9,24.0,Cuidados e Corpo,REV0085,,,,,,,
VND00626,2024-12-02 19:49:23,lojas,mooz pix,SP,Sorocaba,Make B. Base Líquida Mate Salicylic 30g,4,109.9,38.0,Maquiagem e Skincare,FRQ024,,,,,,,
VND00627,2026-06-20 12:05:22,VD,mooz pix,PA,Santarém,Malbec Desodorante Colônia 100ml,4,209.9,84.0,Perfumaria Masculina,REV0062,,,,,,,
VND00627,2026-06-20 12:05:22,VD,mooz pix,PA,Santarém,Floratta Red Desodorante Colônia 75ml,2,229.9,92.0,Perfumaria Feminina,REV0062,,,,,,,
VND00628,2025-11-12 19:16:50,Ecomm mono,mooz pix,PE,Caruaru,Malbec Desodorante Colônia 100ml,2,209.9,84.0,Perfumaria Masculina,,CLI0061,Masculino,2002-08-07,,Entregue no Prazo,,Não
VND00628,2025-11-12 19:16:50,Ecomm mono,mooz pix,PE,Caruaru,Botik Sérum Alta Potência Ácido Hialurônico 30ml,1,169.9,59.0,Maquiagem e Skincare,,CLI0061,Masculino,2002-08-07,,Entregue no Prazo,,Não
VND00629,2025-03-04 13:35:45,Ecomm multi,mooz cartões,RJ,Petrópolis,Lily Lumière Eau de Parfum 75ml,4,329.9,145.0,Perfumaria Feminina,,CLI0018,Masculino,1965-04-28,Chegou super rápido.,Entregue no Prazo,QUERO10,Sim
VND00630,2024-12-28 12:44:35,lojas,outros meios de pagamento,MG,Contagem,Lily Lumière Eau de Parfum 75ml,3,329.9,145.0,Perfumaria Feminina,FRQ004,,,,,,,
VND00631,2025-09-23 20:46:02,VD,outros meios de pagamento,PE,Caruaru,Lily Creme Acetinado Hidratante Corporal 250g,4,149.9,45.0,Perfumaria Feminina,REV0058,,,,,,,
VND00632,2026-01-21 13:49:37,VD,mooz cartões,SP,São Carlos,Malbec Desodorante Colônia 100ml,4,209.9,84.0,Perfumaria Masculina,REV0001,,,,,,,
VND00632,2026-01-21 13:49:37,VD,mooz cartões,SP,São Carlos,Lily Lumière Eau de Parfum 75ml,3,329.9,145.0,Perfumaria Feminina,REV0001,,,,,,,
VND00633,2024-04-09 13:31:21,VD,outros meios de pagamento,PB,João Pessoa,Lily Lumière Eau de Parfum 75ml,2,329.9,145.0,Perfumaria Feminina,REV0037,,,,,,,
VND00634,2026-01-18 13:33:17,Ecomm mono,mooz cartões,ES,Vila Velha,Lily Creme Acetinado Hidratante Corporal 250g,3,149.9,45.0,Perfumaria Feminina,,CLI0146,Feminino,1962-04-16,Amei o cheiro!,Entregue no Prazo,MAES15,Sim
VND00635,2026-02-10 19:14:42,Ecomm mono,mooz cartões,MG,Uberlândia,Botik Sérum Alta Potência Ácido Hialurônico 30ml,1,169.9,59.0,Maquiagem e Skincare,,CLI0106,Feminino,1967-02-23,,Entregue no Prazo,,Não
VND00636,2024-07-18 08:53:52,VD,mooz pix,PR,Foz do Iguaçu,Lily Lumière Eau de Parfum 75ml,4,329.9,145.0,Perfumaria Feminina,REV0037,,,,,,,
VND00636,2024-07-18 08:53:52,VD,mooz pix,PR,Foz do Iguaçu,Floratta Red Desodorante Colônia 75ml,3,229.9,92.0,Perfumaria Feminina,REV0037,,,,,,,
VND00637,2026-05-15 12:56:27,Ecomm multi,mooz pix,RJ,Niterói,Lily Creme Acetinado Hidratante Corporal 250g,1,149.9,45.0,Perfumaria Feminina,,CLI0071,Feminino,1964-08-26,,Entregue no Prazo,,Sim
VND00637,2026-05-15 12:56:27,Ecomm multi,mooz pix,RJ,Niterói,Lily Lumière Eau de Parfum 75ml,3,329.9,145.0,Perfumaria Feminina,,CLI0071,Feminino,1964-08-26,,Entregue no Prazo,,Sim
VND00638,2026-03-06 12:44:20,VD,mooz pix,PA,Belém,Make B. Base Líquida Mate Salicylic 30g,1,109.9,38.0,Maquiagem e Skincare,REV0091,,,,,,,
VND00638,2026-03-06 12:44:20,VD,mooz pix,PA,Belém,Cuide-se Bem Loção Corporal Deleite 200ml,2,78.9,24.0,Cuidados e Corpo,REV0091,,,,,,,
VND00639,2024-05-14 19:56:05,lojas,mooz cartões,CE,Juazeiro No Norte,Malbec Desodorante Colônia 100ml,2,209.9,84.0,Perfumaria Masculina,FRQ003,,,,,,,
VND00640,2025-10-15 20:33:42,lojas,mooz pix,SP,Franca,Cuide-se Bem Loção Corporal Deleite 200ml,4,78.9,24.0,Cuidados e Corpo,FRQ008,,,,,,,
VND00641,2024-04-08 13:56:57,Ecomm mono,mooz pix,MA,Imperatriz,Malbec Desodorante Colônia 100ml,3,209.9,84.0,Perfumaria Masculina,,CLI0167,Feminino,1996-07-16,,Entregue no Prazo,MAES15,Não
VND00642,2025-12-22 19:56:30,Ecomm multi,mooz pix,SE,Aracaju,Make B. Base Líquida Mate Salicylic 30g,4,109.9,38.0,Maquiagem e Skincare,,CLI0015,Masculino,2000-10-28,Suporte não responde.,Entregue no Prazo,MAES15,Sim
VND00643,2024-08-12 19:52:02,Ecomm mono,mooz pix,RJ,Volta Redonda,Malbec Desodorante Colônia 100ml,3,209.9,84.0,Perfumaria Masculina,,CLI0114,Feminino,1971-12-11,,Entregue no Prazo,,Não
VND00643,2024-08-12 19:52:02,Ecomm mono,mooz pix,RJ,Volta Redonda,Cuide-se Bem Loção Corporal Deleite 200ml,1,78.9,24.0,Cuidados e Corpo,,CLI0114,Feminino,1971-12-11,,Entregue no Prazo,,Não
VND00644,2025-06-15 13:34:12,lojas,outros meios de pagamento,MG,Uberaba,Lily Creme Acetinado Hidratante Corporal 250g,2,149.9,45.0,Perfumaria Feminina,FRQ028,,,,,,,
VND00644,2025-06-15 13:34:12,lojas,outros meios de pagamento,MG,Uberaba,Lily Lumière Eau de Parfum 75ml,2,329.9,145.0,Perfumaria Feminina,FRQ028,,,,,,,
VND00645,2024-06-09 08:01:14,lojas,mooz cartões,SE,Aracaju,Malbec Desodorante Colônia 100ml,4,209.9,84.0,Perfumaria Masculina,FRQ024,,,,,,,
VND00646,2026-06-16 20:05:04,VD,outros meios de pagamento,SC,Chapecó,Lily Lumière Eau de Parfum 75ml,2,329.9,145.0,Perfumaria Feminina,REV0003,,,,,,,
VND00647,2026-05-29 22:20:27,VD,mooz pix,SP,Osasco,Malbec Desodorante Colônia 100ml,4,209.9,84.0,Perfumaria Masculina,REV0059,,,,,,,
VND00648,2025-03-15 08:26:35,Ecomm mono,mooz pix,RJ,Duque de Caxias,Make B. Base Líquida Mate Salicylic 30g,3,109.9,38.0,Maquiagem e Skincare,,CLI0360,Feminino,1968-01-12,,Entregue no Prazo,,Não
VND00649,2026-01-01 12:14:36,VD,mooz pix,MA,São Luís,Lily Creme Acetinado Hidratante Corporal 250g,1,149.9,45.0,Perfumaria Feminina,REV0058,,,,,,,
VND00650,2024-12-06 19:40:05,VD,outros meios de pagamento,PR,Maringá,Make B. Base Líquida Mate Salicylic 30g,1,109.9,38.0,Maquiagem e Skincare,REV0027,,,,,,,
VND00651,2024-06-03 12:44:36,Ecomm multi,mooz cartões,MG,Contagem,Cuide-se Bem Loção Corporal Deleite 200ml,2,78.9,24.0,Cuidados e Corpo,,CLI0354,Feminino,1963-06-08,,Entregue no Prazo,,Não
VND00651,2024-06-03 12:44:36,Ecomm multi,mooz cartões,MG,Contagem,Malbec Desodorante Colônia 100ml,1,209.9,84.0,Perfumaria Masculina,,CLI0354,Feminino,1963-06-08,,Entregue no Prazo,,Não
VND00652,2025-01-19 13:00:10,VD,mooz cartões,RJ,Nova Iguaçu,Shampoo Match Escudo De Hidratação 300ml,4,47.9,14.0,Cabelos,REV0057,,,,,,,
VND00653,2025-05-13 13:55:35,Ecomm multi,mooz pix,SP,São Paulo,Malbec Desodorante Colônia 100ml,2,209.9,84.0,Perfumaria Masculina,,CLI0223,Masculino,2006-10-25,,Entregue com Atraso,MAES15,Não
VND00653,2025-05-13 13:55:35,Ecomm multi,mooz pix,SP,São Paulo,Botik Sérum Alta Potência Ácido Hialurônico 30ml,2,169.9,59.0,Maquiagem e Skincare,,CLI0223,Masculino,2006-10-25,,Entregue com Atraso,MAES15,Não
VND00654,2025-09-11 20:29:13,Ecomm mono,mooz cartões,PE,Olinda,Malbec Desodorante Colônia 100ml,1,209.9,84.0,Perfumaria Masculina,,CLI0269,Masculino,1999-08-21,,Entregue no Prazo,MAES15,Sim
VND00655,2024-07-11 20:06:34,Ecomm multi,mooz pix,PE,Recife,Malbec Desodorante Colônia 100ml,2,209.9,84.0,Perfumaria Masculina,,CLI0032,Não-binário,1997-07-12,,Entregue no Prazo,MAES15,Não
VND00655,2024-07-11 20:06:34,Ecomm multi,mooz pix,PE,Recife,Lily Lumière Eau de Parfum 75ml,500,329.9,145.0,Perfumaria Feminina,,CLI0032,Não-binário,1997-07-12,,Entregue no Prazo,MAES15,Não
VND00656,2024-11-09 20:49:25,Ecomm mono,mooz cartões,PR,Londrina,Shampoo Match Escudo De Hidratação 300ml,4,47.9,14.0,Cabelos,,CLI0304,Feminino,1978-06-12,Suporte não responde.,Entregue no Prazo,QUERO10,Não
VND00657,2025-09-11 19:51:47,Ecomm multi,mooz cartões,SP,Santos,Malbec Desodorante Colônia 100ml,4,209.9,84.0,Perfumaria Masculina,,CLI0002,Feminino,1974-03-24,,Entregue no Prazo,BOTAO20,Sim
VND00658,2024-11-27 13:03:08,Ecomm multi,mooz pix,RJ,Teresópolis,Malbec Gold Desodorante Colônia 100ml,4,195.9,78.0,Perfumaria Masculina,,CLI0242,Feminino,1971-09-03,,Entregue no Prazo,,Sim
VND00659,2026-05-08 12:33:05,lojas,mooz cartões,BA,Vitória da Conquista,Make B. Base Líquida Mate Salicylic 30g,4,109.9,38.0,Maquiagem e Skincare,FRQ023,,,,,,,
VND00660,2026-03-18 12:07:35,Ecomm multi,mooz pix,AM,Manaus,Malbec Desodorante Colônia 100ml,2,209.9,84.0,Perfumaria Masculina,,CLI0013,Feminino,2006-08-18,,Entregue no Prazo,,Não
VND00661,2024-01-11 12:23:33,lojas,mooz cartões,MG,Poços de Caldas,Cuide-se Bem Loção Corporal Deleite 200ml,3,78.9,24.0,Cuidados e Corpo,FRQ010,,,,,,,
VND00662,2025-09-13 20:41:17,Ecomm multi,mooz pix,SP,São Paulo,Lily Creme Acetinado Hidratante Corporal 250g,4,149.9,45.0,Perfumaria Feminina,,CLI0361,Feminino,1997-06-01,Chegou super rápido.,Entregue no Prazo,BOTAO20,Sim
VND00663,2024-06-26 13:55:41,VD,mooz cartões,SP,Sorocaba,Lily Creme Acetinado Hidratante Corporal 250g,2,149.9,45.0,Perfumaria Feminina,REV0004,,,,,,,
VND00663,2024-06-26 13:55:41,VD,mooz cartões,SP,Sorocaba,Cuide-se Bem Loção Corporal Deleite 200ml,2,78.9,24.0,Cuidados e Corpo,REV0004,,,,,,,
VND00664,2025-12-28 15:06:54,Ecomm mono,mooz cartões,RJ,Teresópolis,Malbec Gold Desodorante Colônia 100ml,3,195.9,78.0,Perfumaria Masculina,,CLI0315,Masculino,1989-05-07,,Entregue no Prazo,,Não
VND00665,2025-11-11 19:53:42,VD,mooz cartões,SP,Ribeirão Preto,Floratta Red Desodorante Colônia 75ml,3,229.9,92.0,Perfumaria Feminina,REV0098,,,,,,,
VND00665,2025-11-11 19:53:42,VD,mooz cartões,SP,Ribeirão Preto,Botik Sérum Alta Potência Ácido Hialurônico 30ml,3,169.9,59.0,Maquiagem e Skincare,REV0098,,,,,,,
VND00666,2025-12-06 19:11:40,VD,mooz pix,RJ,Duque de Caxias,Floratta Red Desodorante Colônia 75ml,4,229.9,92.0,Perfumaria Feminina,REV0072,,,,,,,
VND00667,2025-12-14 12:59:29,VD,mooz cartões,GO,Goiânia,Lily Lumière Eau de Parfum 75ml,3,329.9,145.0,Perfumaria Feminina,REV0024,,,,,,,
VND00667,2025-12-14 12:59:29,VD,mooz cartões,GO,Goiânia,Lily Creme Acetinado Hidratante Corporal 250g,2,149.9,45.0,Perfumaria Feminina,REV0024,,,,,,,
VND00668,2025-04-16 19:46:15,Ecomm mono,mooz cartões,PR,Maringá,Floratta Red Desodorante Colônia 75ml,4,229.9,92.0,Perfumaria Feminina,,CLI0159,Não-binário,2000-04-09,Amei o cheiro!,Entregue no Prazo,MAES15,Sim
VND00669,2024-07-11 12:12:11,Ecomm mono,mooz pix,RS,Santa Maria,Cuide-se Bem Loção Corporal Deleite 200ml,4,78.9,24.0,Cuidados e Corpo,,CLI0226,Feminino,2005-09-05,Chegou super rápido.,Entregue no Prazo,,Não
VND00670,2025-12-04 19:02:53,Ecomm multi,mooz cartões,MG,Divinópolis,Cuide-se Bem Loção Corporal Deleite 200ml,3,78.9,24.0,Cuidados e Corpo,,CLI0292,Não-binário,1960-12-05,,Entregue com Atraso,,Sim
VND00671,2026-03-02 13:13:29,Ecomm mono,mooz cartões,MG,Uberlândia,Malbec Desodorante Colônia 100ml,3,209.9,84.0,Perfumaria Masculina,,CLI0265,Feminino,1989-02-11,,Entregue no Prazo,,Não
VND00672,2025-11-05 19:02:20,VD,outros meios de pagamento,SP,Sorocaba,Cuide-se Bem Loção Corporal Deleite 200ml,3,78.9,24.0,Cuidados e Corpo,REV0002,,,,,,,
VND00673,2024-04-12 13:22:19,lojas,mooz pix,SP,Santo André,Lily Lumière Eau de Parfum 75ml,4,329.9,145.0,Perfumaria Feminina,FRQ006,,,,,,,
VND00674,2025-12-12 12:25:30,lojas,mooz pix,SP,Piracicaba,Cuide-se Bem Loção Corporal Deleite 200ml,4,78.9,24.0,Cuidados e Corpo,FRQ012,,,,,,,
VND00674,2025-12-12 12:25:30,lojas,mooz pix,SP,Piracicaba,Malbec Desodorante Colônia 100ml,2,209.9,84.0,Perfumaria Masculina,FRQ012,,,,,,,
VND00675,2025-06-03 20:27:49,Ecomm mono,mooz pix,SP,Mogi das Cruzes,Cuide-se Bem Loção Corporal Deleite 200ml,2,78.9,24.0,Cuidados e Corpo,,CLI0015,Masculino,2000-10-28,,Entregue no Prazo,,Não
VND00675,2025-06-03 20:27:49,Ecomm mono,mooz pix,SP,Mogi das Cruzes,Lily Creme Acetinado Hidratante Corporal 250g,2,149.9,45.0,Perfumaria Feminina,,CLI0015,Masculino,2000-10-28,,Entregue no Prazo,,Não
VND00676,2024-12-07 12:03:05,Ecomm mono,mooz cartões,RJ,Campos dos Goytacazes,Shampoo Match Escudo De Hidratação 300ml,2,47.9,14.0,Cabelos,,CLI0235,Masculino,1965-04-04,O produto veio quebrado.,Entregue no Prazo,QUERO10,Sim
VND00677,2025-12-02 13:49:23,VD,mooz pix,BA,Feira de Santana,Make B. Base Líquida Mate Salicylic 30g,4,109.9,38.0,Maquiagem e Skincare,REV0045,,,,,,,
VND00678,2026-05-01 13:15:48,VD,mooz pix,MT,Cuiabá,Malbec Gold Desodorante Colônia 100ml,3,195.9,78.0,Perfumaria Masculina,REV0041,,,,,,,
VND00679,2026-06-12 22:25:34,VD,mooz pix,SP,São José dos Campos,Cuide-se Bem Loção Corporal Deleite 200ml,1,78.9,24.0,Cuidados e Corpo,REV0086,,,,,,,
VND00679,2026-06-12 22:25:34,VD,mooz pix,SP,São José dos Campos,Lily Creme Acetinado Hidratante Corporal 250g,2,149.9,45.0,Perfumaria Feminina,REV0086,,,,,,,
VND00680,2024-12-14 13:00:39,Ecomm multi,mooz cartões,PR,Foz do Iguaçu,Malbec Desodorante Colônia 100ml,2,209.9,84.0,Perfumaria Masculina,,CLI0071,Feminino,1964-08-26,Amei o cheiro!,Entregue no Prazo,MAES15,Não
VND00680,2024-12-14 13:00:39,Ecomm multi,mooz cartões,PR,Foz do Iguaçu,Cuide-se Bem Loção Corporal Deleite 200ml,4,78.9,24.0,Cuidados e Corpo,,CLI0071,Feminino,1964-08-26,Amei o cheiro!,Entregue no Prazo,MAES15,Não
VND00681,2025-03-07 20:25:43,VD,mooz pix,PB,João Pessoa,Cuide-se Bem Loção Corporal Deleite 200ml,4,78.9,24.0,Cuidados e Corpo,REV0045,,,,,,,
VND00681,2025-03-07 20:25:43,VD,mooz pix,PB,João Pessoa,Botik Sérum Alta Potência Ácido Hialurônico 30ml,2000,169.9,59.0,Maquiagem e Skincare,REV0045,,,,,,,
VND00682,2025-06-03 20:29:00,Ecomm multi,mooz pix,SP,Mauá,Cuide-se Bem Loção Corporal Deleite 200ml,4,78.9,24.0,Cuidados e Corpo,,CLI0395,Feminino,1969-10-22,Amei o cheiro!,Entregue no Prazo,BOTAO20,Sim
VND00683,2024-12-09 19:23:07,lojas,mooz pix,SP,Santo André,Malbec Gold Desodorante Colônia 100ml,1,195.9,78.0,Perfumaria Masculina,FRQ025,,,,,,,
VND00684,2025-12-25 22:12:32,Ecomm multi,mooz pix,MG,Belo Horizonte,Lily Creme Acetinado Hidratante Corporal 250g,4,149.9,45.0,Perfumaria Feminina,,CLI0021,Feminino,2002-05-23,,Entregue no Prazo,,Não
VND00684,2025-12-25 22:12:32,Ecomm multi,mooz pix,MG,Belo Horizonte,Malbec Desodorante Colônia 100ml,1,209.9,84.0,Perfumaria Masculina,,CLI0021,Feminino,2002-05-23,,Entregue no Prazo,,Não
VND00685,2024-07-02 13:26:01,Ecomm multi,mooz pix,RJ,Duque de Caxias,Cuide-se Bem Loção Corporal Deleite 200ml,4,78.9,24.0,Cuidados e Corpo,,CLI0326,Masculino,2006-03-03,,Entregue no Prazo,,Sim
VND00686,2024-10-08 13:29:44,lojas,outros meios de pagamento,BA,Camaçari,Make B. Base Líquida Mate Salicylic 30g,3,109.9,38.0,Maquiagem e Skincare,FRQ019,,,,,,,
VND00687,2026-06-22 12:32:46,VD,mooz pix,PR,Cascavel,Lily Creme Acetinado Hidratante Corporal 250g,3,149.9,45.0,Perfumaria Feminina,REV0055,,,,,,,
VND00688,2025-08-07 08:19:39,lojas,outros meios de pagamento,SP,Bauru,Floratta Red Desodorante Colônia 75ml,2,229.9,92.0,Perfumaria Feminina,FRQ002,,,,,,,
VND00689,2025-03-23 19:44:49,lojas,mooz pix,SP,Santo André,Malbec Desodorante Colônia 100ml,2,209.9,84.0,Perfumaria Masculina,FRQ022,,,,,,,
VND00690,2024-10-06 20:13:01,Ecomm multi,mooz cartões,SC,Blumenau,Floratta Red Desodorante Colônia 75ml,2,229.9,92.0,Perfumaria Feminina,,CLI0137,Não-binário,2003-12-06,,Entregue no Prazo,,Não
VND00691,2024-11-28 13:39:18,Ecomm multi,mooz pix,RS,Santa Maria,Make B. Base Líquida Mate Salicylic 30g,4,109.9,38.0,Maquiagem e Skincare,,CLI0305,Não-binário,1969-04-17,,Entregue com Atraso,MAES15,Sim
VND00692,2024-03-26 13:33:23,Ecomm mono,mooz pix,RJ,Campos dos Goytacazes,Malbec Desodorante Colônia 100ml,4,209.9,84.0,Perfumaria Masculina,,CLI0232,Não-binário,1967-02-13,,Entregue no Prazo,BOTAO20,Sim
VND00693,2026-02-22 19:18:35,Ecomm multi,mooz cartões,SP,Mauá,Malbec Desodorante Colônia 100ml,2,209.9,84.0,Perfumaria Masculina,,CLI0276,Feminino,1991-12-10,Amei o cheiro!,Entregue no Prazo,,Não
VND00694,2025-09-05 13:49:23,VD,outros meios de pagamento,SP,São Carlos,Malbec Desodorante Colônia 100ml,3,209.9,84.0,Perfumaria Masculina,REV0088,,,,,,,
VND00694,2025-09-05 13:49:23,VD,outros meios de pagamento,SP,São Carlos,Lily Lumière Eau de Parfum 75ml,2,329.9,145.0,Perfumaria Feminina,REV0088,,,,,,,
VND00695,2025-04-05 19:55:11,Ecomm multi,mooz pix,RJ,Rio de Janeiro,Lily Lumière Eau de Parfum 75ml,4,329.9,145.0,Perfumaria Feminina,,CLI0172,Masculino,2002-11-26,,Entregue no Prazo,,Não
VND00696,2025-02-24 12:01:39,lojas,mooz cartões,RJ,Cabo Frio,Botik Sérum Alta Potência Ácido Hialurônico 30ml,4,169.9,59.0,Maquiagem e Skincare,FRQ020,,,,,,,
VND00696,2025-02-24 12:01:39,lojas,mooz cartões,RJ,Cabo Frio,Lily Lumière Eau de Parfum 75ml,2,329.9,145.0,Perfumaria Feminina,FRQ020,,,,,,,
VND00697,2026-06-03 20:58:10,Ecomm multi,mooz pix,SP,Piracicaba,Cuide-se Bem Loção Corporal Deleite 200ml,3,78.9,24.0,Cuidados e Corpo,,CLI0123,Não-binário,2003-09-11,,Entregue no Prazo,,Não
VND00698,2025-12-01 19:15:50,lojas,mooz pix,AL,Maceió,Malbec Desodorante Colônia 100ml,2,209.9,84.0,Perfumaria Masculina,FRQ026,,,,,,,
VND00698,2025-12-01 19:15:50,lojas,mooz pix,AL,Maceió,Shampoo Match Escudo De Hidratação 300ml,1,,14.0,Cabelos,FRQ026,,,,,,,
VND00699,2025-07-04 20:49:38,VD,mooz pix,SP,São José dos Campos,Lily Creme Acetinado Hidratante Corporal 250g,4,149.9,45.0,Perfumaria Feminina,REV0093,,,,,,,
VND00700,2024-05-07 12:54:16,VD,outros meios de pagamento,SP,Santos,Cuide-se Bem Loção Corporal Deleite 200ml,2,78.9,24.0,Cuidados e Corpo,REV0047,,,,,,,
VND00701,2024-09-27 19:41:44,VD,mooz pix,SP,São Carlos,Malbec Gold Desodorante Colônia 100ml,3,195.9,78.0,Perfumaria Masculina,REV0091,,,,,,,
VND00702,2025-12-06 12:50:28,Ecomm mono,mooz pix,SP,Mogi das Cruzes,Botik Sérum Alta Potência Ácido Hialurônico 30ml,3,169.9,59.0,Maquiagem e Skincare,,CLI0019,Feminino,1984-05-15,,Entregue no Prazo,MAES15,Sim
VND00702,2025-12-06 12:50:28,Ecomm mono,mooz pix,SP,Mogi das Cruzes,Shampoo Match Escudo De Hidratação 300ml,3,47.9,14.0,Cabelos,,CLI0019,Feminino,1984-05-15,,Entregue no Prazo,MAES15,Sim
VND00703,2025-12-12 12:38:18,Ecomm multi,mooz pix,GO,Anápolis,Cuide-se Bem Loção Corporal Deleite 200ml,4,78.9,24.0,Cuidados e Corpo,,CLI0015,Masculino,2000-10-28,Melhor creme da vida.,Entregue com Atraso,MAES15,Não
VND00703,2025-12-12 12:38:18,Ecomm multi,mooz pix,GO,Anápolis,Lily Creme Acetinado Hidratante Corporal 250g,3,149.9,45.0,Perfumaria Feminina,,CLI0015,Masculino,2000-10-28,Melhor creme da vida.,Entregue com Atraso,MAES15,Não
VND00704,2024-11-17 13:24:55,Ecomm multi,mooz cartões,SP,Franca,Malbec Desodorante Colônia 100ml,3,209.9,84.0,Perfumaria Masculina,,CLI0269,Masculino,1999-08-21,,Entregue no Prazo,,Sim
VND00705,2024-06-02 12:49:46,VD,outros meios de pagamento,MG,Ouro Preto,Cuide-se Bem Loção Corporal Deleite 200ml,1,78.9,24.0,Cuidados e Corpo,REV0046,,,,,,,
VND00706,2024-12-03 19:17:35,VD,mooz cartões,SP,São José dos Campos,Botik Sérum Alta Potência Ácido Hialurônico 30ml,3,169.9,59.0,Maquiagem e Skincare,REV0073,,,,,,,
VND00706,2024-12-03 19:17:35,VD,mooz cartões,SP,São José dos Campos,Make B. Base Líquida Mate Salicylic 30g,2,109.9,38.0,Maquiagem e Skincare,REV0073,,,,,,,
VND00707,2024-05-15 20:03:13,lojas,mooz cartões,RO,Porto Velho,Lily Lumière Eau de Parfum 75ml,1,329.9,145.0,Perfumaria Feminina,FRQ015,,,,,,,
VND00708,2025-10-11 22:30:07,Ecomm multi,mooz cartões,SP,São José dos Campos,Malbec Desodorante Colônia 100ml,4,209.9,84.0,Perfumaria Masculina,,CLI0102,Feminino,1965-11-14,,Entregue no Prazo,MAES15,Sim
VND00709,2025-09-07 12:40:11,Ecomm mono,mooz pix,SP,Santo André,Cuide-se Bem Loção Corporal Deleite 200ml,3,78.9,24.0,Cuidados e Corpo,,CLI0146,Feminino,1962-04-16,Melhor creme da vida.,Entregue no Prazo,,Não
VND00710,2025-06-05 19:10:11,VD,mooz pix,SP,Jundiaí,Cuide-se Bem Loção Corporal Deleite 200ml,4,78.9,24.0,Cuidados e Corpo,REV0039,,,,,,,
VND00711,2025-12-04 19:11:12,VD,mooz cartões,RJ,Nova Iguaçu,Floratta Red Desodorante Colônia 75ml,4,229.9,92.0,Perfumaria Feminina,REV0040,,,,,,,
VND00711,2025-12-04 19:11:12,VD,mooz cartões,RJ,Nova Iguaçu,Malbec Desodorante Colônia 100ml,2,209.9,84.0,Perfumaria Masculina,REV0040,,,,,,,
VND00712,2024-06-07 13:12:49,Ecomm multi,mooz cartões,MS,Campo Grande,Lily Creme Acetinado Hidratante Corporal 250g,4,149.9,45.0,Perfumaria Feminina,,CLI0313,Feminino,1964-08-12,Melhor creme da vida.,Entregue no Prazo,,Não
VND00713,2024-10-02 08:16:30,Ecomm mono,mooz pix,RS,Caxias do Sul,Malbec Desodorante Colônia 100ml,4,209.9,84.0,Perfumaria Masculina,,CLI0157,Não-binário,1988-05-25,,Entregue no Prazo,,Sim
VND00714,2024-12-28 12:08:29,Ecomm mono,mooz cartões,PR,Foz do Iguaçu,Malbec Desodorante Colônia 100ml,2,209.9,84.0,Perfumaria Masculina,,CLI0107,Feminino,1994-01-27,Chegou super rápido.,Entregue no Prazo,MAES15,Sim
VND00715,2026-05-26 22:04:15,lojas,mooz pix,MG,Ipatinga,Malbec Desodorante Colônia 100ml,1,209.9,84.0,Perfumaria Masculina,FRQ024,,,,,,,
VND00715,2026-05-26 22:04:15,lojas,mooz pix,MG,Ipatinga,Lily Lumière Eau de Parfum 75ml,4,329.9,145.0,Perfumaria Feminina,FRQ024,,,,,,,
VND00716,2024-03-01 20:40:21,Ecomm mono,mooz pix,SP,São José dos Campos,Shampoo Match Escudo De Hidratação 300ml,4,47.9,14.0,Cabelos,,CLI0146,Feminino,1962-04-16,,Entregue no Prazo,,Não
VND00717,2026-06-13 19:19:36,lojas,outros meios de pagamento,MG,Uberlândia,Lily Creme Acetinado Hidratante Corporal 250g,3,149.9,45.0,Perfumaria Feminina,FRQ015,,,,,,,
VND00718,2026-04-16 12:01:08,VD,outros meios de pagamento,SP,Piracicaba,Lily Creme Acetinado Hidratante Corporal 250g,3,149.9,45.0,Perfumaria Feminina,REV0095,,,,,,,
VND00719,2024-08-07 12:29:14,Ecomm multi,mooz pix,SP,Sorocaba,Botik Sérum Alta Potência Ácido Hialurônico 30ml,2,169.9,59.0,Maquiagem e Skincare,,CLI0102,Feminino,1965-11-14,,Entregue no Prazo,BOTAO20,Não
VND00719,2024-08-07 12:29:14,Ecomm multi,mooz pix,SP,Sorocaba,Cuide-se Bem Loção Corporal Deleite 200ml,4,78.9,24.0,Cuidados e Corpo,,CLI0102,Feminino,1965-11-14,,Entregue no Prazo,BOTAO20,Não
VND00720,2026-03-28 08:33:03,Ecomm mono,mooz cartões,SP,Mogi das Cruzes,Malbec Desodorante Colônia 100ml,4,209.9,84.0,Perfumaria Masculina,,CLI0224,Masculino,1966-04-10,,Entregue no Prazo,,Não
VND00721,2024-12-07 22:47:04,VD,outros meios de pagamento,AC,Rio Branco,Cuide-se Bem Loção Corporal Deleite 200ml,1,78.9,24.0,Cuidados e Corpo,REV0069,,,,,,,
VND00722,2026-04-17 22:28:56,lojas,outros meios de pagamento,ES,Vila Velha,Malbec Desodorante Colônia 100ml,3,209.9,84.0,Perfumaria Masculina,FRQ003,,,,,,,
VND00723,2026-06-29 13:36:18,VD,outros meios de pagamento,ES,Vila Velha,Malbec Desodorante Colônia 100ml,4,209.9,84.0,Perfumaria Masculina,REV0003,,,,,,,
VND00724,2026-05-26 19:43:49,Ecomm mono,mooz pix,SE,Aracaju,Cuide-se Bem Loção Corporal Deleite 200ml,2,78.9,24.0,Cuidados e Corpo,,CLI0395,Feminino,1969-10-22,,Entregue com Atraso,,Sim
VND00725,2024-07-04 15:34:38,VD,mooz cartões,DF,Brasília,Make B. Base Líquida Mate Salicylic 30g,2,109.9,38.0,Maquiagem e Skincare,REV0042,,,,,,,
VND00726,2024-06-16 19:17:14,lojas,mooz pix,AL,Maceió,Lily Lumière Eau de Parfum 75ml,4,329.9,145.0,Perfumaria Feminina,FRQ005,,,,,,,
VND00727,2026-01-27 12:03:28,Ecomm multi,mooz pix,MG,Ouro Preto,Malbec Desodorante Colônia 100ml,1,209.9,84.0,Perfumaria Masculina,,CLI0106,Feminino,1967-02-23,,Entregue no Prazo,QUERO10,Não
VND00727,2026-01-27 12:03:28,Ecomm multi,mooz pix,MG,Ouro Preto,Floratta Red Desodorante Colônia 75ml,4,229.9,92.0,Perfumaria Feminina,,CLI0106,Feminino,1967-02-23,,Entregue no Prazo,QUERO10,Não
VND00728,2024-11-20 20:13:05,Ecomm mono,mooz pix,SP,Osasco,Cuide-se Bem Loção Corporal Deleite 200ml,1,78.9,24.0,Cuidados e Corpo,,CLI0261,Não-binário,1982-07-11,O produto veio quebrado.,Entregue no Prazo,,Não
VND00729,2025-10-29 19:44:05,Ecomm multi,mooz pix,SP,São Paulo,Malbec Gold Desodorante Colônia 100ml,2,195.9,78.0,Perfumaria Masculina,,CLI0141,Masculino,1989-08-15,,Entregue no Prazo,,Sim
VND00730,2024-05-11 15:08:44,Ecomm multi,mooz cartões,SP,São Paulo,Malbec Desodorante Colônia 100ml,2,209.9,84.0,Perfumaria Masculina,,CLI0108,Masculino,1997-09-05,Melhor creme da vida.,Entregue com Atraso,,Não
VND00731,2024-11-09 13:23:58,Ecomm mono,mooz pix,PE,Recife,Malbec Desodorante Colônia 100ml,2,209.9,84.0,Perfumaria Masculina,,CLI0014,Feminino,1984-02-18,O produto veio quebrado.,Entregue no Prazo,,Não
VND00732,2024-08-16 13:04:07,Ecomm multi,mooz pix,SP,Mauá,Floratta Red Desodorante Colônia 75ml,2000,229.9,92.0,Perfumaria Feminina,,CLI0275,Feminino,1967-08-04,Chegou super rápido.,Entregue no Prazo,,Não
VND00732,2024-08-16 13:04:07,Ecomm multi,mooz pix,SP,Mauá,Malbec Desodorante Colônia 100ml,2,209.9,84.0,Perfumaria Masculina,,CLI0275,Feminino,1967-08-04,Chegou super rápido.,Entregue no Prazo,,Não
VND00733,2025-08-07 13:14:32,lojas,mooz cartões,RJ,Nova Iguaçu,Make B. Base Líquida Mate Salicylic 30g,4,109.9,38.0,Maquiagem e Skincare,FRQ022,,,,,,,
VND00734,2025-09-21 22:14:16,lojas,outros meios de pagamento,SP,Jundiaí,Cuide-se Bem Loção Corporal Deleite 200ml,4,78.9,24.0,Cuidados e Corpo,FRQ010,,,,,,,
VND00735,2025-06-16 13:56:17,lojas,mooz pix,RJ,Volta Redonda,Cuide-se Bem Loção Corporal Deleite 200ml,1,78.9,24.0,Cuidados e Corpo,FRQ012,,,,,,,
VND00735,2025-06-16 13:56:17,lojas,mooz pix,RJ,Volta Redonda,Shampoo Match Escudo De Hidratação 300ml,1,47.9,14.0,Cabelos,FRQ012,,,,,,,
VND00736,2024-07-05 22:40:02,lojas,mooz cartões,ES,Vila Velha,Lily Creme Acetinado Hidratante Corporal 250g,4,149.9,45.0,Perfumaria Feminina,FRQ011,,,,,,,
VND00737,2024-12-11 20:57:11,Ecomm mono,mooz pix,SP,Bauru,Malbec Gold Desodorante Colônia 100ml,3,195.9,78.0,Perfumaria Masculina,,CLI0250,Feminino,1964-01-06,,Entregue com Atraso,,Não
VND00737,2024-12-11 20:57:11,Ecomm mono,mooz pix,SP,Bauru,Floratta Red Desodorante Colônia 75ml,2,229.9,92.0,Perfumaria Feminina,,CLI0250,Feminino,1964-01-06,,Entregue com Atraso,,Não
VND00738,2024-05-03 12:18:08,Ecomm mono,mooz pix,SP,São José dos Campos,Malbec Desodorante Colônia 100ml,2,209.9,84.0,Perfumaria Masculina,,CLI0224,Masculino,1966-04-10,,Entregue com Atraso,BOTAO20,Não
VND00739,2024-12-28 19:49:09,VD,outros meios de pagamento,SP,Sorocaba,Malbec Desodorante Colônia 100ml,2,209.9,84.0,Perfumaria Masculina,REV0070,,,,,,,
VND00740,2025-09-25 12:59:48,lojas,outros meios de pagamento,SP,Mogi das Cruzes,Make B. Base Líquida Mate Salicylic 30g,4,109.9,38.0,Maquiagem e Skincare,FRQ014,,,,,,,
VND00741,2025-05-02 13:08:46,Ecomm mono,mooz cartões,AM,Manaus,Lily Creme Acetinado Hidratante Corporal 250g,4,149.9,45.0,Perfumaria Feminina,,CLI0129,Masculino,1962-12-14,Melhor creme da vida.,Entregue com Atraso,,Não
VND00742,2024-03-13 19:17:08,Ecomm multi,mooz cartões,MG,Poços de Caldas,Malbec Desodorante Colônia 100ml,500,209.9,84.0,Perfumaria Masculina,,CLI0345,Não-binário,1997-12-24,Amei o cheiro!,Entregue no Prazo,MAES15,Não
VND00743,2025-06-20 13:40:38,Ecomm multi,mooz cartões,GO,Aparecida de Goiânia,Cuide-se Bem Loção Corporal Deleite 200ml,3,78.9,24.0,Cuidados e Corpo,,CLI0153,Feminino,1989-03-26,,Entregue no Prazo,,Não
VND00744,2024-09-18 13:29:27,lojas,outros meios de pagamento,SC,Chapecó,Lily Creme Acetinado Hidratante Corporal 250g,1,149.9,45.0,Perfumaria Feminina,FRQ025,,,,,,,
VND00745,2025-11-11 19:44:27,Ecomm multi,mooz cartões,SP,Jundiaí,Malbec Desodorante Colônia 100ml,4,209.9,84.0,Perfumaria Masculina,,CLI0054,Masculino,1988-09-15,,Entregue com Atraso,MAES15,Sim
VND00745,2025-11-11 19:44:27,Ecomm multi,mooz cartões,SP,Jundiaí,Malbec Gold Desodorante Colônia 100ml,3,195.9,78.0,Perfumaria Masculina,,CLI0054,Masculino,1988-09-15,,Entregue com Atraso,MAES15,Sim
VND00746,2025-05-12 08:31:14,Ecomm multi,mooz pix,SP,Campinas,Malbec Desodorante Colônia 100ml,4,209.9,84.0,Perfumaria Masculina,,CLI0400,Masculino,1996-10-03,,Entregue com Atraso,,Sim
VND00746,2025-05-12 08:31:14,Ecomm multi,mooz pix,SP,Campinas,Make B. Base Líquida Mate Salicylic 30g,1,109.9,38.0,Maquiagem e Skincare,,CLI0400,Masculino,1996-10-03,,Entregue com Atraso,,Sim
VND00747,2025-06-19 19:25:52,Ecomm multi,mooz cartões,RJ,Nova Iguaçu,Cuide-se Bem Loção Corporal Deleite 200ml,4,78.9,24.0,Cuidados e Corpo,,CLI0291,Masculino,1966-08-04,Amei o cheiro!,Entregue no Prazo,,Não
VND00748,2025-11-30 13:15:17,Ecomm multi,mooz cartões,RS,Gramado,Floratta Red Desodorante Colônia 75ml,4,229.9,92.0,Perfumaria Feminina,,CLI0235,Masculino,1965-04-04,Melhor creme da vida.,Entregue no Prazo,BOTAO20,Não
VND00748,2025-11-30 13:15:17,Ecomm multi,mooz cartões,RS,Gramado,Malbec Desodorante Colônia 100ml,2,209.9,84.0,Perfumaria Masculina,,CLI0235,Masculino,1965-04-04,Melhor creme da vida.,Entregue no Prazo,BOTAO20,Não
VND00749,2026-05-27 08:22:39,lojas,mooz pix,MG,Contagem,Malbec Desodorante Colônia 100ml,4,209.9,84.0,Perfumaria Masculina,FRQ004,,,,,,,
VND00749,2026-05-27 08:22:39,lojas,mooz pix,MG,Contagem,Lily Creme Acetinado Hidratante Corporal 250g,2,149.9,45.0,Perfumaria Feminina,FRQ004,,,,,,,
VND00750,2024-07-26 12:45:31,Ecomm mono,mooz pix,SP,Bauru,Malbec Desodorante Colônia 100ml,2,209.9,84.0,Perfumaria Masculina,,CLI0225,Feminino,1983-03-10,,Entregue no Prazo,,Não
VND00751,2025-07-27 13:35:34,lojas,mooz pix,MG,Poços de Caldas,Malbec Desodorante Colônia 100ml,1,209.9,84.0,Perfumaria Masculina,FRQ023,,,,,,,
VND00752,2026-05-22 22:45:21,Ecomm mono,mooz pix,SP,Santos,Malbec Gold Desodorante Colônia 100ml,2,195.9,78.0,Perfumaria Masculina,,CLI0198,Não-binário,1966-07-12,,Entregue no Prazo,,Não
VND00753,2024-10-07 12:14:53,lojas,mooz cartões,SP,São Carlos,Cuide-se Bem Loção Corporal Deleite 200ml,2,78.9,24.0,Cuidados e Corpo,FRQ008,,,,,,,
VND00754,2024-10-30 22:01:54,Ecomm multi,mooz pix,SP,Mauá,Cuide-se Bem Loção Corporal Deleite 200ml,4,78.9,24.0,Cuidados e Corpo,,CLI0285,Não-binário,1989-06-28,,Entregue no Prazo,QUERO10,Sim
VND00754,2024-10-30 22:01:54,Ecomm multi,mooz pix,SP,Mauá,Shampoo Match Escudo De Hidratação 300ml,3,47.9,14.0,Cabelos,,CLI0285,Não-binário,1989-06-28,,Entregue no Prazo,QUERO10,Sim
VND00755,2024-08-28 13:22:04,lojas,mooz pix,SP,Franca,Malbec Gold Desodorante Colônia 100ml,2,195.9,78.0,Perfumaria Masculina,FRQ027,,,,,,,
VND00755,2024-08-28 13:22:04,lojas,mooz pix,SP,Franca,Cuide-se Bem Loção Corporal Deleite 200ml,4,78.9,24.0,Cuidados e Corpo,FRQ027,,,,,,,
VND00756,2025-09-10 20:22:45,lojas,mooz pix,SP,Osasco,Malbec Gold Desodorante Colônia 100ml,4,195.9,78.0,Perfumaria Masculina,FRQ019,,,,,,,
VND00757,2025-03-22 15:10:01,Ecomm multi,mooz cartões,BA,Vitória da Conquista,Cuide-se Bem Loção Corporal Deleite 200ml,3,78.9,24.0,Cuidados e Corpo,,CLI0245,Masculino,2005-05-23,Melhor creme da vida.,Entregue no Prazo,,Não
VND00758,2026-01-15 13:38:31,Ecomm multi,mooz cartões,ES,Vila Velha,Malbec Desodorante Colônia 100ml,2,209.9,84.0,Perfumaria Masculina,,CLI0111,Feminino,2002-02-12,,Entregue no Prazo,,Não
VND00758,2026-01-15 13:38:31,Ecomm multi,mooz cartões,ES,Vila Velha,Lily Lumière Eau de Parfum 75ml,4,329.9,145.0,Perfumaria Feminina,,CLI0111,Feminino,2002-02-12,,Entregue no Prazo,,Não
VND00759,2025-08-23 20:00:39,VD,outros meios de pagamento,SP,Bauru,Cuide-se Bem Loção Corporal Deleite 200ml,1,78.9,24.0,Cuidados e Corpo,REV0046,,,,,,,
VND00759,2025-08-23 20:00:39,VD,outros meios de pagamento,SP,Bauru,Lily Lumière Eau de Parfum 75ml,2,329.9,145.0,Perfumaria Feminina,REV0046,,,,,,,
VND00760,2024-12-05 22:25:36,Ecomm multi,mooz pix,SP,Mauá,Floratta Red Desodorante Colônia 75ml,3,229.9,92.0,Perfumaria Feminina,,CLI0357,Feminino,1981-03-26,Chegou super rápido.,Entregue no Prazo,,Não
VND00760,2024-12-05 22:25:36,Ecomm multi,mooz pix,SP,Mauá,Malbec Desodorante Colônia 100ml,4,209.9,84.0,Perfumaria Masculina,,CLI0357,Feminino,1981-03-26,Chegou super rápido.,Entregue no Prazo,,Não
VND00761,2025-10-10 20:28:48,VD,outros meios de pagamento,SC,Blumenau,Malbec Desodorante Colônia 100ml,1,209.9,84.0,Perfumaria Masculina,REV0003,,,,,,,
VND00761,2025-10-10 20:28:48,VD,outros meios de pagamento,SC,Blumenau,Lily Lumière Eau de Parfum 75ml,1,329.9,145.0,Perfumaria Feminina,REV0003,,,,,,,
VND00762,2025-06-25 19:20:24,Ecomm mono,mooz cartões,RJ,Cabo Frio,Cuide-se Bem Loção Corporal Deleite 200ml,4,78.9,24.0,Cuidados e Corpo,,CLI0289,Não-binário,1984-11-26,,Entregue no Prazo,,Não
VND00763,2025-08-10 20:28:45,lojas,outros meios de pagamento,RS,Caxias do Sul,Lily Creme Acetinado Hidratante Corporal 250g,1,149.9,45.0,Perfumaria Feminina,FRQ027,,,,,,,
VND00764,2025-05-24 15:09:39,Ecomm mono,mooz pix,RS,Santa Maria,Make B. Base Líquida Mate Salicylic 30g,2,109.9,38.0,Maquiagem e Skincare,,CLI0281,Não-binário,1981-09-09,,Entregue com Atraso,,Não
VND00765,2025-01-01 13:58:30,VD,outros meios de pagamento,BA,Salvador,Malbec Desodorante Colônia 100ml,4,209.9,84.0,Perfumaria Masculina,REV0085,,,,,,,
VND00765,2025-01-01 13:58:30,VD,outros meios de pagamento,BA,Salvador,Malbec Gold Desodorante Colônia 100ml,3,195.9,78.0,Perfumaria Masculina,REV0085,,,,,,,
VND00766,2025-01-21 13:01:31,VD,mooz pix,AL,Maceió,Make B. Base Líquida Mate Salicylic 30g,3,109.9,38.0,Maquiagem e Skincare,REV0079,,,,,,,
VND00767,2025-12-16 20:53:02,lojas,mooz cartões,SC,Blumenau,Lily Lumière Eau de Parfum 75ml,2,329.9,145.0,Perfumaria Feminina,FRQ029,,,,,,,
VND00767,2025-12-16 20:53:02,lojas,mooz cartões,SC,Blumenau,Make B. Base Líquida Mate Salicylic 30g,1,109.9,38.0,Maquiagem e Skincare,FRQ029,,,,,,,
VND00768,2024-11-06 19:22:34,VD,outros meios de pagamento,RJ,Volta Redonda,Malbec Desodorante Colônia 100ml,2,209.9,84.0,Perfumaria Masculina,REV0095,,,,,,,
VND00768,2024-11-06 19:22:34,VD,outros meios de pagamento,RJ,Volta Redonda,Cuide-se Bem Loção Corporal Deleite 200ml,1,78.9,24.0,Cuidados e Corpo,REV0095,,,,,,,
VND00769,2025-12-30 20:45:13,Ecomm multi,mooz cartões,RJ,Cabo Frio,Shampoo Match Escudo De Hidratação 300ml,1,47.9,14.0,Cabelos,,CLI0328,Feminino,1972-03-26,,Entregue no Prazo,,Sim
VND00770,2026-05-01 12:11:24,lojas,mooz pix,RS,Passo Fundo,Botik Sérum Alta Potência Ácido Hialurônico 30ml,2,169.9,59.0,Maquiagem e Skincare,FRQ013,,,,,,,
VND00771,2025-12-28 13:40:19,lojas,outros meios de pagamento,SP,Piracicaba,Cuide-se Bem Loção Corporal Deleite 200ml,1,78.9,24.0,Cuidados e Corpo,FRQ030,,,,,,,
VND00772,2025-04-04 20:44:14,VD,outros meios de pagamento,MG,Uberlândia,Botik Sérum Alta Potência Ácido Hialurônico 30ml,4,169.9,59.0,Maquiagem e Skincare,REV0015,,,,,,,
VND00773,2025-12-12 12:34:18,Ecomm mono,mooz pix,MG,Uberlândia,Make B. Base Líquida Mate Salicylic 30g,1,109.9,38.0,Maquiagem e Skincare,,CLI0390,Masculino,1967-05-19,,Entregue com Atraso,,Não
VND00774,2024-04-21 12:02:53,Ecomm multi,mooz cartões,BA,Salvador,Malbec Gold Desodorante Colônia 100ml,2,195.9,78.0,Perfumaria Masculina,,CLI0391,Feminino,1987-09-25,,Entregue no Prazo,BOTAO20,Sim
VND00775,2026-02-26 12:59:32,lojas,mooz cartões,CE,Sobral,Malbec Desodorante Colônia 100ml,2,209.9,84.0,Perfumaria Masculina,FRQ011,,,,,,,
VND00776,2024-12-24 13:57:41,VD,mooz pix,SP,Mauá,Make B. Base Líquida Mate Salicylic 30g,2,109.9,38.0,Maquiagem e Skincare,REV0020,,,,,,,
VND00777,2026-06-11 20:53:15,Ecomm mono,mooz cartões,BA,Feira de Santana,Lily Creme Acetinado Hidratante Corporal 250g,1,149.9,45.0,Perfumaria Feminina,,CLI0281,Não-binário,1981-09-09,Chegou super rápido.,Entregue no Prazo,,Não
VND00778,2024-11-25 19:09:57,VD,outros meios de pagamento,PE,Olinda,Make B. Base Líquida Mate Salicylic 30g,500,109.9,38.0,Maquiagem e Skincare,REV0001,,,,,,,
VND00779,2026-05-27 12:40:02,VD,mooz cartões,PR,Paranaguá,Malbec Desodorante Colônia 100ml,4,209.9,84.0,Perfumaria Masculina,REV0074,,,,,,,
VND00779,2026-05-27 12:40:02,VD,mooz cartões,PR,Paranaguá,Lily Lumière Eau de Parfum 75ml,4,329.9,145.0,Perfumaria Feminina,REV0074,,,,,,,
VND00780,2024-06-05 13:56:23,lojas,mooz cartões,SP,Osasco,Lily Creme Acetinado Hidratante Corporal 250g,4,149.9,45.0,Perfumaria Feminina,FRQ021,,,,,,,
VND00780,2024-06-05 13:56:23,lojas,mooz cartões,SP,Osasco,Floratta Red Desodorante Colônia 75ml,3,229.9,92.0,Perfumaria Feminina,FRQ021,,,,,,,
VND00781,2024-05-27 13:26:45,lojas,mooz pix,SC,Joinville,Lily Creme Acetinado Hidratante Corporal 250g,4,149.9,45.0,Perfumaria Feminina,FRQ027,,,,,,,
VND00781,2024-05-27 13:26:45,lojas,mooz pix,SC,Joinville,Malbec Desodorante Colônia 100ml,4,209.9,84.0,Perfumaria Masculina,FRQ027,,,,,,,
VND00782,2024-12-11 20:25:08,lojas,mooz cartões,SP,Ribeirão Preto,Lily Creme Acetinado Hidratante Corporal 250g,3,149.9,45.0,Perfumaria Feminina,FRQ023,,,,,,,
VND00783,2025-10-21 20:25:09,Ecomm multi,mooz cartões,SP,Santo André,Malbec Gold Desodorante Colônia 100ml,2,195.9,78.0,Perfumaria Masculina,,CLI0334,Não-binário,1960-05-18,Chegou super rápido.,Entregue no Prazo,,Sim
VND00783,2025-10-21 20:25:09,Ecomm multi,mooz cartões,SP,Santo André,Make B. Base Líquida Mate Salicylic 30g,2,109.9,38.0,Maquiagem e Skincare,,CLI0334,Não-binário,1960-05-18,Chegou super rápido.,Entregue no Prazo,,Sim
VND00784,2025-06-13 19:28:01,lojas,mooz pix,PR,Maringá,Floratta Red Desodorante Colônia 75ml,2,229.9,92.0,Perfumaria Feminina,FRQ009,,,,,,,
VND00784,2025-06-13 19:28:01,lojas,mooz pix,PR,Maringá,Malbec Gold Desodorante Colônia 100ml,2,195.9,78.0,Perfumaria Masculina,FRQ009,,,,,,,
VND00785,2024-11-20 13:55:47,lojas,mooz pix,SC,Blumenau,Malbec Desodorante Colônia 100ml,1,209.9,84.0,Perfumaria Masculina,FRQ020,,,,,,,
VND00785,2024-11-20 13:55:47,lojas,mooz pix,SC,Blumenau,Lily Creme Acetinado Hidratante Corporal 250g,1,149.9,45.0,Perfumaria Feminina,FRQ020,,,,,,,
VND00786,2024-12-05 13:20:59,Ecomm mono,mooz cartões,SE,Aracaju,Lily Lumière Eau de Parfum 75ml,2,329.9,145.0,Perfumaria Feminina,,CLI0110,Masculino,1962-06-07,A entrega atrasou muito.,Entregue no Prazo,,Sim
VND00787,2024-06-04 12:07:34,Ecomm multi,mooz cartões,RN,Natal,Malbec Desodorante Colônia 100ml,2,209.9,84.0,Perfumaria Masculina,,CLI0359,Masculino,1971-02-22,,Entregue no Prazo,,Sim
VND00788,2025-11-18 20:56:21,VD,mooz pix,RS,Porto Alegre,Lily Creme Acetinado Hidratante Corporal 250g,4,149.9,45.0,Perfumaria Feminina,REV0023,,,,,,,
VND00789,2024-11-24 13:50:50,VD,mooz pix,RJ,Cabo Frio,Malbec Desodorante Colônia 100ml,4,209.9,84.0,Perfumaria Masculina,REV0064,,,,,,,
VND00790,2024-06-19 12:15:44,Ecomm mono,mooz pix,MG,Ipatinga,Lily Creme Acetinado Hidratante Corporal 250g,1,149.9,45.0,Perfumaria Feminina,,CLI0222,Feminino,1973-12-16,Chegou super rápido.,Entregue no Prazo,,Não
VND00790,2024-06-19 12:15:44,Ecomm mono,mooz pix,MG,Ipatinga,Cuide-se Bem Loção Corporal Deleite 200ml,1,78.9,24.0,Cuidados e Corpo,,CLI0222,Feminino,1973-12-16,Chegou super rápido.,Entregue no Prazo,,Não
VND00791,2025-12-12 22:44:24,Ecomm mono,mooz pix,PR,Guarapuava,Malbec Desodorante Colônia 100ml,1,209.9,84.0,Perfumaria Masculina,,CLI0209,Masculino,1995-01-17,,Entregue com Atraso,QUERO10,Sim
VND00792,2025-11-18 22:42:58,Ecomm mono,mooz cartões,SP,São Paulo,Lily Lumière Eau de Parfum 75ml,1,329.9,145.0,Perfumaria Feminina,,CLI0391,Feminino,1987-09-25,A entrega atrasou muito.,Entregue no Prazo,QUERO10,Sim
VND00793,2024-03-13 19:40:55,Ecomm multi,mooz pix,PR,Londrina,Malbec Desodorante Colônia 100ml,1,,84.0,Perfumaria Masculina,,CLI0314,Masculino,2000-07-23,Amei o cheiro!,Entregue no Prazo,BOTAO20,Sim
VND00794,2024-08-03 22:05:24,Ecomm mono,mooz cartões,SP,São José dos Campos,Cuide-se Bem Loção Corporal Deleite 200ml,1,78.9,24.0,Cuidados e Corpo,,CLI0102,Feminino,1965-11-14,,Entregue no Prazo,,Não
VND00795,2025-06-03 19:11:12,Ecomm mono,mooz cartões,SP,São Carlos,Lily Lumière Eau de Parfum 75ml,2,329.9,145.0,Perfumaria Feminina,,CLI0278,Feminino,1989-09-05,,Entregue no Prazo,,Não
VND00795,2025-06-03 19:11:12,Ecomm mono,mooz cartões,SP,São Carlos,Cuide-se Bem Loção Corporal Deleite 200ml,2,78.9,24.0,Cuidados e Corpo,,CLI0278,Feminino,1989-09-05,,Entregue no Prazo,,Não
VND00796,2024-08-11 15:52:22,lojas,outros meios de pagamento,SP,São Paulo,Malbec Desodorante Colônia 100ml,2,209.9,84.0,Perfumaria Masculina,FRQ022,,,,,,,
VND00797,2026-01-20 15:48:52,Ecomm multi,mooz cartões,SC,Chapecó,Malbec Desodorante Colônia 100ml,1,209.9,84.0,Perfumaria Masculina,,CLI0007,Não-binário,1974-08-19,,Entregue no Prazo,,Não
VND00798,2025-05-26 19:31:20,lojas,mooz cartões,RS,Canoas,Floratta Red Desodorante Colônia 75ml,4,229.9,92.0,Perfumaria Feminina,FRQ006,,,,,,,
VND00799,2024-07-07 13:01:25,Ecomm multi,mooz cartões,SP,Osasco,Lily Creme Acetinado Hidratante Corporal 250g,3,149.9,45.0,Perfumaria Feminina,,CLI0173,Não-binário,2006-03-27,Amei o cheiro!,Entregue no Prazo,,Não
VND00800,2025-05-26 19:54:10,Ecomm multi,mooz cartões,PA,Ananindeua,Shampoo Match Escudo De Hidratação 300ml,2,47.9,14.0,Cabelos,,CLI0055,Feminino,1975-04-03,,Entregue com Atraso,QUERO10,Sim
VND00800,2025-05-26 19:54:10,Ecomm multi,mooz cartões,PA,Ananindeua,Malbec Desodorante Colônia 100ml,2000,209.9,84.0,Perfumaria Masculina,,CLI0055,Feminino,1975-04-03,,Entregue com Atraso,QUERO10,Sim
VND00801,2024-12-12 20:43:39,Ecomm multi,mooz cartões,AL,Maceió,Malbec Desodorante Colônia 100ml,4,209.9,84.0,Perfumaria Masculina,,CLI0272,Não-binário,1967-01-21,Suporte não responde.,Entregue com Atraso,,Sim
VND00802,2024-09-09 13:20:44,lojas,mooz pix,SP,Jundiaí,Cuide-se Bem Loção Corporal Deleite 200ml,3,78.9,24.0,Cuidados e Corpo,FRQ030,,,,,,,
VND00803,2024-12-05 15:57:08,Ecomm mono,mooz cartões,RJ,Nova Friburgo,Lily Creme Acetinado Hidratante Corporal 250g,1,149.9,45.0,Perfumaria Feminina,,CLI0304,Feminino,1978-06-12,,Entregue no Prazo,,Não
VND00804,2024-12-01 20:39:30,lojas,mooz pix,SP,Sorocaba,Lily Lumière Eau de Parfum 75ml,2,329.9,145.0,Perfumaria Feminina,FRQ016,,,,,,,
VND00805,2025-10-23 19:59:38,VD,mooz pix,PR,Curitiba,Malbec Desodorante Colônia 100ml,3,209.9,84.0,Perfumaria Masculina,REV0095,,,,,,,
VND00806,2024-11-01 20:09:18,VD,mooz cartões,SP,Jundiaí,Malbec Desodorante Colônia 100ml,4,209.9,84.0,Perfumaria Masculina,REV0083,,,,,,,
VND00807,2024-05-31 08:24:35,lojas,outros meios de pagamento,SC,Chapecó,Malbec Desodorante Colônia 100ml,3,209.9,84.0,Perfumaria Masculina,FRQ025,,,,,,,
VND00808,2025-04-09 12:37:08,Ecomm mono,mooz cartões,SP,Campinas,Malbec Desodorante Colônia 100ml,4,209.9,84.0,Perfumaria Masculina,,CLI0027,Masculino,1985-05-03,,Entregue no Prazo,,Não
VND00809,2024-11-27 12:20:39,VD,outros meios de pagamento,RJ,Duque de Caxias,Cuide-se Bem Loção Corporal Deleite 200ml,1,78.9,24.0,Cuidados e Corpo,REV0042,,,,,,,
VND00809,2024-11-27 12:20:39,VD,outros meios de pagamento,RJ,Duque de Caxias,Floratta Red Desodorante Colônia 75ml,2,229.9,92.0,Perfumaria Feminina,REV0042,,,,,,,
VND00810,2024-03-10 20:06:33,lojas,outros meios de pagamento,SP,Ribeirão Preto,Botik Sérum Alta Potência Ácido Hialurônico 30ml,3,169.9,59.0,Maquiagem e Skincare,FRQ003,,,,,,,
VND00811,2024-12-17 20:31:25,VD,outros meios de pagamento,BA,Porto Seguro,Shampoo Match Escudo De Hidratação 300ml,1,47.9,14.0,Cabelos,REV0083,,,,,,,
VND00812,2025-04-04 15:48:58,Ecomm mono,mooz cartões,MG,Ouro Preto,Floratta Red Desodorante Colônia 75ml,1,229.9,92.0,Perfumaria Feminina,,CLI0029,Feminino,2001-08-13,,Entregue no Prazo,BOTAO20,Sim
VND00812,2025-04-04 15:48:58,Ecomm mono,mooz cartões,MG,Ouro Preto,Cuide-se Bem Loção Corporal Deleite 200ml,2,78.9,24.0,Cuidados e Corpo,,CLI0029,Feminino,2001-08-13,,Entregue no Prazo,BOTAO20,Sim
VND00813,2024-05-20 20:20:24,Ecomm multi,mooz cartões,MG,Divinópolis,Malbec Gold Desodorante Colônia 100ml,1,195.9,78.0,Perfumaria Masculina,,CLI0392,Feminino,1998-11-27,,Entregue com Atraso,,Sim
VND00814,2024-12-23 15:37:56,Ecomm mono,mooz cartões,ES,Vila Velha,Malbec Desodorante Colônia 100ml,4,209.9,84.0,Perfumaria Masculina,,CLI0109,Não-binário,1968-01-10,,Entregue com Atraso,,Não
VND00815,2025-02-06 13:18:28,VD,mooz pix,GO,Aparecida de Goiânia,Floratta Red Desodorante Colônia 75ml,4,229.9,92.0,Perfumaria Feminina,REV0027,,,,,,,
VND00816,2024-07-29 20:36:47,Ecomm mono,mooz cartões,RJ,Cabo Frio,Lily Creme Acetinado Hidratante Corporal 250g,3,149.9,45.0,Perfumaria Feminina,,CLI0156,Não-binário,1995-08-06,,Entregue no Prazo,,Não
VND00817,2026-05-31 20:31:46,Ecomm multi,mooz pix,RJ,Angra dos Reis,Floratta Red Desodorante Colônia 75ml,2,229.9,92.0,Perfumaria Feminina,,CLI0201,Masculino,1999-09-25,,Entregue no Prazo,,Não
VND00818,2026-05-23 15:03:54,VD,mooz pix,SP,São Carlos,Shampoo Match Escudo De Hidratação 300ml,2,47.9,14.0,Cabelos,REV0001,,,,,,,
VND00819,2025-01-11 13:12:27,Ecomm mono,mooz cartões,RJ,Duque de Caxias,Malbec Gold Desodorante Colônia 100ml,3,195.9,78.0,Perfumaria Masculina,,CLI0214,Masculino,1974-07-23,Melhor creme da vida.,Entregue no Prazo,,Sim
VND00820,2024-07-28 19:40:47,VD,mooz pix,SP,Santos,Lily Creme Acetinado Hidratante Corporal 250g,2,149.9,45.0,Perfumaria Feminina,REV0002,,,,,,,
VND00821,2025-07-24 15:01:44,Ecomm multi,mooz cartões,SP,Piracicaba,Lily Creme Acetinado Hidratante Corporal 250g,4,149.9,45.0,Perfumaria Feminina,,CLI0355,Feminino,1996-04-03,Amei o cheiro!,Entregue no Prazo,,Não
VND00822,2025-12-27 20:30:12,Ecomm mono,mooz cartões,SP,Jundiaí,Malbec Desodorante Colônia 100ml,4,209.9,84.0,Perfumaria Masculina,,CLI0140,Não-binário,1997-10-21,Amei o cheiro!,Entregue no Prazo,,Sim
VND00822,2025-12-27 20:30:12,Ecomm mono,mooz cartões,SP,Jundiaí,Lily Creme Acetinado Hidratante Corporal 250g,2,149.9,45.0,Perfumaria Feminina,,CLI0140,Não-binário,1997-10-21,Amei o cheiro!,Entregue no Prazo,,Sim
VND00823,2026-01-30 20:23:05,Ecomm mono,mooz pix,MA,Imperatriz,Floratta Red Desodorante Colônia 75ml,2,229.9,92.0,Perfumaria Feminina,,CLI0279,Não-binário,1972-10-17,Amei o cheiro!,Entregue no Prazo,,Não
VND00823,2026-01-30 20:23:05,Ecomm mono,mooz pix,MA,Imperatriz,Malbec Desodorante Colônia 100ml,4,209.9,84.0,Perfumaria Masculina,,CLI0279,Não-binário,1972-10-17,Amei o cheiro!,Entregue no Prazo,,Não
VND00824,2024-12-21 13:09:52,Ecomm multi,mooz pix,SP,Sorocaba,Lily Lumière Eau de Parfum 75ml,2,329.9,145.0,Perfumaria Feminina,,CLI0222,Feminino,1973-12-16,,Entregue no Prazo,,Não
VND00824,2024-12-21 13:09:52,Ecomm multi,mooz pix,SP,Sorocaba,Malbec Gold Desodorante Colônia 100ml,2,195.9,78.0,Perfumaria Masculina,,CLI0222,Feminino,1973-12-16,,Entregue no Prazo,,Não
VND00825,2026-02-01 13:51:36,lojas,mooz cartões,PE,Petrolina,Cuide-se Bem Loção Corporal Deleite 200ml,1,78.9,24.0,Cuidados e Corpo,FRQ003,,,,,,,
VND00826,2025-08-12 13:59:35,lojas,outros meios de pagamento,MT,Cuiabá,Botik Sérum Alta Potência Ácido Hialurônico 30ml,4,169.9,59.0,Maquiagem e Skincare,FRQ022,,,,,,,
VND00826,2025-08-12 13:59:35,lojas,outros meios de pagamento,MT,Cuiabá,Malbec Gold Desodorante Colônia 100ml,3,195.9,78.0,Perfumaria Masculina,FRQ022,,,,,,,
VND00827,2025-08-13 13:26:44,VD,mooz cartões,MG,Ipatinga,Make B. Base Líquida Mate Salicylic 30g,2,109.9,38.0,Maquiagem e Skincare,REV0020,,,,,,,
VND00827,2025-08-13 13:26:44,VD,mooz cartões,MG,Ipatinga,Malbec Desodorante Colônia 100ml,1,209.9,84.0,Perfumaria Masculina,REV0020,,,,,,,
VND00828,2024-11-09 13:25:19,lojas,outros meios de pagamento,MG,Uberlândia,Lily Lumière Eau de Parfum 75ml,1,329.9,145.0,Perfumaria Feminina,FRQ027,,,,,,,
VND00829,2024-07-31 12:49:43,VD,mooz cartões,CE,Juazeiro No Norte,Lily Lumière Eau de Parfum 75ml,3,329.9,145.0,Perfumaria Feminina,REV0058,,,,,,,
VND00830,2024-11-03 20:23:13,Ecomm mono,mooz pix,CE,Sobral,Lily Creme Acetinado Hidratante Corporal 250g,3,149.9,45.0,Perfumaria Feminina,,CLI0302,Feminino,1988-03-23,,Entregue no Prazo,,Não
VND00831,2025-12-18 19:51:24,VD,mooz pix,SP,Piracicaba,Floratta Red Desodorante Colônia 75ml,4,229.9,92.0,Perfumaria Feminina,REV0076,,,,,,,
VND00831,2025-12-18 19:51:24,VD,mooz pix,SP,Piracicaba,Malbec Desodorante Colônia 100ml,4,209.9,84.0,Perfumaria Masculina,REV0076,,,,,,,
VND00832,2025-07-10 20:15:46,VD,mooz pix,SP,Mauá,Malbec Desodorante Colônia 100ml,4,209.9,84.0,Perfumaria Masculina,REV0096,,,,,,,
VND00833,2024-11-13 12:45:54,Ecomm multi,mooz cartões,SP,Mogi das Cruzes,Cuide-se Bem Loção Corporal Deleite 200ml,2,78.9,24.0,Cuidados e Corpo,,CLI0211,Não-binário,1991-09-25,Suporte não responde.,Entregue com Atraso,,Não
VND00833,2024-11-13 12:45:54,Ecomm multi,mooz cartões,SP,Mogi das Cruzes,Lily Lumière Eau de Parfum 75ml,4,329.9,145.0,Perfumaria Feminina,,CLI0211,Não-binário,1991-09-25,Suporte não responde.,Entregue com Atraso,,Não
VND00834,2025-05-17 12:28:18,lojas,mooz cartões,SP,Osasco,Malbec Desodorante Colônia 100ml,2,209.9,84.0,Perfumaria Masculina,FRQ020,,,,,,,
VND00835,2024-03-19 12:31:15,VD,mooz pix,GO,Anápolis,Malbec Desodorante Colônia 100ml,2,209.9,84.0,Perfumaria Masculina,REV0099,,,,,,,
VND00836,2026-05-15 13:45:28,VD,mooz cartões,SP,Santos,Malbec Desodorante Colônia 100ml,1,209.9,84.0,Perfumaria Masculina,REV0018,,,,,,,
VND00837,2025-03-16 19:33:57,Ecomm mono,mooz cartões,PR,Guarapuava,Malbec Desodorante Colônia 100ml,1,209.9,84.0,Perfumaria Masculina,,CLI0243,Feminino,1960-07-15,Amei o cheiro!,Entregue no Prazo,,Não
VND00838,2025-11-11 13:25:32,lojas,mooz cartões,SP,Campinas,Malbec Desodorante Colônia 100ml,2,209.9,84.0,Perfumaria Masculina,FRQ001,,,,,,,
VND00839,2025-08-19 22:35:02,lojas,mooz cartões,PR,Maringá,Lily Lumière Eau de Parfum 75ml,4,329.9,145.0,Perfumaria Feminina,FRQ010,,,,,,,
VND00840,2024-01-13 13:42:17,VD,mooz pix,RJ,Petrópolis,Lily Lumière Eau de Parfum 75ml,2,329.9,145.0,Perfumaria Feminina,REV0041,,,,,,,
VND00841,2025-05-01 20:13:06,lojas,mooz pix,RS,Canoas,Malbec Desodorante Colônia 100ml,1,209.9,84.0,Perfumaria Masculina,FRQ021,,,,,,,
VND00841,2025-05-01 20:13:06,lojas,mooz pix,RS,Canoas,Lily Lumière Eau de Parfum 75ml,2,329.9,145.0,Perfumaria Feminina,FRQ021,,,,,,,
VND00842,2026-04-27 13:03:48,Ecomm multi,mooz cartões,CE,Juazeiro No Norte,Lily Lumière Eau de Parfum 75ml,2,329.9,145.0,Perfumaria Feminina,,CLI0400,Masculino,1996-10-03,Chegou super rápido.,Entregue no Prazo,,Não
VND00843,2024-05-10 12:50:32,Ecomm multi,mooz cartões,PR,Foz do Iguaçu,Malbec Gold Desodorante Colônia 100ml,1,195.9,78.0,Perfumaria Masculina,,CLI0307,Feminino,1970-03-03,,Entregue no Prazo,,Sim
VND00844,2026-03-06 12:41:02,Ecomm mono,mooz pix,RS,Pelotas,Malbec Gold Desodorante Colônia 100ml,3,195.9,78.0,Perfumaria Masculina,,CLI0144,Masculino,1965-04-22,,Entregue no Prazo,,Não
VND00845,2025-06-07 08:48:55,lojas,mooz pix,SP,Sorocaba,Lily Creme Acetinado Hidratante Corporal 250g,3,149.9,45.0,Perfumaria Feminina,FRQ003,,,,,,,
VND00845,2025-06-07 08:48:55,lojas,mooz pix,SP,Sorocaba,Malbec Desodorante Colônia 100ml,1,209.9,84.0,Perfumaria Masculina,FRQ003,,,,,,,
VND00846,2026-06-14 20:32:14,Ecomm mono,mooz pix,SP,São Carlos,Lily Lumière Eau de Parfum 75ml,4,329.9,145.0,Perfumaria Feminina,,CLI0123,Não-binário,2003-09-11,Melhor creme da vida.,Entregue no Prazo,,Não
VND00847,2025-11-05 19:39:56,lojas,outros meios de pagamento,RS,Gramado,Malbec Desodorante Colônia 100ml,3,209.9,84.0,Perfumaria Masculina,FRQ007,,,,,,,
VND00847,2025-11-05 19:39:56,lojas,outros meios de pagamento,RS,Gramado,Shampoo Match Escudo De Hidratação 300ml,2,47.9,14.0,Cabelos,FRQ007,,,,,,,
VND00848,2025-10-15 19:38:50,Ecomm mono,mooz cartões,PE,Petrolina,Shampoo Match Escudo De Hidratação 300ml,3,47.9,14.0,Cabelos,,CLI0192,Feminino,1997-12-27,Amei o cheiro!,Entregue no Prazo,,Não
VND00848,2025-10-15 19:38:50,Ecomm mono,mooz cartões,PE,Petrolina,Lily Creme Acetinado Hidratante Corporal 250g,3,149.9,45.0,Perfumaria Feminina,,CLI0192,Feminino,1997-12-27,Amei o cheiro!,Entregue no Prazo,,Não
VND00849,2025-02-06 13:12:51,Ecomm mono,mooz pix,BA,Porto Seguro,Malbec Desodorante Colônia 100ml,1,209.9,84.0,Perfumaria Masculina,,CLI0282,Feminino,1978-12-10,,Entregue no Prazo,,Não
VND00850,2025-09-01 08:27:24,Ecomm mono,mooz cartões,MA,São Luís,Malbec Desodorante Colônia 100ml,1,209.9,84.0,Perfumaria Masculina,,CLI0093,Masculino,1968-06-03,Amei o cheiro!,Entregue no Prazo,,Não
VND00851,2024-07-28 13:42:36,VD,mooz cartões,BA,Salvador,Cuide-se Bem Loção Corporal Deleite 200ml,3,78.9,24.0,Cuidados e Corpo,REV0044,,,,,,,
VND00851,2024-07-28 13:42:36,VD,mooz cartões,BA,Salvador,Malbec Desodorante Colônia 100ml,3,209.9,84.0,Perfumaria Masculina,REV0044,,,,,,,
VND00852,2024-12-28 12:09:01,Ecomm mono,mooz cartões,MA,São Luís,Lily Lumière Eau de Parfum 75ml,3,329.9,145.0,Perfumaria Feminina,,CLI0197,Masculino,1960-07-27,Suporte não responde.,Entregue no Prazo,BOTAO20,Sim
VND00852,2024-12-28 12:09:01,Ecomm mono,mooz cartões,MA,São Luís,Botik Sérum Alta Potência Ácido Hialurônico 30ml,2,169.9,59.0,Maquiagem e Skincare,,CLI0197,Masculino,1960-07-27,Suporte não responde.,Entregue no Prazo,BOTAO20,Sim
VND00853,2024-08-14 12:39:10,lojas,mooz cartões,PR,Cascavel,Malbec Desodorante Colônia 100ml,3,209.9,84.0,Perfumaria Masculina,FRQ004,,,,,,,
VND00854,2026-05-31 13:24:28,lojas,mooz cartões,BA,Salvador,Lily Creme Acetinado Hidratante Corporal 250g,4,149.9,45.0,Perfumaria Feminina,FRQ028,,,,,,,
VND00855,2025-01-24 22:48:17,lojas,outros meios de pagamento,MG,Ipatinga,Malbec Gold Desodorante Colônia 100ml,1,195.9,78.0,Perfumaria Masculina,FRQ014,,,,,,,
VND00855,2025-01-24 22:48:17,lojas,outros meios de pagamento,MG,Ipatinga,Malbec Desodorante Colônia 100ml,4,209.9,84.0,Perfumaria Masculina,FRQ014,,,,,,,
VND00856,2025-01-16 13:04:38,Ecomm multi,mooz cartões,RJ,Volta Redonda,Malbec Gold Desodorante Colônia 100ml,2,195.9,78.0,Perfumaria Masculina,,CLI0107,Feminino,1994-01-27,Amei o cheiro!,Entregue no Prazo,,Sim
VND00857,2026-06-17 19:01:43,lojas,outros meios de pagamento,RS,Santa Maria,Cuide-se Bem Loção Corporal Deleite 200ml,1,78.9,24.0,Cuidados e Corpo,FRQ003,,,,,,,
VND00858,2024-12-19 20:01:31,Ecomm multi,mooz pix,SP,São Carlos,Floratta Red Desodorante Colônia 75ml,2,229.9,92.0,Perfumaria Feminina,,CLI0218,Masculino,1982-12-15,O produto veio quebrado.,Entregue no Prazo,,Não
VND00859,2025-07-20 19:05:33,Ecomm mono,mooz pix,SP,Santos,Cuide-se Bem Loção Corporal Deleite 200ml,2,78.9,24.0,Cuidados e Corpo,,CLI0151,Feminino,2004-09-15,,Entregue no Prazo,QUERO10,Não
VND00860,2025-09-27 19:41:50,lojas,mooz pix,SP,Santo André,Cuide-se Bem Loção Corporal Deleite 200ml,2,78.9,24.0,Cuidados e Corpo,FRQ016,,,,,,,
VND00861,2024-03-19 19:06:17,lojas,outros meios de pagamento,SC,Florianópolis,Cuide-se Bem Loção Corporal Deleite 200ml,3,78.9,24.0,Cuidados e Corpo,FRQ025,,,,,,,
VND00862,2024-07-10 20:00:20,lojas,mooz pix,MG,Divinópolis,Malbec Desodorante Colônia 100ml,1,209.9,84.0,Perfumaria Masculina,FRQ027,,,,,,,
VND00863,2024-06-20 20:09:54,lojas,mooz cartões,PR,Ponta Grossa,Cuide-se Bem Loção Corporal Deleite 200ml,4,78.9,24.0,Cuidados e Corpo,FRQ019,,,,,,,
VND00864,2026-02-11 12:24:08,VD,mooz pix,SP,São José dos Campos,Make B. Base Líquida Mate Salicylic 30g,4,109.9,38.0,Maquiagem e Skincare,REV0068,,,,,,,
VND00865,2025-06-21 20:41:33,Ecomm mono,mooz pix,MT,Várzea Grande,Lily Lumière Eau de Parfum 75ml,2,329.9,145.0,Perfumaria Feminina,,CLI0269,Masculino,1999-08-21,Chegou super rápido.,Entregue no Prazo,,Não
VND00866,2024-11-02 20:20:31,lojas,mooz cartões,GO,Anápolis,Lily Lumière Eau de Parfum 75ml,4,329.9,145.0,Perfumaria Feminina,FRQ014,,,,,,,
VND00866,2024-11-02 20:20:31,lojas,mooz cartões,GO,Anápolis,Floratta Red Desodorante Colônia 75ml,2,229.9,92.0,Perfumaria Feminina,FRQ014,,,,,,,
VND00867,2024-11-05 12:09:01,lojas,mooz pix,MG,Contagem,Cuide-se Bem Loção Corporal Deleite 200ml,4,78.9,24.0,Cuidados e Corpo,FRQ016,,,,,,,
VND00868,2024-12-24 13:24:56,Ecomm multi,mooz cartões,SP,Mogi das Cruzes,Malbec Desodorante Colônia 100ml,3,209.9,84.0,Perfumaria Masculina,,CLI0151,Feminino,2004-09-15,,Entregue no Prazo,,Não
VND00869,2025-06-02 12:06:09,Ecomm mono,mooz cartões,RJ,Rio de Janeiro,Lily Creme Acetinado Hidratante Corporal 250g,4,149.9,45.0,Perfumaria Feminina,,CLI0323,Masculino,2003-12-25,Melhor creme da vida.,Entregue no Prazo,,Não
VND00870,2024-11-30 12:03:51,VD,mooz pix,SP,Bauru,Floratta Red Desodorante Colônia 75ml,1,229.9,92.0,Perfumaria Feminina,REV0063,,,,,,,
VND00871,2024-05-27 13:58:12,VD,outros meios de pagamento,BA,Porto Seguro,Floratta Red Desodorante Colônia 75ml,1,229.9,92.0,Perfumaria Feminina,REV0036,,,,,,,
VND00872,2024-05-16 20:36:12,Ecomm multi,mooz cartões,SP,Mauá,Malbec Desodorante Colônia 100ml,1,209.9,84.0,Perfumaria Masculina,,CLI0281,Não-binário,1981-09-09,Amei o cheiro!,Entregue no Prazo,QUERO10,Sim
VND00873,2025-05-20 15:42:29,Ecomm mono,mooz pix,PR,Paranaguá,Malbec Desodorante Colônia 100ml,2,209.9,84.0,Perfumaria Masculina,,CLI0133,Feminino,2006-05-17,,Entregue com Atraso,,Não
VND00873,2025-05-20 15:42:29,Ecomm mono,mooz pix,PR,Paranaguá,Cuide-se Bem Loção Corporal Deleite 200ml,3,78.9,24.0,Cuidados e Corpo,,CLI0133,Feminino,2006-05-17,,Entregue com Atraso,,Não
VND00874,2024-11-03 12:46:25,VD,outros meios de pagamento,ES,Vila Velha,Malbec Desodorante Colônia 100ml,2,209.9,84.0,Perfumaria Masculina,REV0033,,,,,,,
VND00875,2025-12-15 20:23:26,Ecomm multi,mooz pix,BA,Camaçari,Cuide-se Bem Loção Corporal Deleite 200ml,3,78.9,24.0,Cuidados e Corpo,,CLI0170,Feminino,1991-04-09,A entrega atrasou muito.,Entregue no Prazo,,Não
VND00875,2025-12-15 20:23:26,Ecomm multi,mooz pix,BA,Camaçari,Malbec Desodorante Colônia 100ml,4,209.9,84.0,Perfumaria Masculina,,CLI0170,Feminino,1991-04-09,A entrega atrasou muito.,Entregue no Prazo,,Não
VND00876,2024-06-06 12:01:21,Ecomm mono,mooz cartões,RS,Gramado,Lily Creme Acetinado Hidratante Corporal 250g,4,149.9,45.0,Perfumaria Feminina,,CLI0121,Feminino,1985-06-09,,Entregue no Prazo,,Não
VND00877,2024-08-28 12:39:51,lojas,mooz pix,SP,Santos,Malbec Desodorante Colônia 100ml,1,209.9,84.0,Perfumaria Masculina,FRQ020,,,,,,,
VND00878,2024-01-09 08:27:31,VD,outros meios de pagamento,SP,Jundiaí,Lily Lumière Eau de Parfum 75ml,500,329.9,145.0,Perfumaria Feminina,REV0020,,,,,,,
VND00879,2025-11-13 12:02:10,Ecomm mono,mooz pix,PR,Londrina,Make B. Base Líquida Mate Salicylic 30g,4,109.9,38.0,Maquiagem e Skincare,,CLI0020,Masculino,1970-06-12,,Entregue com Atraso,QUERO10,Sim
VND00880,2025-08-30 08:53:33,VD,outros meios de pagamento,SP,Osasco,Make B. Base Líquida Mate Salicylic 30g,3,109.9,38.0,Maquiagem e Skincare,REV0018,,,,,,,
VND00881,2024-12-12 22:44:30,Ecomm multi,mooz pix,BA,Camaçari,Malbec Desodorante Colônia 100ml,3,209.9,84.0,Perfumaria Masculina,,CLI0157,Não-binário,1988-05-25,,Entregue no Prazo,,Não
VND00882,2024-08-03 19:09:45,lojas,mooz cartões,SP,Campinas,Malbec Desodorante Colônia 100ml,2,209.9,84.0,Perfumaria Masculina,FRQ002,,,,,,,
VND00882,2024-08-03 19:09:45,lojas,mooz cartões,SP,Campinas,Botik Sérum Alta Potência Ácido Hialurônico 30ml,2,169.9,59.0,Maquiagem e Skincare,FRQ002,,,,,,,
VND00883,2025-12-05 13:15:45,Ecomm multi,mooz pix,SC,Chapecó,Make B. Base Líquida Mate Salicylic 30g,2,109.9,38.0,Maquiagem e Skincare,,CLI0063,Não-binário,1975-08-26,,Entregue com Atraso,,Não
VND00884,2025-11-02 22:10:25,lojas,mooz pix,SP,Campinas,Malbec Desodorante Colônia 100ml,3,209.9,84.0,Perfumaria Masculina,FRQ002,,,,,,,
VND00885,2024-11-27 13:52:20,Ecomm multi,mooz pix,SP,São Carlos,Malbec Gold Desodorante Colônia 100ml,3,195.9,78.0,Perfumaria Masculina,,CLI0385,Masculino,2002-07-28,Melhor creme da vida.,Entregue no Prazo,,Sim
VND00886,2026-06-24 20:32:38,Ecomm multi,mooz pix,MG,Ouro Preto,Cuide-se Bem Loção Corporal Deleite 200ml,3,78.9,24.0,Cuidados e Corpo,,CLI0370,Feminino,1991-12-15,,Entregue no Prazo,,Não
VND00886,2026-06-24 20:32:38,Ecomm multi,mooz pix,MG,Ouro Preto,Lily Creme Acetinado Hidratante Corporal 250g,1,149.9,45.0,Perfumaria Feminina,,CLI0370,Feminino,1991-12-15,,Entregue no Prazo,,Não
VND00887,2025-05-28 12:09:21,Ecomm mono,mooz pix,SC,Criciúma,Cuide-se Bem Loção Corporal Deleite 200ml,3,78.9,24.0,Cuidados e Corpo,,CLI0303,Masculino,1961-01-11,Melhor creme da vida.,Entregue com Atraso,,Não
VND00888,2024-10-18 12:26:37,VD,mooz pix,PE,Petrolina,Floratta Red Desodorante Colônia 75ml,3,229.9,92.0,Perfumaria Feminina,REV0060,,,,,,,
VND00888,2024-10-18 12:26:37,VD,mooz pix,PE,Petrolina,Lily Lumière Eau de Parfum 75ml,3,329.9,145.0,Perfumaria Feminina,REV0060,,,,,,,
VND00889,2026-04-16 19:57:37,Ecomm mono,mooz pix,CE,Juazeiro No Norte,Lily Lumière Eau de Parfum 75ml,4,329.9,145.0,Perfumaria Feminina,,CLI0003,Feminino,2003-12-18,Melhor creme da vida.,Entregue no Prazo,MAES15,Sim
VND00890,2025-08-17 22:42:35,Ecomm mono,mooz cartões,SC,Joinville,Cuide-se Bem Loção Corporal Deleite 200ml,2000,78.9,24.0,Cuidados e Corpo,,CLI0200,Feminino,2006-09-21,,Entregue no Prazo,BOTAO20,Sim
VND00891,2025-10-24 13:30:01,VD,mooz cartões,SP,São Carlos,Lily Lumière Eau de Parfum 75ml,3,329.9,145.0,Perfumaria Feminina,REV0096,,,,,,,
VND00891,2025-10-24 13:30:01,VD,mooz cartões,SP,São Carlos,Make B. Base Líquida Mate Salicylic 30g,4,109.9,38.0,Maquiagem e Skincare,REV0096,,,,,,,
VND00892,2024-06-16 15:48:59,Ecomm mono,mooz pix,SP,Santo André,Lily Creme Acetinado Hidratante Corporal 250g,1,149.9,45.0,Perfumaria Feminina,,CLI0355,Feminino,1996-04-03,,Entregue no Prazo,QUERO10,Sim
VND00893,2024-12-11 22:49:53,Ecomm multi,mooz cartões,SE,Aracaju,Shampoo Match Escudo De Hidratação 300ml,3,47.9,14.0,Cabelos,,CLI0343,Não-binário,1967-02-08,Amei o cheiro!,Entregue no Prazo,,Não
VND00894,2024-03-05 20:21:10,lojas,mooz pix,ES,Serra,Malbec Desodorante Colônia 100ml,4,209.9,84.0,Perfumaria Masculina,FRQ012,,,,,,,
VND00895,2025-03-18 19:32:49,Ecomm multi,mooz cartões,PR,Maringá,Malbec Gold Desodorante Colônia 100ml,2,195.9,78.0,Perfumaria Masculina,,CLI0098,Feminino,1995-03-09,,Entregue no Prazo,,Não
VND00895,2025-03-18 19:32:49,Ecomm multi,mooz cartões,PR,Maringá,Make B. Base Líquida Mate Salicylic 30g,4,109.9,38.0,Maquiagem e Skincare,,CLI0098,Feminino,1995-03-09,,Entregue no Prazo,,Não
VND00896,2024-02-12 12:12:00,Ecomm mono,mooz cartões,MG,Montes Claros,Floratta Red Desodorante Colônia 75ml,1,229.9,92.0,Perfumaria Feminina,,CLI0333,Não-binário,1995-06-03,,Entregue no Prazo,,Não
VND00897,2025-08-30 19:31:35,Ecomm mono,mooz cartões,SP,Mogi das Cruzes,Floratta Red Desodorante Colônia 75ml,1,229.9,92.0,Perfumaria Feminina,,CLI0017,Feminino,1962-11-08,Melhor creme da vida.,Entregue no Prazo,,Sim
VND00898,2024-06-05 19:54:26,VD,outros meios de pagamento,SP,Sorocaba,Cuide-se Bem Loção Corporal Deleite 200ml,3,78.9,24.0,Cuidados e Corpo,REV0010,,,,,,,
VND00899,2024-12-01 19:05:55,lojas,outros meios de pagamento,PR,Londrina,Shampoo Match Escudo De Hidratação 300ml,3,47.9,14.0,Cabelos,FRQ012,,,,,,,
VND00900,2024-08-25 12:19:53,VD,outros meios de pagamento,SP,Santo André,Cuide-se Bem Loção Corporal Deleite 200ml,3,78.9,24.0,Cuidados e Corpo,REV0074,,,,,,,
VND00900,2024-08-25 12:19:53,VD,outros meios de pagamento,SP,Santo André,Floratta Red Desodorante Colônia 75ml,1,229.9,92.0,Perfumaria Feminina,REV0074,,,,,,,
VND00901,2026-06-18 20:42:21,Ecomm mono,mooz cartões,PE,Olinda,Make B. Base Líquida Mate Salicylic 30g,1,109.9,38.0,Maquiagem e Skincare,,CLI0036,Feminino,1984-07-20,,Entregue no Prazo,,Não
VND00902,2024-04-19 19:37:35,lojas,mooz cartões,MG,Montes Claros,Lily Creme Acetinado Hidratante Corporal 250g,1,149.9,45.0,Perfumaria Feminina,FRQ006,,,,,,,
VND00903,2025-06-05 12:26:00,Ecomm mono,mooz cartões,ES,Vila Velha,Make B. Base Líquida Mate Salicylic 30g,3,109.9,38.0,Maquiagem e Skincare,,CLI0281,Não-binário,1981-09-09,Amei o cheiro!,Entregue no Prazo,BOTAO20,Sim
VND00904,2024-10-21 19:39:54,VD,outros meios de pagamento,ES,Vila Velha,Malbec Gold Desodorante Colônia 100ml,1,195.9,78.0,Perfumaria Masculina,REV0033,,,,,,,
VND00904,2024-10-21 19:39:54,VD,outros meios de pagamento,ES,Vila Velha,Malbec Desodorante Colônia 100ml,2,209.9,84.0,Perfumaria Masculina,REV0033,,,,,,,
VND00905,2025-12-08 12:11:52,VD,outros meios de pagamento,RJ,Nova Iguaçu,Malbec Desodorante Colônia 100ml,2,209.9,84.0,Perfumaria Masculina,REV0017,,,,,,,
VND00905,2025-12-08 12:11:52,VD,outros meios de pagamento,RJ,Nova Iguaçu,Floratta Red Desodorante Colônia 75ml,4,229.9,92.0,Perfumaria Feminina,REV0017,,,,,,,
VND00906,2024-08-11 08:07:36,VD,outros meios de pagamento,MA,São Luís,Floratta Red Desodorante Colônia 75ml,1,229.9,92.0,Perfumaria Feminina,REV0092,,,,,,,
VND00907,2024-12-15 12:09:09,VD,mooz pix,CE,Juazeiro No Norte,Make B. Base Líquida Mate Salicylic 30g,3,109.9,38.0,Maquiagem e Skincare,REV0053,,,,,,,
VND00908,2024-05-29 12:22:12,lojas,mooz pix,SC,Chapecó,Malbec Desodorante Colônia 100ml,1,209.9,84.0,Perfumaria Masculina,FRQ009,,,,,,,
VND00909,2024-06-11 20:56:53,VD,outros meios de pagamento,AP,Macapá,Malbec Desodorante Colônia 100ml,1,209.9,84.0,Perfumaria Masculina,REV0068,,,,,,,
VND00910,2024-05-24 08:11:27,VD,mooz pix,PR,Londrina,Botik Sérum Alta Potência Ácido Hialurônico 30ml,2,169.9,59.0,Maquiagem e Skincare,REV0076,,,,,,,
VND00911,2025-12-05 19:53:30,Ecomm multi,mooz pix,PE,Olinda,Malbec Gold Desodorante Colônia 100ml,2,195.9,78.0,Perfumaria Masculina,,CLI0246,Não-binário,1964-11-08,A entrega atrasou muito.,Entregue no Prazo,,Sim
VND00912,2026-06-25 12:57:18,Ecomm mono,mooz cartões,AL,Maceió,Floratta Red Desodorante Colônia 75ml,4,229.9,92.0,Perfumaria Feminina,,CLI0322,Masculino,1974-11-07,,Entregue no Prazo,QUERO10,Não
VND00913,2024-07-10 15:19:46,Ecomm multi,mooz pix,SP,Piracicaba,Malbec Desodorante Colônia 100ml,3,209.9,84.0,Perfumaria Masculina,,CLI0140,Não-binário,1997-10-21,Melhor creme da vida.,Entregue no Prazo,,Não
VND00913,2024-07-10 15:19:46,Ecomm multi,mooz pix,SP,Piracicaba,Lily Creme Acetinado Hidratante Corporal 250g,2,149.9,45.0,Perfumaria Feminina,,CLI0140,Não-binário,1997-10-21,Melhor creme da vida.,Entregue no Prazo,,Não
VND00914,2024-11-28 12:21:22,Ecomm multi,mooz cartões,MG,Divinópolis,Malbec Desodorante Colônia 100ml,2,209.9,84.0,Perfumaria Masculina,,CLI0171,Não-binário,1991-01-13,,Entregue no Prazo,,Não
VND00915,2026-06-06 12:29:26,VD,mooz cartões,SP,Jundiaí,Make B. Base Líquida Mate Salicylic 30g,2,109.9,38.0,Maquiagem e Skincare,REV0071,,,,,,,
VND00916,2024-08-11 20:02:16,VD,outros meios de pagamento,PB,João Pessoa,Lily Creme Acetinado Hidratante Corporal 250g,4,149.9,45.0,Perfumaria Feminina,REV0016,,,,,,,
VND00917,2025-07-08 13:48:44,VD,mooz pix,BA,Feira de Santana,Malbec Desodorante Colônia 100ml,2,209.9,84.0,Perfumaria Masculina,REV0053,,,,,,,
VND00918,2024-10-11 13:44:22,Ecomm mono,mooz pix,SP,Santo André,Malbec Desodorante Colônia 100ml,3,209.9,84.0,Perfumaria Masculina,,CLI0357,Feminino,1981-03-26,Amei o cheiro!,Entregue no Prazo,BOTAO20,Sim
VND00918,2024-10-11 13:44:22,Ecomm mono,mooz pix,SP,Santo André,Malbec Gold Desodorante Colônia 100ml,2,195.9,78.0,Perfumaria Masculina,,CLI0357,Feminino,1981-03-26,Amei o cheiro!,Entregue no Prazo,BOTAO20,Sim
VND00919,2026-01-20 20:52:13,lojas,mooz cartões,SP,Osasco,Malbec Desodorante Colônia 100ml,2,209.9,84.0,Perfumaria Masculina,FRQ015,,,,,,,
VND00920,2024-02-02 20:58:46,lojas,mooz pix,SP,Jundiaí,Malbec Gold Desodorante Colônia 100ml,4,195.9,78.0,Perfumaria Masculina,FRQ025,,,,,,,
VND00921,2024-06-11 08:00:10,Ecomm mono,mooz cartões,SP,Santo André,Lily Creme Acetinado Hidratante Corporal 250g,2,149.9,45.0,Perfumaria Feminina,,CLI0090,Não-binário,1980-02-01,,Entregue no Prazo,,Sim
VND00922,2025-03-01 13:14:44,lojas,mooz pix,MG,Divinópolis,Shampoo Match Escudo De Hidratação 300ml,3,47.9,14.0,Cabelos,FRQ023,,,,,,,
VND00922,2025-03-01 13:14:44,lojas,mooz pix,MG,Divinópolis,Malbec Desodorante Colônia 100ml,2,209.9,84.0,Perfumaria Masculina,FRQ023,,,,,,,
VND00923,2025-03-11 19:53:50,Ecomm multi,mooz pix,MG,Montes Claros,Floratta Red Desodorante Colônia 75ml,3,229.9,92.0,Perfumaria Feminina,,CLI0134,Masculino,2002-07-11,Melhor creme da vida.,Entregue no Prazo,,Sim
VND00924,2026-04-16 13:33:11,lojas,mooz cartões,MG,Ouro Preto,Malbec Desodorante Colônia 100ml,1,209.9,84.0,Perfumaria Masculina,FRQ030,,,,,,,
VND00925,2025-07-19 19:33:34,VD,mooz pix,SP,Osasco,Cuide-se Bem Loção Corporal Deleite 200ml,2,78.9,24.0,Cuidados e Corpo,REV0043,,,,,,,
VND00925,2025-07-19 19:33:34,VD,mooz pix,SP,Osasco,Malbec Desodorante Colônia 100ml,2,209.9,84.0,Perfumaria Masculina,REV0043,,,,,,,
VND00926,2026-03-19 13:40:05,lojas,outros meios de pagamento,RJ,Angra dos Reis,Cuide-se Bem Loção Corporal Deleite 200ml,1,78.9,24.0,Cuidados e Corpo,FRQ003,,,,,,,
VND00927,2024-11-25 19:43:17,Ecomm mono,mooz cartões,PR,Curitiba,Make B. Base Líquida Mate Salicylic 30g,2,109.9,38.0,Maquiagem e Skincare,,CLI0392,Feminino,1998-11-27,,Entregue com Atraso,BOTAO20,Não
VND00928,2024-03-24 13:12:30,VD,mooz pix,MG,Divinópolis,Shampoo Match Escudo De Hidratação 300ml,1,47.9,14.0,Cabelos,REV0083,,,,,,,
VND00929,2024-12-27 22:43:07,Ecomm mono,mooz pix,GO,Rio Verde,Malbec Desodorante Colônia 100ml,1,209.9,84.0,Perfumaria Masculina,,CLI0082,Feminino,1992-02-28,,Entregue com Atraso,,Não
VND00930,2025-04-25 19:27:29,VD,mooz cartões,SC,Criciúma,Lily Creme Acetinado Hidratante Corporal 250g,2,149.9,45.0,Perfumaria Feminina,REV0007,,,,,,,
VND00931,2025-10-13 19:23:46,Ecomm mono,mooz cartões,PE,Petrolina,Make B. Base Líquida Mate Salicylic 30g,3,109.9,38.0,Maquiagem e Skincare,,CLI0194,Masculino,2003-10-26,Melhor creme da vida.,Entregue no Prazo,,Não
VND00932,2026-04-21 13:36:24,VD,outros meios de pagamento,SP,Piracicaba,Lily Creme Acetinado Hidratante Corporal 250g,4,149.9,45.0,Perfumaria Feminina,REV0006,,,,,,,
VND00932,2026-04-21 13:36:24,VD,outros meios de pagamento,SP,Piracicaba,Cuide-se Bem Loção Corporal Deleite 200ml,4,78.9,24.0,Cuidados e Corpo,REV0006,,,,,,,
VND00933,2024-07-08 12:03:17,VD,mooz cartões,SP,Franca,Make B. Base Líquida Mate Salicylic 30g,1,109.9,38.0,Maquiagem e Skincare,REV0051,,,,,,,
VND00934,2025-10-21 12:30:31,lojas,outros meios de pagamento,ES,Vitória,Lily Lumière Eau de Parfum 75ml,1,329.9,145.0,Perfumaria Feminina,FRQ013,,,,,,,
VND00934,2025-10-21 12:30:31,lojas,outros meios de pagamento,ES,Vitória,Lily Creme Acetinado Hidratante Corporal 250g,1,149.9,45.0,Perfumaria Feminina,FRQ013,,,,,,,
VND00935,2024-11-10 19:10:01,lojas,mooz pix,SP,Bauru,Lily Lumière Eau de Parfum 75ml,4,329.9,145.0,Perfumaria Feminina,FRQ023,,,,,,,
VND00936,2024-09-14 13:55:02,Ecomm multi,mooz pix,PR,Guarapuava,Lily Lumière Eau de Parfum 75ml,1,329.9,145.0,Perfumaria Feminina,,CLI0081,Não-binário,1992-09-06,,Entregue no Prazo,,Sim
VND00937,2026-03-18 12:43:23,Ecomm mono,mooz cartões,SP,Osasco,Malbec Desodorante Colônia 100ml,3,209.9,84.0,Perfumaria Masculina,,CLI0099,Masculino,1998-04-23,Melhor creme da vida.,Entregue no Prazo,MAES15,Sim
VND00938,2026-01-18 20:15:35,lojas,mooz pix,SP,Sorocaba,Make B. Base Líquida Mate Salicylic 30g,1,109.9,38.0,Maquiagem e Skincare,FRQ024,,,,,,,
VND00939,2024-12-14 22:43:40,VD,mooz pix,ES,Vitória,Malbec Desodorante Colônia 100ml,3,209.9,84.0,Perfumaria Masculina,REV0027,,,,,,,
VND00940,2025-06-22 13:20:56,VD,mooz pix,BA,Feira de Santana,Malbec Desodorante Colônia 100ml,4,209.9,84.0,Perfumaria Masculina,REV0019,,,,,,,
VND00941,2024-05-06 12:38:12,lojas,outros meios de pagamento,MG,Uberlândia,Shampoo Match Escudo De Hidratação 300ml,2,47.9,14.0,Cabelos,FRQ021,,,,,,,
VND00941,2024-05-06 12:38:12,lojas,outros meios de pagamento,MG,Uberlândia,Cuide-se Bem Loção Corporal Deleite 200ml,2,78.9,24.0,Cuidados e Corpo,FRQ021,,,,,,,
VND00942,2026-01-10 12:05:58,Ecomm multi,mooz pix,PR,Guarapuava,Malbec Desodorante Colônia 100ml,1,209.9,84.0,Perfumaria Masculina,,CLI0049,Não-binário,1964-09-25,,Entregue no Prazo,,Não
VND00942,2026-01-10 12:05:58,Ecomm multi,mooz pix,PR,Guarapuava,Make B. Base Líquida Mate Salicylic 30g,1,109.9,38.0,Maquiagem e Skincare,,CLI0049,Não-binário,1964-09-25,,Entregue no Prazo,,Não
VND00943,2024-12-08 12:07:35,lojas,outros meios de pagamento,SP,Santo André,Malbec Desodorante Colônia 100ml,4,209.9,84.0,Perfumaria Masculina,FRQ030,,,,,,,
VND00944,2024-08-06 08:39:50,Ecomm mono,mooz cartões,BA,Salvador,Cuide-se Bem Loção Corporal Deleite 200ml,3,78.9,24.0,Cuidados e Corpo,,CLI0040,Masculino,1987-03-15,,Entregue no Prazo,,Não
VND00944,2024-08-06 08:39:50,Ecomm mono,mooz cartões,BA,Salvador,Malbec Desodorante Colônia 100ml,2,209.9,84.0,Perfumaria Masculina,,CLI0040,Masculino,1987-03-15,,Entregue no Prazo,,Não
VND00945,2025-05-03 19:01:37,lojas,mooz pix,RJ,Nova Iguaçu,Malbec Desodorante Colônia 100ml,2,209.9,84.0,Perfumaria Masculina,FRQ006,,,,,,,
VND00945,2025-05-03 19:01:37,lojas,mooz pix,RJ,Nova Iguaçu,Lily Creme Acetinado Hidratante Corporal 250g,1,149.9,45.0,Perfumaria Feminina,FRQ006,,,,,,,
VND00946,2024-10-08 15:26:04,VD,mooz pix,SP,São Carlos,Malbec Desodorante Colônia 100ml,3,209.9,84.0,Perfumaria Masculina,REV0005,,,,,,,
VND00946,2024-10-08 15:26:04,VD,mooz pix,SP,São Carlos,Lily Creme Acetinado Hidratante Corporal 250g,1,149.9,45.0,Perfumaria Feminina,REV0005,,,,,,,
VND00947,2025-10-07 15:50:21,lojas,mooz pix,MG,Uberaba,Lily Creme Acetinado Hidratante Corporal 250g,1,149.9,45.0,Perfumaria Feminina,FRQ014,,,,,,,
VND00948,2024-04-08 20:08:27,VD,mooz cartões,SP,Ribeirão Preto,Lily Creme Acetinado Hidratante Corporal 250g,3,149.9,45.0,Perfumaria Feminina,REV0008,,,,,,,
VND00948,2024-04-08 20:08:27,VD,mooz cartões,SP,Ribeirão Preto,Floratta Red Desodorante Colônia 75ml,1,229.9,92.0,Perfumaria Feminina,REV0008,,,,,,,
VND00949,2026-02-20 22:09:43,Ecomm multi,mooz cartões,SC,Blumenau,Shampoo Match Escudo De Hidratação 300ml,3,47.9,14.0,Cabelos,,CLI0382,Não-binário,1966-12-24,Amei o cheiro!,Entregue no Prazo,QUERO10,Sim
VND00950,2026-05-17 12:48:35,lojas,outros meios de pagamento,SP,Ribeirão Preto,Malbec Desodorante Colônia 100ml,1,209.9,84.0,Perfumaria Masculina,FRQ017,,,,,,,
VND00951,2024-12-16 13:30:55,lojas,mooz pix,MG,Belo Horizonte,Floratta Red Desodorante Colônia 75ml,1,229.9,92.0,Perfumaria Feminina,FRQ021,,,,,,,
VND00952,2025-11-14 15:44:44,VD,outros meios de pagamento,MG,Belo Horizonte,Lily Lumière Eau de Parfum 75ml,3,329.9,145.0,Perfumaria Feminina,REV0073,,,,,,,
VND00952,2025-11-14 15:44:44,VD,outros meios de pagamento,MG,Belo Horizonte,Malbec Desodorante Colônia 100ml,1,209.9,84.0,Perfumaria Masculina,REV0073,,,,,,,
VND00953,2025-12-24 12:40:26,Ecomm multi,mooz pix,MG,Divinópolis,Shampoo Match Escudo De Hidratação 300ml,3,47.9,14.0,Cabelos,,CLI0329,Masculino,1993-09-09,,Entregue com Atraso,,Não
VND00954,2025-08-05 12:21:36,VD,mooz pix,SP,São Paulo,Lily Creme Acetinado Hidratante Corporal 250g,2,149.9,45.0,Perfumaria Feminina,REV0040,,,,,,,
VND00954,2025-08-05 12:21:36,VD,mooz pix,SP,São Paulo,Malbec Desodorante Colônia 100ml,1,209.9,84.0,Perfumaria Masculina,REV0040,,,,,,,
VND00955,2024-08-16 12:09:49,Ecomm multi,mooz pix,RS,Canoas,Floratta Red Desodorante Colônia 75ml,4,229.9,92.0,Perfumaria Feminina,,CLI0287,Não-binário,1974-07-02,,Entregue no Prazo,,Sim
VND00955,2024-08-16 12:09:49,Ecomm multi,mooz pix,RS,Canoas,Malbec Desodorante Colônia 100ml,4,209.9,84.0,Perfumaria Masculina,,CLI0287,Não-binário,1974-07-02,,Entregue no Prazo,,Sim
VND00956,2024-11-12 12:46:14,lojas,mooz pix,RJ,Teresópolis,Shampoo Match Escudo De Hidratação 300ml,2,47.9,14.0,Cabelos,FRQ022,,,,,,,
VND00956,2024-11-12 12:46:14,lojas,mooz pix,RJ,Teresópolis,Malbec Gold Desodorante Colônia 100ml,1,195.9,78.0,Perfumaria Masculina,FRQ022,,,,,,,
VND00957,2024-12-15 20:51:54,lojas,mooz pix,SP,Mogi das Cruzes,Cuide-se Bem Loção Corporal Deleite 200ml,2,78.9,24.0,Cuidados e Corpo,FRQ025,,,,,,,
VND00958,2024-09-29 12:35:24,Ecomm multi,mooz pix,RS,Pelotas,Make B. Base Líquida Mate Salicylic 30g,1,109.9,38.0,Maquiagem e Skincare,,CLI0323,Masculino,2003-12-25,,Entregue no Prazo,BOTAO20,Sim
VND00959,2026-02-23 13:33:20,Ecomm mono,mooz cartões,SP,Osasco,Shampoo Match Escudo De Hidratação 300ml,3,47.9,14.0,Cabelos,,CLI0099,Masculino,1998-04-23,Chegou super rápido.,Entregue no Prazo,BOTAO20,Sim
VND00960,2024-01-02 19:54:32,Ecomm multi,mooz pix,SC,Chapecó,Malbec Gold Desodorante Colônia 100ml,1,195.9,78.0,Perfumaria Masculina,,CLI0033,Feminino,1968-09-16,Amei o cheiro!,Entregue no Prazo,,Não
VND00961,2024-12-08 12:52:54,VD,mooz cartões,PA,Belém,Floratta Red Desodorante Colônia 75ml,3,229.9,92.0,Perfumaria Feminina,REV0049,,,,,,,
VND00961,2024-12-08 12:52:54,VD,mooz cartões,PA,Belém,Make B. Base Líquida Mate Salicylic 30g,1,109.9,38.0,Maquiagem e Skincare,REV0049,,,,,,,
VND00962,2024-11-25 13:26:49,lojas,outros meios de pagamento,PR,Foz do Iguaçu,Floratta Red Desodorante Colônia 75ml,4,229.9,92.0,Perfumaria Feminina,FRQ028,,,,,,,
VND00962,2024-11-25 13:26:49,lojas,outros meios de pagamento,PR,Foz do Iguaçu,Malbec Gold Desodorante Colônia 100ml,3,195.9,78.0,Perfumaria Masculina,FRQ028,,,,,,,
VND00963,2024-10-13 20:57:31,Ecomm multi,mooz pix,AM,Itacoatiara,Cuide-se Bem Loção Corporal Deleite 200ml,4,78.9,24.0,Cuidados e Corpo,,CLI0145,Masculino,1974-04-05,Chegou super rápido.,Entregue no Prazo,,Não
VND00964,2025-09-02 13:01:35,VD,outros meios de pagamento,SP,Franca,Botik Sérum Alta Potência Ácido Hialurônico 30ml,4,169.9,59.0,Maquiagem e Skincare,REV0063,,,,,,,
VND00964,2025-09-02 13:01:35,VD,outros meios de pagamento,SP,Franca,Malbec Desodorante Colônia 100ml,2,209.9,84.0,Perfumaria Masculina,REV0063,,,,,,,
VND00965,2025-09-08 20:49:16,VD,mooz pix,RS,Canoas,Floratta Red Desodorante Colônia 75ml,2,229.9,92.0,Perfumaria Feminina,REV0087,,,,,,,
VND00965,2025-09-08 20:49:16,VD,mooz pix,RS,Canoas,Botik Sérum Alta Potência Ácido Hialurônico 30ml,1,169.9,59.0,Maquiagem e Skincare,REV0087,,,,,,,
VND00966,2024-11-17 13:59:10,lojas,mooz pix,SP,São Carlos,Malbec Desodorante Colônia 100ml,1,209.9,84.0,Perfumaria Masculina,FRQ013,,,,,,,
VND00967,2025-11-16 13:29:31,Ecomm mono,mooz pix,SP,Campinas,Shampoo Match Escudo De Hidratação 300ml,2,47.9,14.0,Cabelos,,CLI0098,Feminino,1995-03-09,,Entregue com Atraso,MAES15,Sim
VND00967,2025-11-16 13:29:31,Ecomm mono,mooz pix,SP,Campinas,Make B. Base Líquida Mate Salicylic 30g,2,109.9,38.0,Maquiagem e Skincare,,CLI0098,Feminino,1995-03-09,,Entregue com Atraso,MAES15,Sim
VND00968,2026-04-17 12:17:18,VD,mooz cartões,RJ,Angra dos Reis,Make B. Base Líquida Mate Salicylic 30g,1,109.9,38.0,Maquiagem e Skincare,REV0027,,,,,,,
VND00968,2026-04-17 12:17:18,VD,mooz cartões,RJ,Angra dos Reis,Malbec Desodorante Colônia 100ml,2,209.9,84.0,Perfumaria Masculina,REV0027,,,,,,,
VND00969,2025-11-14 12:58:11,VD,mooz cartões,SP,Franca,Lily Lumière Eau de Parfum 75ml,4,329.9,145.0,Perfumaria Feminina,REV0021,,,,,,,
VND00969,2025-11-14 12:58:11,VD,mooz cartões,SP,Franca,Malbec Desodorante Colônia 100ml,2,209.9,84.0,Perfumaria Masculina,REV0021,,,,,,,
VND00970,2024-07-17 22:59:26,lojas,outros meios de pagamento,RJ,Macaé,Lily Creme Acetinado Hidratante Corporal 250g,4,149.9,45.0,Perfumaria Feminina,FRQ011,,,,,,,
VND00970,2024-07-17 22:59:26,lojas,outros meios de pagamento,RJ,Macaé,Cuide-se Bem Loção Corporal Deleite 200ml,2,78.9,24.0,Cuidados e Corpo,FRQ011,,,,,,,
VND00971,2025-07-06 20:07:54,lojas,outros meios de pagamento,SC,Blumenau,Cuide-se Bem Loção Corporal Deleite 200ml,4,78.9,24.0,Cuidados e Corpo,FRQ014,,,,,,,
VND00972,2025-12-20 19:46:40,Ecomm multi,mooz pix,GO,Goiânia,Cuide-se Bem Loção Corporal Deleite 200ml,2,78.9,24.0,Cuidados e Corpo,,CLI0233,Não-binário,1964-10-21,,Entregue no Prazo,MAES15,Não
VND00972,2025-12-20 19:46:40,Ecomm multi,mooz pix,GO,Goiânia,Malbec Desodorante Colônia 100ml,1,209.9,84.0,Perfumaria Masculina,,CLI0233,Não-binário,1964-10-21,,Entregue no Prazo,MAES15,Não
VND00973,2024-05-27 12:53:10,lojas,mooz cartões,SP,Jundiaí,Floratta Red Desodorante Colônia 75ml,1,229.9,92.0,Perfumaria Feminina,FRQ012,,,,,,,
VND00974,2025-01-09 13:21:34,Ecomm multi,mooz cartões,RJ,Teresópolis,Make B. Base Líquida Mate Salicylic 30g,2,109.9,38.0,Maquiagem e Skincare,,CLI0136,Feminino,1972-07-22,,Entregue no Prazo,,Não
VND00974,2025-01-09 13:21:34,Ecomm multi,mooz cartões,RJ,Teresópolis,Malbec Desodorante Colônia 100ml,3,209.9,84.0,Perfumaria Masculina,,CLI0136,Feminino,1972-07-22,,Entregue no Prazo,,Não
VND00975,2024-10-01 20:39:38,Ecomm mono,mooz cartões,SP,Santos,Malbec Desodorante Colônia 100ml,2,209.9,84.0,Perfumaria Masculina,,CLI0065,Não-binário,1982-07-14,,Entregue no Prazo,,Sim
VND00975,2024-10-01 20:39:38,Ecomm mono,mooz cartões,SP,Santos,Malbec Gold Desodorante Colônia 100ml,3,195.9,78.0,Perfumaria Masculina,,CLI0065,Não-binário,1982-07-14,,Entregue no Prazo,,Sim
VND00976,2024-12-11 13:39:32,VD,outros meios de pagamento,PE,Recife,Malbec Desodorante Colônia 100ml,4,209.9,84.0,Perfumaria Masculina,REV0037,,,,,,,
VND00977,2025-12-12 20:05:22,lojas,mooz cartões,MG,Divinópolis,Malbec Desodorante Colônia 100ml,2,209.9,84.0,Perfumaria Masculina,FRQ013,,,,,,,
VND00978,2025-11-03 19:59:39,Ecomm multi,mooz pix,SP,Mauá,Lily Creme Acetinado Hidratante Corporal 250g,4,149.9,45.0,Perfumaria Feminina,,CLI0400,Masculino,1996-10-03,Suporte não responde.,Entregue com Atraso,,Não
VND00979,2025-06-01 12:54:09,lojas,mooz pix,SP,Santo André,Lily Creme Acetinado Hidratante Corporal 250g,1,149.9,45.0,Perfumaria Feminina,FRQ019,,,,,,,
VND00980,2025-06-28 15:33:00,Ecomm multi,mooz cartões,SP,Jundiaí,Cuide-se Bem Loção Corporal Deleite 200ml,3,78.9,24.0,Cuidados e Corpo,,CLI0321,Masculino,1974-10-26,Amei o cheiro!,Entregue no Prazo,,Não
VND00981,2024-06-20 15:34:11,Ecomm mono,mooz pix,BA,Vitória da Conquista,Lily Lumière Eau de Parfum 75ml,2,329.9,145.0,Perfumaria Feminina,,CLI0129,Masculino,1962-12-14,,Entregue no Prazo,,Não
VND00981,2024-06-20 15:34:11,Ecomm mono,mooz pix,BA,Vitória da Conquista,Floratta Red Desodorante Colônia 75ml,3,229.9,92.0,Perfumaria Feminina,,CLI0129,Masculino,1962-12-14,,Entregue no Prazo,,Não
VND00982,2024-12-14 13:16:05,Ecomm mono,mooz cartões,SP,Santo André,Shampoo Match Escudo De Hidratação 300ml,2,47.9,14.0,Cabelos,,CLI0390,Masculino,1967-05-19,O produto veio quebrado.,Entregue no Prazo,,Sim
VND00982,2024-12-14 13:16:05,Ecomm mono,mooz cartões,SP,Santo André,Malbec Desodorante Colônia 100ml,3,209.9,84.0,Perfumaria Masculina,,CLI0390,Masculino,1967-05-19,O produto veio quebrado.,Entregue no Prazo,,Sim
VND00983,2025-05-31 19:45:25,Ecomm mono,mooz pix,RJ,Rio de Janeiro,Botik Sérum Alta Potência Ácido Hialurônico 30ml,4,169.9,59.0,Maquiagem e Skincare,,CLI0251,Masculino,1998-12-27,,Entregue com Atraso,,Sim
VND00983,2025-05-31 19:45:25,Ecomm mono,mooz pix,RJ,Rio de Janeiro,Malbec Desodorante Colônia 100ml,3,209.9,84.0,Perfumaria Masculina,,CLI0251,Masculino,1998-12-27,,Entregue com Atraso,,Sim
VND00984,2024-07-17 12:39:07,VD,mooz cartões,ES,Vila Velha,Cuide-se Bem Loção Corporal Deleite 200ml,2,78.9,24.0,Cuidados e Corpo,REV0077,,,,,,,
VND00985,2025-12-22 12:15:17,VD,mooz cartões,PR,Ponta Grossa,Lily Lumière Eau de Parfum 75ml,3,329.9,145.0,Perfumaria Feminina,REV0027,,,,,,,
VND00986,2024-12-01 12:13:46,lojas,mooz pix,SP,Mogi das Cruzes,Lily Lumière Eau de Parfum 75ml,4,329.9,145.0,Perfumaria Feminina,FRQ029,,,,,,,
VND00987,2025-06-21 13:51:27,Ecomm multi,mooz pix,DF,Brasilia,Botik Sérum Alta Potência Ácido Hialurônico 30ml,1,169.9,59.0,Maquiagem e Skincare,,CLI0077,Não-binário,1978-07-23,,Entregue no Prazo,,Não
VND00988,2024-12-28 13:24:39,VD,outros meios de pagamento,PB,João Pessoa,Lily Creme Acetinado Hidratante Corporal 250g,2,149.9,45.0,Perfumaria Feminina,REV0072,,,,,,,
VND00989,2024-05-12 13:32:33,Ecomm mono,mooz pix,SP,Santos,Floratta Red Desodorante Colônia 75ml,4,229.9,92.0,Perfumaria Feminina,,CLI0071,Feminino,1964-08-26,,Entregue no Prazo,,Sim
VND00990,2024-10-13 19:10:08,Ecomm multi,mooz pix,SP,Santo André,Malbec Desodorante Colônia 100ml,4,209.9,84.0,Perfumaria Masculina,,CLI0173,Não-binário,2006-03-27,,Entregue no Prazo,BOTAO20,Sim
VND00991,2025-09-20 19:32:08,Ecomm mono,mooz cartões,RJ,Niterói,Shampoo Match Escudo De Hidratação 300ml,3,47.9,14.0,Cabelos,,CLI0355,Feminino,1996-04-03,,Entregue no Prazo,QUERO10,Não
VND00992,2026-06-18 19:15:08,VD,mooz pix,RJ,Campos dos Goytacazes,Lily Creme Acetinado Hidratante Corporal 250g,2000,149.9,45.0,Perfumaria Feminina,REV0009,,,,,,,
VND00993,2025-06-18 20:40:27,lojas,outros meios de pagamento,SP,Campinas,Lily Creme Acetinado Hidratante Corporal 250g,4,149.9,45.0,Perfumaria Feminina,FRQ010,,,,,,,
VND00994,2025-05-17 12:54:44,lojas,mooz pix,RJ,Angra dos Reis,Lily Creme Acetinado Hidratante Corporal 250g,3,149.9,45.0,Perfumaria Feminina,FRQ029,,,,,,,
VND00994,2025-05-17 12:54:44,lojas,mooz pix,RJ,Angra dos Reis,Shampoo Match Escudo De Hidratação 300ml,1,47.9,14.0,Cabelos,FRQ029,,,,,,,
VND00995,2026-05-16 12:47:45,lojas,mooz pix,RJ,Duque de Caxias,Shampoo Match Escudo De Hidratação 300ml,2,47.9,14.0,Cabelos,FRQ007,,,,,,,
VND00996,2026-01-24 20:53:04,lojas,mooz cartões,RJ,Cabo Frio,Lily Creme Acetinado Hidratante Corporal 250g,2000,149.9,45.0,Perfumaria Feminina,FRQ005,,,,,,,
VND00996,2026-01-24 20:53:04,lojas,mooz cartões,RJ,Cabo Frio,Malbec Gold Desodorante Colônia 100ml,1,195.9,78.0,Perfumaria Masculina,FRQ005,,,,,,,
VND00997,2025-06-16 15:16:31,lojas,mooz cartões,SP,Piracicaba,Make B. Base Líquida Mate Salicylic 30g,2,109.9,38.0,Maquiagem e Skincare,FRQ018,,,,,,,
VND00998,2024-12-24 20:20:16,Ecomm mono,mooz pix,MG,Ipatinga,Lily Creme Acetinado Hidratante Corporal 250g,4,149.9,45.0,Perfumaria Feminina,,CLI0070,Não-binário,1971-05-15,,Entregue no Prazo,QUERO10,Sim
VND00998,2024-12-24 20:20:16,Ecomm mono,mooz pix,MG,Ipatinga,Malbec Desodorante Colônia 100ml,2,209.9,84.0,Perfumaria Masculina,,CLI0070,Não-binário,1971-05-15,,Entregue no Prazo,QUERO10,Sim
VND00999,2025-02-05 20:55:11,Ecomm multi,mooz cartões,RN,Natal,Cuide-se Bem Loção Corporal Deleite 200ml,2,78.9,24.0,Cuidados e Corpo,,CLI0090,Não-binário,1980-02-01,,Entregue no Prazo,MAES15,Sim
VND00999,2025-02-05 20:55:11,Ecomm multi,mooz cartões,RN,Natal,Malbec Desodorante Colônia 100ml,3,209.9,84.0,Perfumaria Masculina,,CLI0090,Não-binário,1980-02-01,,Entregue no Prazo,MAES15,Sim
VND01000,2026-06-21 13:06:46,Ecomm multi,mooz pix,SP,Jundiaí,Make B. Base Líquida Mate Salicylic 30g,2,109.9,38.0,Maquiagem e Skincare,,CLI0300,Masculino,1974-12-03,,Entregue no Prazo,BOTAO20,Sim
VND01001,2024-11-11 20:07:31,Ecomm multi,mooz pix,SP,Ribeirão Preto,Lily Lumière Eau de Parfum 75ml,4,329.9,145.0,Perfumaria Feminina,,CLI0083,Feminino,1964-10-03,Chegou super rápido.,Entregue no Prazo,,Não
VND01002,2026-01-12 13:57:28,Ecomm multi,mooz cartões,PE,Olinda,Floratta Red Desodorante Colônia 75ml,4,229.9,92.0,Perfumaria Feminina,,CLI0293,Não-binário,2001-03-03,,Entregue no Prazo,MAES15,Não
VND01003,2025-06-15 13:09:01,VD,mooz cartões,SP,Bauru,Malbec Desodorante Colônia 100ml,1,209.9,84.0,Perfumaria Masculina,REV0047,,,,,,,
VND01004,2024-06-26 13:02:16,Ecomm multi,mooz pix,RJ,Macaé,Cuide-se Bem Loção Corporal Deleite 200ml,3,78.9,24.0,Cuidados e Corpo,,CLI0258,Feminino,1971-08-17,,Entregue no Prazo,,Não
VND01004,2024-06-26 13:02:16,Ecomm multi,mooz pix,RJ,Macaé,Malbec Desodorante Colônia 100ml,2,209.9,84.0,Perfumaria Masculina,,CLI0258,Feminino,1971-08-17,,Entregue no Prazo,,Não
VND01005,2024-07-25 13:19:15,Ecomm multi,mooz cartões,SP,Franca,Cuide-se Bem Loção Corporal Deleite 200ml,2,78.9,24.0,Cuidados e Corpo,,CLI0294,Não-binário,1976-06-20,Melhor creme da vida.,Entregue no Prazo,,Sim
VND01006,2026-06-07 12:49:09,lojas,outros meios de pagamento,RJ,Cabo Frio,Malbec Gold Desodorante Colônia 100ml,1,195.9,78.0,Perfumaria Masculina,FRQ024,,,,,,,
VND01007,2025-05-04 08:55:47,lojas,mooz cartões,MG,Poços de Caldas,Malbec Desodorante Colônia 100ml,4,209.9,84.0,Perfumaria Masculina,FRQ027,,,,,,,
VND01008,2024-03-25 19:37:31,VD,outros meios de pagamento,SC,Florianópolis,Botik Sérum Alta Potência Ácido Hialurônico 30ml,2,169.9,59.0,Maquiagem e Skincare,REV0019,,,,,,,
VND01009,2024-04-28 12:07:55,Ecomm multi,mooz pix,GO,Aparecida de Goiânia,Make B. Base Líquida Mate Salicylic 30g,1,109.9,38.0,Maquiagem e Skincare,,CLI0386,Feminino,1978-10-10,Melhor creme da vida.,Entregue no Prazo,BOTAO20,Não
VND01009,2024-04-28 12:07:55,Ecomm multi,mooz pix,GO,Aparecida de Goiânia,Floratta Red Desodorante Colônia 75ml,2,229.9,92.0,Perfumaria Feminina,,CLI0386,Feminino,1978-10-10,Melhor creme da vida.,Entregue no Prazo,BOTAO20,Não
VND01010,2025-04-02 19:21:42,Ecomm multi,mooz cartões,RJ,Nova Iguaçu,Lily Lumière Eau de Parfum 75ml,3,329.9,145.0,Perfumaria Feminina,,CLI0319,Não-binário,1977-01-19,,Entregue no Prazo,BOTAO20,Não
VND01011,2024-10-15 20:05:18,VD,outros meios de pagamento,RJ,Teresópolis,Cuide-se Bem Loção Corporal Deleite 200ml,3,78.9,24.0,Cuidados e Corpo,REV0051,,,,,,,
VND01011,2024-10-15 20:05:18,VD,outros meios de pagamento,RJ,Teresópolis,Shampoo Match Escudo De Hidratação 300ml,3,47.9,14.0,Cabelos,REV0051,,,,,,,
VND01012,2025-01-19 12:53:52,lojas,outros meios de pagamento,PE,Caruaru,Lily Lumière Eau de Parfum 75ml,1,329.9,145.0,Perfumaria Feminina,FRQ012,,,,,,,
VND01012,2025-01-19 12:53:52,lojas,outros meios de pagamento,PE,Caruaru,Shampoo Match Escudo De Hidratação 300ml,1,47.9,14.0,Cabelos,FRQ012,,,,,,,
VND01013,2024-05-01 13:12:27,Ecomm mono,mooz pix,RJ,Macaé,Malbec Desodorante Colônia 100ml,1,209.9,84.0,Perfumaria Masculina,,CLI0188,Masculino,1970-10-20,A entrega atrasou muito.,Entregue no Prazo,QUERO10,Não
VND01013,2024-05-01 13:12:27,Ecomm mono,mooz pix,RJ,Macaé,Shampoo Match Escudo De Hidratação 300ml,1,47.9,14.0,Cabelos,,CLI0188,Masculino,1970-10-20,A entrega atrasou muito.,Entregue no Prazo,QUERO10,Não
VND01014,2025-05-05 19:31:17,VD,mooz cartões,MG,Poços de Caldas,Malbec Gold Desodorante Colônia 100ml,1,195.9,78.0,Perfumaria Masculina,REV0080,,,,,,,
VND01015,2025-12-01 19:00:14,Ecomm mono,mooz cartões,SP,Ribeirão Preto,Malbec Desodorante Colônia 100ml,4,209.9,84.0,Perfumaria Masculina,,CLI0031,Feminino,1995-09-09,Suporte não responde.,Entregue no Prazo,,Sim
VND01015,2025-12-01 19:00:14,Ecomm mono,mooz cartões,SP,Ribeirão Preto,Botik Sérum Alta Potência Ácido Hialurônico 30ml,3,169.9,59.0,Maquiagem e Skincare,,CLI0031,Feminino,1995-09-09,Suporte não responde.,Entregue no Prazo,,Sim
VND01016,2024-12-22 22:27:53,lojas,mooz cartões,RJ,Duque de Caxias,Cuide-se Bem Loção Corporal Deleite 200ml,3,78.9,24.0,Cuidados e Corpo,FRQ016,,,,,,,
VND01017,2024-01-03 13:35:03,VD,outros meios de pagamento,PR,Londrina,Shampoo Match Escudo De Hidratação 300ml,4,47.9,14.0,Cabelos,REV0005,,,,,,,
VND01018,2025-07-11 15:06:51,Ecomm mono,mooz pix,RJ,Niterói,Lily Creme Acetinado Hidratante Corporal 250g,4,149.9,45.0,Perfumaria Feminina,,CLI0076,Feminino,1984-05-26,Melhor creme da vida.,Entregue no Prazo,,Não
VND01019,2025-06-04 22:28:06,lojas,mooz cartões,SP,São José dos Campos,Floratta Red Desodorante Colônia 75ml,1,229.9,92.0,Perfumaria Feminina,FRQ023,,,,,,,
VND01020,2025-05-18 20:51:25,lojas,mooz cartões,RS,Santa Maria,Malbec Desodorante Colônia 100ml,4,209.9,84.0,Perfumaria Masculina,FRQ007,,,,,,,
VND01021,2025-11-23 15:27:45,Ecomm multi,mooz pix,SP,São José dos Campos,Malbec Desodorante Colônia 100ml,2,209.9,84.0,Perfumaria Masculina,,CLI0016,Masculino,1996-04-23,Suporte não responde.,Entregue no Prazo,,Não
VND01022,2026-05-08 13:25:27,lojas,mooz cartões,MG,Montes Claros,Lily Creme Acetinado Hidratante Corporal 250g,2,149.9,45.0,Perfumaria Feminina,FRQ019,,,,,,,
VND01023,2025-05-01 12:03:17,Ecomm multi,mooz pix,SP,Mauá,Cuide-se Bem Loção Corporal Deleite 200ml,4,78.9,24.0,Cuidados e Corpo,,CLI0052,Não-binário,1973-09-25,,Entregue no Prazo,,Não
VND01024,2024-02-08 08:41:16,lojas,outros meios de pagamento,SP,Bauru,Malbec Gold Desodorante Colônia 100ml,3,195.9,78.0,Perfumaria Masculina,FRQ018,,,,,,,
VND01025,2024-11-18 12:45:04,Ecomm mono,mooz cartões,SP,São Paulo,Floratta Red Desodorante Colônia 75ml,4,229.9,92.0,Perfumaria Feminina,,CLI0312,Não-binário,1978-11-18,Melhor creme da vida.,Entregue com Atraso,,Não
VND01026,2025-10-25 12:29:37,Ecomm multi,mooz cartões,SP,Franca,Shampoo Match Escudo De Hidratação 300ml,4,47.9,14.0,Cabelos,,CLI0213,Não-binário,1988-01-03,,Entregue no Prazo,,Sim
VND01027,2024-06-01 22:18:03,Ecomm multi,mooz pix,SP,Mogi das Cruzes,Cuide-se Bem Loção Corporal Deleite 200ml,3,78.9,24.0,Cuidados e Corpo,,CLI0137,Não-binário,2003-12-06,Amei o cheiro!,Entregue no Prazo,MAES15,Sim
VND01028,2024-09-27 15:27:54,lojas,mooz cartões,RJ,Nova Iguaçu,Malbec Desodorante Colônia 100ml,2,209.9,84.0,Perfumaria Masculina,FRQ015,,,,,,,
VND01029,2025-02-24 12:10:42,VD,outros meios de pagamento,ES,Serra,Malbec Gold Desodorante Colônia 100ml,1,195.9,78.0,Perfumaria Masculina,REV0081,,,,,,,
VND01030,2025-12-01 12:39:36,Ecomm multi,mooz cartões,ES,Vitória,Cuide-se Bem Loção Corporal Deleite 200ml,1,78.9,24.0,Cuidados e Corpo,,CLI0043,Masculino,2000-09-20,,Entregue com Atraso,,Sim
VND01030,2025-12-01 12:39:36,Ecomm multi,mooz cartões,ES,Vitória,Malbec Gold Desodorante Colônia 100ml,4,195.9,78.0,Perfumaria Masculina,,CLI0043,Masculino,2000-09-20,,Entregue com Atraso,,Sim
VND01031,2024-11-07 12:10:48,VD,mooz pix,ES,Vila Velha,Malbec Gold Desodorante Colônia 100ml,2,195.9,78.0,Perfumaria Masculina,REV0067,,,,,,,
VND01031,2024-11-07 12:10:48,VD,mooz pix,ES,Vila Velha,Botik Sérum Alta Potência Ácido Hialurônico 30ml,3,169.9,59.0,Maquiagem e Skincare,REV0067,,,,,,,
VND01032,2026-05-12 19:36:05,Ecomm mono,mooz pix,SP,Campinas,Malbec Desodorante Colônia 100ml,3,209.9,84.0,Perfumaria Masculina,,CLI0392,Feminino,1998-11-27,,Entregue com Atraso,,Não
VND01032,2026-05-12 19:36:05,Ecomm mono,mooz pix,SP,Campinas,Make B. Base Líquida Mate Salicylic 30g,4,109.9,38.0,Maquiagem e Skincare,,CLI0392,Feminino,1998-11-27,,Entregue com Atraso,,Não
VND01033,2025-05-31 13:46:48,Ecomm multi,mooz pix,MG,Belo Horizonte,Lily Creme Acetinado Hidratante Corporal 250g,4,149.9,45.0,Perfumaria Feminina,,CLI0302,Feminino,1988-03-23,Suporte não responde.,Entregue no Prazo,,Sim
VND01034,2024-06-30 20:43:57,lojas,mooz pix,BA,Porto Seguro,Malbec Desodorante Colônia 100ml,4,209.9,84.0,Perfumaria Masculina,FRQ012,,,,,,,
VND01035,2024-07-05 12:02:56,Ecomm multi,mooz pix,BA,Camaçari,Malbec Desodorante Colônia 100ml,3,209.9,84.0,Perfumaria Masculina,,CLI0193,Feminino,1966-12-25,,Entregue no Prazo,,Não
VND01035,2024-07-05 12:02:56,Ecomm multi,mooz pix,BA,Camaçari,Malbec Gold Desodorante Colônia 100ml,1,195.9,78.0,Perfumaria Masculina,,CLI0193,Feminino,1966-12-25,,Entregue no Prazo,,Não
VND01036,2024-12-30 13:15:52,Ecomm multi,mooz pix,CE,Sobral,Malbec Desodorante Colônia 100ml,2,209.9,84.0,Perfumaria Masculina,,CLI0280,Feminino,1964-05-25,,Entregue no Prazo,MAES15,Sim
VND01036,2024-12-30 13:15:52,Ecomm multi,mooz pix,CE,Sobral,Cuide-se Bem Loção Corporal Deleite 200ml,2,78.9,24.0,Cuidados e Corpo,,CLI0280,Feminino,1964-05-25,,Entregue no Prazo,MAES15,Sim
VND01037,2025-03-11 12:53:04,VD,mooz pix,MG,Uberlândia,Lily Creme Acetinado Hidratante Corporal 250g,2,149.9,45.0,Perfumaria Feminina,REV0028,,,,,,,
VND01038,2024-08-26 13:46:26,VD,mooz pix,RJ,Petrópolis,Lily Lumière Eau de Parfum 75ml,3,329.9,145.0,Perfumaria Feminina,REV0032,,,,,,,
VND01039,2025-05-22 12:07:39,VD,mooz pix,ES,Vila Velha,Shampoo Match Escudo De Hidratação 300ml,3,47.9,14.0,Cabelos,REV0084,,,,,,,
VND01040,2026-02-04 20:33:08,Ecomm mono,mooz cartões,SP,Santo André,Malbec Desodorante Colônia 100ml,3,209.9,84.0,Perfumaria Masculina,,CLI0278,Feminino,1989-09-05,Melhor creme da vida.,Entregue no Prazo,,Sim
VND01040,2026-02-04 20:33:08,Ecomm mono,mooz cartões,SP,Santo André,Malbec Gold Desodorante Colônia 100ml,1,195.9,78.0,Perfumaria Masculina,,CLI0278,Feminino,1989-09-05,Melhor creme da vida.,Entregue no Prazo,,Sim
VND01041,2026-05-09 13:11:58,Ecomm multi,mooz pix,RS,Gramado,Malbec Desodorante Colônia 100ml,4,209.9,84.0,Perfumaria Masculina,,CLI0280,Feminino,1964-05-25,,Entregue no Prazo,,Sim
VND01041,2026-05-09 13:11:58,Ecomm multi,mooz pix,RS,Gramado,Malbec Gold Desodorante Colônia 100ml,3,195.9,78.0,Perfumaria Masculina,,CLI0280,Feminino,1964-05-25,,Entregue no Prazo,,Sim
VND01042,2026-06-06 20:21:37,Ecomm mono,mooz pix,SP,Bauru,Lily Creme Acetinado Hidratante Corporal 250g,2,149.9,45.0,Perfumaria Feminina,,CLI0338,Não-binário,1961-10-18,Amei o cheiro!,Entregue no Prazo,,Não
VND01042,2026-06-06 20:21:37,Ecomm mono,mooz pix,SP,Bauru,Cuide-se Bem Loção Corporal Deleite 200ml,4,78.9,24.0,Cuidados e Corpo,,CLI0338,Não-binário,1961-10-18,Amei o cheiro!,Entregue no Prazo,,Não
VND01043,2024-03-04 08:38:34,Ecomm multi,mooz cartões,SP,Mauá,Lily Creme Acetinado Hidratante Corporal 250g,3,149.9,45.0,Perfumaria Feminina,,CLI0161,Feminino,1977-06-11,,Entregue no Prazo,,Não
VND01044,2025-09-05 12:31:00,VD,mooz cartões,PR,Cascavel,Shampoo Match Escudo De Hidratação 300ml,3,47.9,14.0,Cabelos,REV0018,,,,,,,
VND01045,2025-05-24 20:20:50,Ecomm multi,mooz pix,BA,Feira de Santana,Malbec Desodorante Colônia 100ml,1,209.9,84.0,Perfumaria Masculina,,CLI0008,Masculino,1960-03-23,Chegou super rápido.,Entregue no Prazo,,Não
VND01046,2024-08-14 20:32:51,VD,mooz pix,RJ,Petrópolis,Floratta Red Desodorante Colônia 75ml,4,229.9,92.0,Perfumaria Feminina,REV0032,,,,,,,
VND01047,2026-03-13 13:40:11,Ecomm multi,mooz pix,SP,Piracicaba,Malbec Desodorante Colônia 100ml,2,209.9,84.0,Perfumaria Masculina,,CLI0149,Não-binário,1985-04-05,Amei o cheiro!,Entregue no Prazo,,Não
VND01047,2026-03-13 13:40:11,Ecomm multi,mooz pix,SP,Piracicaba,Botik Sérum Alta Potência Ácido Hialurônico 30ml,2000,169.9,59.0,Maquiagem e Skincare,,CLI0149,Não-binário,1985-04-05,Amei o cheiro!,Entregue no Prazo,,Não
VND01048,2024-07-10 22:09:18,lojas,mooz pix,BA,Porto Seguro,Lily Lumière Eau de Parfum 75ml,4,329.9,145.0,Perfumaria Feminina,FRQ029,,,,,,,
VND01049,2025-09-19 19:01:06,VD,mooz cartões,CE,Juazeiro No Norte,Malbec Desodorante Colônia 100ml,3,209.9,84.0,Perfumaria Masculina,REV0091,,,,,,,
VND01050,2024-03-02 19:57:34,VD,mooz cartões,PR,Paranaguá,Lily Creme Acetinado Hidratante Corporal 250g,4,149.9,45.0,Perfumaria Feminina,REV0076,,,,,,,
VND01050,2024-03-02 19:57:34,VD,mooz cartões,PR,Paranaguá,Malbec Desodorante Colônia 100ml,2,209.9,84.0,Perfumaria Masculina,REV0076,,,,,,,
VND01051,2024-03-22 19:38:56,Ecomm mono,mooz pix,PE,Recife,Make B. Base Líquida Mate Salicylic 30g,4,109.9,38.0,Maquiagem e Skincare,,CLI0140,Não-binário,1997-10-21,Chegou super rápido.,Entregue no Prazo,,Não
VND01052,2026-01-17 20:10:03,lojas,outros meios de pagamento,BA,Vitória da Conquista,Lily Lumière Eau de Parfum 75ml,4,329.9,145.0,Perfumaria Feminina,FRQ008,,,,,,,
VND01052,2026-01-17 20:10:03,lojas,outros meios de pagamento,BA,Vitória da Conquista,Cuide-se Bem Loção Corporal Deleite 200ml,4,78.9,24.0,Cuidados e Corpo,FRQ008,,,,,,,
VND01053,2025-06-29 12:35:22,lojas,mooz pix,BA,Vitória da Conquista,Malbec Desodorante Colônia 100ml,1,209.9,84.0,Perfumaria Masculina,FRQ017,,,,,,,
VND01054,2025-12-12 08:32:20,Ecomm mono,mooz pix,RO,Porto Velho,Malbec Desodorante Colônia 100ml,2,209.9,84.0,Perfumaria Masculina,,CLI0025,Feminino,2003-06-27,O produto veio quebrado.,Entregue com Atraso,,Não
VND01054,2025-12-12 08:32:20,Ecomm mono,mooz pix,RO,Porto Velho,Cuide-se Bem Loção Corporal Deleite 200ml,1,78.9,24.0,Cuidados e Corpo,,CLI0025,Feminino,2003-06-27,O produto veio quebrado.,Entregue com Atraso,,Não
VND01055,2024-07-17 13:45:28,Ecomm mono,mooz pix,CE,Sobral,Malbec Desodorante Colônia 100ml,2,209.9,84.0,Perfumaria Masculina,,CLI0318,Masculino,2004-05-01,,Entregue no Prazo,MAES15,Sim
VND01056,2026-01-30 22:10:01,lojas,outros meios de pagamento,PR,Guarapuava,Shampoo Match Escudo De Hidratação 300ml,4,47.9,14.0,Cabelos,FRQ022,,,,,,,
VND01057,2026-04-26 13:21:45,lojas,mooz cartões,PR,Guarapuava,Lily Lumière Eau de Parfum 75ml,2,329.9,145.0,Perfumaria Feminina,FRQ020,,,,,,,
VND01058,2024-08-22 19:14:56,Ecomm mono,mooz cartões,RS,Porto Alegre,Lily Creme Acetinado Hidratante Corporal 250g,4,149.9,45.0,Perfumaria Feminina,,CLI0359,Masculino,1971-02-22,,Entregue no Prazo,,Não
VND01058,2024-08-22 19:14:56,Ecomm mono,mooz cartões,RS,Porto Alegre,Malbec Desodorante Colônia 100ml,1,209.9,84.0,Perfumaria Masculina,,CLI0359,Masculino,1971-02-22,,Entregue no Prazo,,Não
VND01059,2024-10-12 20:58:42,Ecomm mono,mooz pix,SP,Osasco,Malbec Desodorante Colônia 100ml,4,209.9,84.0,Perfumaria Masculina,,CLI0219,Masculino,1979-05-08,,Entregue no Prazo,BOTAO20,Sim
VND01060,2024-11-24 19:38:07,lojas,outros meios de pagamento,SC,Chapecó,Malbec Desodorante Colônia 100ml,4,209.9,84.0,Perfumaria Masculina,FRQ017,,,,,,,
VND01060,2024-11-24 19:38:07,lojas,outros meios de pagamento,SC,Chapecó,Malbec Gold Desodorante Colônia 100ml,4,195.9,78.0,Perfumaria Masculina,FRQ017,,,,,,,
VND01061,2025-06-24 19:09:56,VD,mooz pix,PE,Caruaru,Malbec Desodorante Colônia 100ml,4,209.9,84.0,Perfumaria Masculina,REV0062,,,,,,,
VND01061,2025-06-24 19:09:56,VD,mooz pix,PE,Caruaru,Lily Lumière Eau de Parfum 75ml,2,329.9,145.0,Perfumaria Feminina,REV0062,,,,,,,
VND01062,2024-08-26 13:05:55,Ecomm multi,mooz pix,MG,Juiz de Fora,Malbec Gold Desodorante Colônia 100ml,4,195.9,78.0,Perfumaria Masculina,,CLI0138,Masculino,1985-09-27,,Entregue no Prazo,,Não
VND01062,2024-08-26 13:05:55,Ecomm multi,mooz pix,MG,Juiz de Fora,Lily Creme Acetinado Hidratante Corporal 250g,1,149.9,45.0,Perfumaria Feminina,,CLI0138,Masculino,1985-09-27,,Entregue no Prazo,,Não
VND01063,2025-11-06 12:01:25,lojas,outros meios de pagamento,SP,Ribeirão Preto,Malbec Desodorante Colônia 100ml,1,209.9,84.0,Perfumaria Masculina,FRQ006,,,,,,,
VND01063,2025-11-06 12:01:25,lojas,outros meios de pagamento,SP,Ribeirão Preto,Cuide-se Bem Loção Corporal Deleite 200ml,2,78.9,24.0,Cuidados e Corpo,FRQ006,,,,,,,
VND01064,2024-05-04 13:07:00,lojas,mooz cartões,MG,Juiz de Fora,Malbec Desodorante Colônia 100ml,4,209.9,84.0,Perfumaria Masculina,FRQ029,,,,,,,
VND01065,2025-01-23 13:58:01,Ecomm multi,mooz pix,PR,Londrina,Malbec Desodorante Colônia 100ml,3,209.9,84.0,Perfumaria Masculina,,CLI0006,Feminino,1995-04-23,Melhor creme da vida.,Entregue no Prazo,MAES15,Não
VND01066,2026-01-11 08:35:18,Ecomm mono,mooz cartões,ES,Serra,Lily Lumière Eau de Parfum 75ml,2,329.9,145.0,Perfumaria Feminina,,CLI0044,Feminino,1969-06-25,,Entregue no Prazo,MAES15,Sim
VND01067,2024-11-12 12:37:20,VD,mooz cartões,SP,Sao Paolo,Floratta Red Desodorante Colônia 75ml,1,229.9,92.0,Perfumaria Feminina,REV0059,,,,,,,
VND01068,2026-04-15 13:21:47,Ecomm multi,mooz pix,MS,Campo Grande,Malbec Desodorante Colônia 100ml,3,209.9,84.0,Perfumaria Masculina,,CLI0170,Feminino,1991-04-09,,Entregue no Prazo,MAES15,Sim
VND01068,2026-04-15 13:21:47,Ecomm multi,mooz pix,MS,Campo Grande,Cuide-se Bem Loção Corporal Deleite 200ml,2000,78.9,24.0,Cuidados e Corpo,,CLI0170,Feminino,1991-04-09,,Entregue no Prazo,MAES15,Sim
VND01069,2025-12-26 13:53:57,lojas,mooz pix,MG,Belo Horizonte,Floratta Red Desodorante Colônia 75ml,3,229.9,92.0,Perfumaria Feminina,FRQ018,,,,,,,
VND01070,2025-04-25 15:39:00,Ecomm mono,mooz cartões,BA,Porto Seguro,Floratta Red Desodorante Colônia 75ml,4,229.9,92.0,Perfumaria Feminina,,CLI0215,Feminino,1979-11-19,Melhor creme da vida.,Entregue no Prazo,,Não
VND01071,2025-03-15 15:29:54,VD,outros meios de pagamento,SP,São José dos Campos,Malbec Desodorante Colônia 100ml,2,209.9,84.0,Perfumaria Masculina,REV0049,,,,,,,
VND01072,2024-03-30 13:56:44,Ecomm mono,mooz pix,SP,Franca,Floratta Red Desodorante Colônia 75ml,3,229.9,92.0,Perfumaria Feminina,,CLI0324,Feminino,2000-02-21,,Entregue no Prazo,,Não
VND01073,2025-08-08 19:08:04,Ecomm multi,mooz pix,SP,Sorocaba,Malbec Gold Desodorante Colônia 100ml,1,195.9,78.0,Perfumaria Masculina,,CLI0262,Masculino,2002-02-28,,Entregue no Prazo,MAES15,Não
VND01074,2024-05-21 20:24:38,lojas,mooz cartões,MG,Uberlândia,Malbec Gold Desodorante Colônia 100ml,2,195.9,78.0,Perfumaria Masculina,FRQ018,,,,,,,
VND01074,2024-05-21 20:24:38,lojas,mooz cartões,MG,Uberlândia,Malbec Desodorante Colônia 100ml,4,209.9,84.0,Perfumaria Masculina,FRQ018,,,,,,,
VND01075,2025-03-22 12:10:09,Ecomm multi,mooz pix,PE,Recife,Floratta Red Desodorante Colônia 75ml,3,229.9,92.0,Perfumaria Feminina,,CLI0231,Masculino,1971-01-09,,Entregue no Prazo,,Não
VND01076,2024-05-15 12:35:22,Ecomm mono,mooz pix,RJ,Angra dos Reis,Cuide-se Bem Loção Corporal Deleite 200ml,1,78.9,24.0,Cuidados e Corpo,,CLI0024,Masculino,2000-12-18,Suporte não responde.,Entregue com Atraso,MAES15,Não
VND01077,2024-02-20 12:25:14,Ecomm mono,mooz pix,SP,Osasco,Malbec Gold Desodorante Colônia 100ml,4,195.9,78.0,Perfumaria Masculina,,CLI0028,Feminino,1996-12-11,Chegou super rápido.,Entregue no Prazo,,Não
VND01078,2025-05-30 13:35:39,Ecomm mono,mooz pix,SP,Sâo Paulo,Make B. Base Líquida Mate Salicylic 30g,4,109.9,38.0,Maquiagem e Skincare,,CLI0267,Não-binário,1992-01-22,Melhor creme da vida.,Entregue com Atraso,MAES15,Sim
VND01079,2024-04-03 22:23:00,lojas,mooz pix,MG,Uberlândia,Lily Lumière Eau de Parfum 75ml,2,329.9,145.0,Perfumaria Feminina,FRQ027,,,,,,,
VND01079,2024-04-03 22:23:00,lojas,mooz pix,MG,Uberlândia,Malbec Desodorante Colônia 100ml,1,209.9,84.0,Perfumaria Masculina,FRQ027,,,,,,,
VND01080,2024-05-19 19:02:29,VD,mooz pix,RJ,Cabo Frio,Floratta Red Desodorante Colônia 75ml,2000,229.9,92.0,Perfumaria Feminina,REV0041,,,,,,,
VND01080,2024-05-19 19:02:29,VD,mooz pix,RJ,Cabo Frio,Malbec Gold Desodorante Colônia 100ml,1,195.9,78.0,Perfumaria Masculina,REV0041,,,,,,,
VND01081,2025-12-16 12:51:41,lojas,outros meios de pagamento,SP,Santo André,Malbec Gold Desodorante Colônia 100ml,2,195.9,78.0,Perfumaria Masculina,FRQ015,,,,,,,
VND01082,2025-09-01 12:30:49,VD,mooz pix,SP,Franca,Botik Sérum Alta Potência Ácido Hialurônico 30ml,2,169.9,59.0,Maquiagem e Skincare,REV0094,,,,,,,
VND01083,2024-02-16 13:49:35,Ecomm multi,mooz cartões,MG,Juiz de Fora,Botik Sérum Alta Potência Ácido Hialurônico 30ml,2,169.9,59.0,Maquiagem e Skincare,,CLI0036,Feminino,1984-07-20,,Entregue no Prazo,BOTAO20,Não
VND01084,2024-06-04 19:03:25,Ecomm mono,mooz pix,BA,Salvador,Malbec Desodorante Colônia 100ml,3,209.9,84.0,Perfumaria Masculina,,CLI0382,Não-binário,1966-12-24,,Entregue no Prazo,,Não
VND01085,2025-07-14 13:11:20,lojas,mooz pix,PR,Cascavel,Cuide-se Bem Loção Corporal Deleite 200ml,3,78.9,24.0,Cuidados e Corpo,FRQ013,,,,,,,
VND01086,2025-02-10 13:36:11,VD,outros meios de pagamento,SP,São Paulo,Floratta Red Desodorante Colônia 75ml,4,229.9,92.0,Perfumaria Feminina,REV0043,,,,,,,
VND01087,2025-12-04 12:21:51,Ecomm mono,mooz pix,ES,Serra,Cuide-se Bem Loção Corporal Deleite 200ml,2,78.9,24.0,Cuidados e Corpo,,CLI0200,Feminino,2006-09-21,Suporte não responde.,Entregue com Atraso,BOTAO20,Sim
VND01087,2025-12-04 12:21:51,Ecomm mono,mooz pix,ES,Serra,Make B. Base Líquida Mate Salicylic 30g,3,109.9,38.0,Maquiagem e Skincare,,CLI0200,Feminino,2006-09-21,Suporte não responde.,Entregue com Atraso,BOTAO20,Sim
VND01088,2025-11-13 19:28:57,Ecomm mono,mooz pix,SC,Florianópolis,Malbec Desodorante Colônia 100ml,3,209.9,84.0,Perfumaria Masculina,,CLI0006,Feminino,1995-04-23,,Entregue com Atraso,,Não
VND01089,2026-06-18 12:51:41,Ecomm mono,mooz pix,SP,Jundiaí,Floratta Red Desodorante Colônia 75ml,2,229.9,92.0,Perfumaria Feminina,,CLI0317,Não-binário,1996-06-19,Chegou super rápido.,Entregue no Prazo,MAES15,Sim
VND01090,2025-12-26 20:43:23,VD,mooz cartões,SP,Jundiaí,Malbec Desodorante Colônia 100ml,4,209.9,84.0,Perfumaria Masculina,REV0097,,,,,,,
VND01091,2025-11-24 22:19:49,VD,mooz cartões,SP,Piracicaba,Lily Creme Acetinado Hidratante Corporal 250g,2000,149.9,45.0,Perfumaria Feminina,REV0075,,,,,,,
VND01092,2025-03-14 19:39:44,Ecomm mono,mooz cartões,MG,Uberlândia,Malbec Desodorante Colônia 100ml,3,209.9,84.0,Perfumaria Masculina,,CLI0278,Feminino,1989-09-05,,Entregue no Prazo,,Sim
VND01093,2024-12-14 12:23:24,VD,mooz cartões,ES,Vitória,Lily Lumière Eau de Parfum 75ml,1,329.9,145.0,Perfumaria Feminina,REV0053,,,,,,,
VND01094,2024-09-26 12:44:57,lojas,mooz pix,PR,Cascavel,Shampoo Match Escudo De Hidratação 300ml,2,47.9,14.0,Cabelos,FRQ023,,,,,,,
VND01094,2024-09-26 12:44:57,lojas,mooz pix,PR,Cascavel,Malbec Desodorante Colônia 100ml,3,209.9,84.0,Perfumaria Masculina,FRQ023,,,,,,,
VND01095,2024-01-22 19:31:29,Ecomm multi,mooz cartões,RS,Gramado,Malbec Gold Desodorante Colônia 100ml,2,195.9,78.0,Perfumaria Masculina,,CLI0168,Feminino,1982-05-25,Amei o cheiro!,Entregue no Prazo,,Não
VND01096,2024-11-16 19:57:25,lojas,mooz pix,GO,Goiânia,Shampoo Match Escudo De Hidratação 300ml,1,47.9,14.0,Cabelos,FRQ015,,,,,,,
VND01096,2024-11-16 19:57:25,lojas,mooz pix,GO,Goiânia,Lily Lumière Eau de Parfum 75ml,2,329.9,145.0,Perfumaria Feminina,FRQ015,,,,,,,
VND01097,2024-08-14 20:54:06,VD,mooz cartões,RJ,Nova Friburgo,Floratta Red Desodorante Colônia 75ml,4,229.9,92.0,Perfumaria Feminina,REV0005,,,,,,,
VND01097,2024-08-14 20:54:06,VD,mooz cartões,RJ,Nova Friburgo,Lily Creme Acetinado Hidratante Corporal 250g,2,,45.0,Perfumaria Feminina,REV0005,,,,,,,
VND01098,2025-06-06 12:00:09,VD,mooz cartões,RS,Pelotas,Lily Lumière Eau de Parfum 75ml,2,329.9,145.0,Perfumaria Feminina,REV0051,,,,,,,
VND01099,2025-11-25 13:59:58,Ecomm multi,mooz pix,MT,Rondonópolis,Malbec Gold Desodorante Colônia 100ml,4,195.9,78.0,Perfumaria Masculina,,CLI0285,Não-binário,1989-06-28,,Entregue com Atraso,,Sim
VND01100,2025-02-08 12:53:15,Ecomm multi,mooz cartões,SC,Florianópolis,Malbec Gold Desodorante Colônia 100ml,4,195.9,78.0,Perfumaria Masculina,,CLI0356,Feminino,1997-04-27,,Entregue no Prazo,,Não
VND01101,2026-06-30 20:38:08,VD,mooz pix,RJ,Niterói,Cuide-se Bem Loção Corporal Deleite 200ml,2,78.9,24.0,Cuidados e Corpo,REV0012,,,,,,,
VND01102,2025-07-17 19:12:27,lojas,mooz cartões,RJ,Teresópolis,Make B. Base Líquida Mate Salicylic 30g,2,109.9,38.0,Maquiagem e Skincare,FRQ026,,,,,,,
VND01102,2025-07-17 19:12:27,lojas,mooz cartões,RJ,Teresópolis,Lily Creme Acetinado Hidratante Corporal 250g,1,149.9,45.0,Perfumaria Feminina,FRQ026,,,,,,,
VND01103,2025-12-03 12:06:27,VD,mooz cartões,ES,Serra,Botik Sérum Alta Potência Ácido Hialurônico 30ml,3,169.9,59.0,Maquiagem e Skincare,REV0056,,,,,,,
VND01104,2026-06-20 13:47:29,Ecomm multi,mooz cartões,SP,Piracicaba,Lily Creme Acetinado Hidratante Corporal 250g,3,149.9,45.0,Perfumaria Feminina,,CLI0354,Feminino,1963-06-08,Amei o cheiro!,Entregue no Prazo,,Não
VND01104,2026-06-20 13:47:29,Ecomm multi,mooz cartões,SP,Piracicaba,Malbec Gold Desodorante Colônia 100ml,2,195.9,78.0,Perfumaria Masculina,,CLI0354,Feminino,1963-06-08,Amei o cheiro!,Entregue no Prazo,,Não
VND01105,2024-06-07 20:37:30,lojas,outros meios de pagamento,AP,Macapá,Malbec Gold Desodorante Colônia 100ml,1,195.9,78.0,Perfumaria Masculina,FRQ011,,,,,,,
VND01106,2024-05-21 13:48:30,lojas,mooz cartões,RJ,Rio de Janero,Malbec Desodorante Colônia 100ml,2,209.9,84.0,Perfumaria Masculina,FRQ020,,,,,,,
VND01107,2024-06-08 08:05:17,Ecomm mono,mooz pix,RJ,Duque de Caxias,Cuide-se Bem Loção Corporal Deleite 200ml,1,78.9,24.0,Cuidados e Corpo,,CLI0336,Masculino,1997-07-27,,Entregue no Prazo,,Não
VND01107,2024-06-08 08:05:17,Ecomm mono,mooz pix,RJ,Duque de Caxias,Lily Creme Acetinado Hidratante Corporal 250g,3,149.9,45.0,Perfumaria Feminina,,CLI0336,Masculino,1997-07-27,,Entregue no Prazo,,Não
VND01108,2025-12-28 19:00:43,lojas,outros meios de pagamento,SP,Jundiaí,Shampoo Match Escudo De Hidratação 300ml,2,47.9,14.0,Cabelos,FRQ024,,,,,,,
VND01109,2025-12-13 15:54:08,lojas,outros meios de pagamento,PR,Paranaguá,Botik Sérum Alta Potência Ácido Hialurônico 30ml,2,169.9,59.0,Maquiagem e Skincare,FRQ016,,,,,,,
VND01110,2024-04-15 12:45:12,VD,mooz cartões,MG,Divinópolis,Floratta Red Desodorante Colônia 75ml,1,229.9,92.0,Perfumaria Feminina,REV0012,,,,,,,
VND01111,2025-02-09 19:43:52,VD,mooz pix,RJ,Nova Friburgo,Malbec Gold Desodorante Colônia 100ml,4,195.9,78.0,Perfumaria Masculina,REV0077,,,,,,,
VND01112,2024-12-30 12:37:06,lojas,mooz cartões,RJ,Niterói,Malbec Desodorante Colônia 100ml,1,209.9,84.0,Perfumaria Masculina,FRQ022,,,,,,,
VND01113,2026-01-30 20:19:24,VD,mooz cartões,SP,Mogi das Cruzes,Malbec Desodorante Colônia 100ml,1,209.9,84.0,Perfumaria Masculina,REV0096,,,,,,,
VND01113,2026-01-30 20:19:24,VD,mooz cartões,SP,Mogi das Cruzes,Lily Lumière Eau de Parfum 75ml,3,329.9,145.0,Perfumaria Feminina,REV0096,,,,,,,
VND01114,2024-05-01 19:00:32,VD,mooz pix,CE,Juazeiro No Norte,Lily Lumière Eau de Parfum 75ml,4,329.9,145.0,Perfumaria Feminina,REV0072,,,,,,,
VND01115,2025-12-18 13:09:05,Ecomm multi,mooz pix,BA,Vitória da Conquista,Malbec Desodorante Colônia 100ml,4,209.9,84.0,Perfumaria Masculina,,CLI0031,Feminino,1995-09-09,,Entregue no Prazo,,Não
VND01116,2026-01-04 19:26:22,VD,mooz pix,MT,Rondonópolis,Malbec Gold Desodorante Colônia 100ml,2,195.9,78.0,Perfumaria Masculina,REV0078,,,,,,,
VND01117,2024-06-21 13:27:56,VD,mooz cartões,SP,Osasco,Malbec Gold Desodorante Colônia 100ml,4,195.9,78.0,Perfumaria Masculina,REV0019,,,,,,,
VND01118,2025-11-01 13:20:17,lojas,mooz cartões,ES,Serra,Malbec Desodorante Colônia 100ml,1,209.9,84.0,Perfumaria Masculina,FRQ017,,,,,,,
VND01118,2025-11-01 13:20:17,lojas,mooz cartões,ES,Serra,Make B. Base Líquida Mate Salicylic 30g,1,109.9,38.0,Maquiagem e Skincare,FRQ017,,,,,,,
VND01119,2025-02-21 20:15:46,Ecomm mono,mooz cartões,ES,Serra,Malbec Desodorante Colônia 100ml,2,209.9,84.0,Perfumaria Masculina,,CLI0308,Não-binário,1999-11-08,,Entregue no Prazo,QUERO10,Não
VND01119,2025-02-21 20:15:46,Ecomm mono,mooz cartões,ES,Serra,Lily Creme Acetinado Hidratante Corporal 250g,3,149.9,45.0,Perfumaria Feminina,,CLI0308,Não-binário,1999-11-08,,Entregue no Prazo,QUERO10,Não
VND01120,2025-11-13 19:34:15,lojas,mooz cartões,PE,Caruaru,Cuide-se Bem Loção Corporal Deleite 200ml,2,78.9,24.0,Cuidados e Corpo,FRQ007,,,,,,,
VND01121,2025-12-24 13:54:42,Ecomm multi,mooz pix,DF,Brasília,Make B. Base Líquida Mate Salicylic 30g,4,109.9,38.0,Maquiagem e Skincare,,CLI0369,Feminino,1990-07-14,,Entregue no Prazo,,Sim
VND01121,2025-12-24 13:54:42,Ecomm multi,mooz pix,DF,Brasília,Botik Sérum Alta Potência Ácido Hialurônico 30ml,3,169.9,59.0,Maquiagem e Skincare,,CLI0369,Feminino,1990-07-14,,Entregue no Prazo,,Sim
VND01122,2025-10-12 12:12:23,lojas,mooz pix,RS,Gramado,Malbec Desodorante Colônia 100ml,3,209.9,84.0,Perfumaria Masculina,FRQ019,,,,,,,
VND01123,2025-05-29 13:51:04,Ecomm multi,mooz cartões,MG,Contagem,Make B. Base Líquida Mate Salicylic 30g,3,109.9,38.0,Maquiagem e Skincare,,CLI0065,Não-binário,1982-07-14,O produto veio quebrado.,Entregue no Prazo,,Não
VND01124,2024-05-26 20:23:36,Ecomm multi,mooz pix,MG,Contagem,Botik Sérum Alta Potência Ácido Hialurônico 30ml,1,169.9,59.0,Maquiagem e Skincare,,CLI0229,Não-binário,1966-01-19,A entrega atrasou muito.,Entregue no Prazo,MAES15,Não
VND01124,2024-05-26 20:23:36,Ecomm multi,mooz pix,MG,Contagem,Malbec Desodorante Colônia 100ml,3,209.9,84.0,Perfumaria Masculina,,CLI0229,Não-binário,1966-01-19,A entrega atrasou muito.,Entregue no Prazo,MAES15,Não
VND01125,2024-07-19 22:57:10,Ecomm multi,mooz cartões,SP,Osasco,Lily Creme Acetinado Hidratante Corporal 250g,2,149.9,45.0,Perfumaria Feminina,,CLI0398,Feminino,1984-07-15,,Entregue no Prazo,QUERO10,Não
VND01126,2025-04-13 12:58:43,VD,mooz cartões,RJ,Macaé,Floratta Red Desodorante Colônia 75ml,4,229.9,92.0,Perfumaria Feminina,REV0083,,,,,,,
VND01126,2025-04-13 12:58:43,VD,mooz cartões,RJ,Macaé,Malbec Gold Desodorante Colônia 100ml,2,195.9,78.0,Perfumaria Masculina,REV0083,,,,,,,
VND01127,2024-05-03 12:46:35,Ecomm multi,mooz cartões,PR,Cascavel,Malbec Gold Desodorante Colônia 100ml,4,195.9,78.0,Perfumaria Masculina,,CLI0163,Não-binário,2004-03-23,,Entregue com Atraso,QUERO10,Não
VND01128,2024-02-19 12:12:41,lojas,outros meios de pagamento,RJ,Teresópolis,Malbec Desodorante Colônia 100ml,3,209.9,84.0,Perfumaria Masculina,FRQ001,,,,,,,
VND01128,2024-02-19 12:12:41,lojas,outros meios de pagamento,RJ,Teresópolis,Shampoo Match Escudo De Hidratação 300ml,2,47.9,14.0,Cabelos,FRQ001,,,,,,,
VND01129,2025-08-14 20:43:20,Ecomm multi,mooz cartões,ES,Vitória,Cuide-se Bem Loção Corporal Deleite 200ml,3,78.9,24.0,Cuidados e Corpo,,CLI0240,Feminino,1973-11-07,Amei o cheiro!,Entregue no Prazo,,Não
VND01129,2025-08-14 20:43:20,Ecomm multi,mooz cartões,ES,Vitória,Lily Lumière Eau de Parfum 75ml,1,329.9,145.0,Perfumaria Feminina,,CLI0240,Feminino,1973-11-07,Amei o cheiro!,Entregue no Prazo,,Não
VND01130,2024-02-16 20:58:09,Ecomm multi,mooz cartões,PR,Maringá,Lily Lumière Eau de Parfum 75ml,1,329.9,145.0,Perfumaria Feminina,,CLI0034,Feminino,1963-02-05,Chegou super rápido.,Entregue no Prazo,,Não
VND01131,2025-12-09 13:49:58,lojas,mooz pix,PA,Santarém,Lily Lumière Eau de Parfum 75ml,4,329.9,145.0,Perfumaria Feminina,FRQ026,,,,,,,
VND01131,2025-12-09 13:49:58,lojas,mooz pix,PA,Santarém,Floratta Red Desodorante Colônia 75ml,2,229.9,92.0,Perfumaria Feminina,FRQ026,,,,,,,
VND01132,2024-12-25 12:33:49,Ecomm multi,mooz cartões,PR,Curitiba,Malbec Desodorante Colônia 100ml,3,209.9,84.0,Perfumaria Masculina,,CLI0308,Não-binário,1999-11-08,,Entregue no Prazo,,Não
VND01133,2024-12-26 12:55:42,lojas,mooz cartões,PR,Maringá,Cuide-se Bem Loção Corporal Deleite 200ml,4,78.9,24.0,Cuidados e Corpo,FRQ006,,,,,,,
VND01134,2025-09-22 19:33:38,lojas,mooz cartões,SP,Osasco,Floratta Red Desodorante Colônia 75ml,2,229.9,92.0,Perfumaria Feminina,FRQ012,,,,,,,
VND01135,2024-08-18 12:27:27,VD,outros meios de pagamento,RJ,Campos dos Goytacazes,Malbec Desodorante Colônia 100ml,1,209.9,84.0,Perfumaria Masculina,REV0005,,,,,,,
VND01136,2025-04-15 12:11:24,Ecomm multi,mooz cartões,SP,Bauru,Malbec Desodorante Colônia 100ml,500,209.9,84.0,Perfumaria Masculina,,CLI0259,Não-binário,1977-03-19,,Entregue no Prazo,QUERO10,Sim
VND01137,2025-07-20 13:35:43,lojas,outros meios de pagamento,MG,Uberlândia,Lily Creme Acetinado Hidratante Corporal 250g,4,149.9,45.0,Perfumaria Feminina,FRQ028,,,,,,,
VND01138,2026-05-30 13:25:30,lojas,mooz pix,PE,Petrolina,Malbec Desodorante Colônia 100ml,2,209.9,84.0,Perfumaria Masculina,FRQ025,,,,,,,
VND01139,2024-06-05 19:10:58,VD,outros meios de pagamento,SP,Campinas,Malbec Desodorante Colônia 100ml,2,209.9,84.0,Perfumaria Masculina,REV0097,,,,,,,
VND01139,2024-06-05 19:10:58,VD,outros meios de pagamento,SP,Campinas,Lily Lumière Eau de Parfum 75ml,2,329.9,145.0,Perfumaria Feminina,REV0097,,,,,,,
VND01140,2024-12-28 19:24:11,Ecomm mono,mooz cartões,MA,Imperatriz,Botik Sérum Alta Potência Ácido Hialurônico 30ml,2,169.9,59.0,Maquiagem e Skincare,,CLI0336,Masculino,1997-07-27,O produto veio quebrado.,Entregue com Atraso,,Não
VND01141,2025-10-25 12:03:17,Ecomm multi,mooz pix,SP,Osasco,Malbec Desodorante Colônia 100ml,3,209.9,84.0,Perfumaria Masculina,,CLI0054,Masculino,1988-09-15,Amei o cheiro!,Entregue no Prazo,,Sim
VND01142,2024-06-01 19:42:04,lojas,mooz pix,PR,Maringá,Malbec Desodorante Colônia 100ml,3,209.9,84.0,Perfumaria Masculina,FRQ013,,,,,,,
VND01142,2024-06-01 19:42:04,lojas,mooz pix,PR,Maringá,Make B. Base Líquida Mate Salicylic 30g,4,109.9,38.0,Maquiagem e Skincare,FRQ013,,,,,,,
VND01143,2025-01-30 20:46:17,Ecomm multi,mooz cartões,SP,Sorocaba,Malbec Desodorante Colônia 100ml,3,209.9,84.0,Perfumaria Masculina,,CLI0164,Feminino,1964-07-14,,Entregue no Prazo,,Sim
VND01143,2025-01-30 20:46:17,Ecomm multi,mooz cartões,SP,Sorocaba,Malbec Gold Desodorante Colônia 100ml,3,195.9,78.0,Perfumaria Masculina,,CLI0164,Feminino,1964-07-14,,Entregue no Prazo,,Sim
VND01144,2025-11-20 19:27:17,VD,outros meios de pagamento,SP,São Carlos,Malbec Gold Desodorante Colônia 100ml,4,195.9,78.0,Perfumaria Masculina,REV0086,,,,,,,
VND01145,2025-11-13 22:39:55,Ecomm multi,mooz cartões,RS,Caxias do Sul,Malbec Desodorante Colônia 100ml,4,209.9,84.0,Perfumaria Masculina,,CLI0374,Masculino,1989-09-20,Amei o cheiro!,Entregue no Prazo,,Não
VND01145,2025-11-13 22:39:55,Ecomm multi,mooz cartões,RS,Caxias do Sul,Malbec Gold Desodorante Colônia 100ml,4,195.9,78.0,Perfumaria Masculina,,CLI0374,Masculino,1989-09-20,Amei o cheiro!,Entregue no Prazo,,Não
VND01146,2025-04-30 19:10:27,Ecomm multi,mooz pix,SP,Ribeirão Preto,Floratta Red Desodorante Colônia 75ml,1,229.9,92.0,Perfumaria Feminina,,CLI0041,Feminino,2006-12-09,,Entregue no Prazo,MAES15,Sim
VND01146,2025-04-30 19:10:27,Ecomm multi,mooz pix,SP,Ribeirão Preto,Malbec Gold Desodorante Colônia 100ml,4,195.9,78.0,Perfumaria Masculina,,CLI0041,Feminino,2006-12-09,,Entregue no Prazo,MAES15,Sim
VND01147,2025-12-02 19:58:44,Ecomm mono,mooz cartões,RJ,Niterói,Malbec Gold Desodorante Colônia 100ml,3,195.9,78.0,Perfumaria Masculina,,CLI0309,Não-binário,1997-03-08,O produto veio quebrado.,Entregue no Prazo,BOTAO20,Sim
VND01147,2025-12-02 19:58:44,Ecomm mono,mooz cartões,RJ,Niterói,Malbec Desodorante Colônia 100ml,1,209.9,84.0,Perfumaria Masculina,,CLI0309,Não-binário,1997-03-08,O produto veio quebrado.,Entregue no Prazo,BOTAO20,Sim
VND01148,2025-08-23 12:53:01,Ecomm mono,mooz pix,PA,Ananindeua,Cuide-se Bem Loção Corporal Deleite 200ml,1,,24.0,Cuidados e Corpo,,CLI0140,Não-binário,1997-10-21,,Entregue no Prazo,,Não
VND01149,2024-11-12 13:48:27,Ecomm multi,mooz pix,RJ,Duque de Caxias,Malbec Desodorante Colônia 100ml,3,209.9,84.0,Perfumaria Masculina,,CLI0294,Não-binário,1976-06-20,,Entregue no Prazo,,Não
VND01150,2024-12-04 12:26:15,Ecomm mono,mooz pix,BA,Feira de Santana,Lily Lumière Eau de Parfum 75ml,4,329.9,145.0,Perfumaria Feminina,,CLI0241,Masculino,2002-02-06,,Entregue no Prazo,,Não
VND01150,2024-12-04 12:26:15,Ecomm mono,mooz pix,BA,Feira de Santana,Lily Creme Acetinado Hidratante Corporal 250g,3,149.9,45.0,Perfumaria Feminina,,CLI0241,Masculino,2002-02-06,,Entregue no Prazo,,Não
VND01151,2025-12-13 15:20:13,VD,outros meios de pagamento,SP,Sorocaba,Malbec Desodorante Colônia 100ml,2,209.9,84.0,Perfumaria Masculina,REV0076,,,,,,,
VND01152,2024-04-22 13:10:29,Ecomm multi,mooz cartões,SC,Chapecó,Malbec Desodorante Colônia 100ml,3,209.9,84.0,Perfumaria Masculina,,CLI0154,Não-binário,2002-09-18,,Entregue no Prazo,,Não
VND01152,2024-04-22 13:10:29,Ecomm multi,mooz cartões,SC,Chapecó,Make B. Base Líquida Mate Salicylic 30g,3,109.9,38.0,Maquiagem e Skincare,,CLI0154,Não-binário,2002-09-18,,Entregue no Prazo,,Não
VND01153,2025-03-21 20:21:48,Ecomm mono,mooz pix,SP,Piracicaba,Lily Creme Acetinado Hidratante Corporal 250g,4,149.9,45.0,Perfumaria Feminina,,CLI0114,Feminino,1971-12-11,,Entregue no Prazo,,Não
VND01154,2026-05-28 22:37:28,Ecomm mono,mooz cartões,SP,Mogi das Cruzes,Malbec Gold Desodorante Colônia 100ml,2,195.9,78.0,Perfumaria Masculina,,CLI0139,Feminino,1979-05-07,Chegou super rápido.,Entregue com Atraso,,Não
VND01154,2026-05-28 22:37:28,Ecomm mono,mooz cartões,SP,Mogi das Cruzes,Cuide-se Bem Loção Corporal Deleite 200ml,4,78.9,24.0,Cuidados e Corpo,,CLI0139,Feminino,1979-05-07,Chegou super rápido.,Entregue com Atraso,,Não
VND01155,2024-10-03 13:10:06,VD,outros meios de pagamento,ES,Vila Velha,Shampoo Match Escudo De Hidratação 300ml,1,47.9,14.0,Cabelos,REV0017,,,,,,,
VND01156,2026-02-18 20:20:19,Ecomm mono,mooz cartões,CE,Juazeiro No Norte,Floratta Red Desodorante Colônia 75ml,2,229.9,92.0,Perfumaria Feminina,,CLI0323,Masculino,2003-12-25,,Entregue no Prazo,,Sim
VND01157,2024-05-08 12:00:02,Ecomm mono,mooz pix,RJ,Cabo Frio,Lily Creme Acetinado Hidratante Corporal 250g,1,149.9,45.0,Perfumaria Feminina,,CLI0222,Feminino,1973-12-16,,Entregue no Prazo,,Não
VND01158,2024-04-19 19:07:13,Ecomm multi,mooz pix,AP,Macapá,Floratta Red Desodorante Colônia 75ml,4,229.9,92.0,Perfumaria Feminina,,CLI0183,Feminino,2001-01-25,,Entregue no Prazo,,Sim
VND01159,2026-04-05 13:36:39,lojas,mooz cartões,SP,Osasco,Malbec Desodorante Colônia 100ml,2,209.9,84.0,Perfumaria Masculina,FRQ023,,,,,,,
VND01160,2024-12-01 15:14:05,VD,mooz cartões,MA,Imperatriz,Make B. Base Líquida Mate Salicylic 30g,2,109.9,38.0,Maquiagem e Skincare,REV0007,,,,,,,
VND01161,2025-02-21 22:42:47,lojas,mooz cartões,SP,Franca,Malbec Gold Desodorante Colônia 100ml,3,195.9,78.0,Perfumaria Masculina,FRQ008,,,,,,,
VND01162,2024-04-20 20:14:42,Ecomm multi,mooz pix,MG,Divinópolis,Malbec Gold Desodorante Colônia 100ml,1,195.9,78.0,Perfumaria Masculina,,CLI0380,Masculino,1969-11-16,,Entregue no Prazo,,Não
VND01162,2024-04-20 20:14:42,Ecomm multi,mooz pix,MG,Divinópolis,Lily Lumière Eau de Parfum 75ml,3,329.9,145.0,Perfumaria Feminina,,CLI0380,Masculino,1969-11-16,,Entregue no Prazo,,Não
VND01163,2024-05-24 19:17:24,VD,mooz cartões,SP,São Carlos,Lily Creme Acetinado Hidratante Corporal 250g,4,149.9,45.0,Perfumaria Feminina,REV0084,,,,,,,
VND01164,2024-10-19 19:16:12,VD,mooz pix,ES,Vitória,Malbec Desodorante Colônia 100ml,3,209.9,84.0,Perfumaria Masculina,REV0041,,,,,,,
VND01165,2024-06-16 20:35:39,Ecomm mono,mooz pix,SP,Mauá,Cuide-se Bem Loção Corporal Deleite 200ml,2,78.9,24.0,Cuidados e Corpo,,CLI0174,Não-binário,1968-10-18,,Entregue no Prazo,,Não
VND01166,2024-08-27 19:01:08,Ecomm mono,mooz pix,SP,Mogi das Cruzes,Lily Lumière Eau de Parfum 75ml,4,329.9,145.0,Perfumaria Feminina,,CLI0056,Masculino,1961-10-18,Amei o cheiro!,Entregue no Prazo,QUERO10,Sim
VND01167,2025-03-13 20:30:39,Ecomm mono,mooz pix,SC,Joinville,Lily Creme Acetinado Hidratante Corporal 250g,2,149.9,45.0,Perfumaria Feminina,,CLI0384,Masculino,2002-02-14,Amei o cheiro!,Entregue no Prazo,,Não
VND01168,2025-05-14 12:01:13,Ecomm mono,mooz cartões,SP,Sâo Paulo,Lily Lumière Eau de Parfum 75ml,2,329.9,145.0,Perfumaria Feminina,,CLI0235,Masculino,1965-04-04,,Entregue no Prazo,BOTAO20,Sim
VND01169,2026-06-21 19:28:52,Ecomm multi,mooz pix,SP,Jundiaí,Lily Creme Acetinado Hidratante Corporal 250g,4,149.9,45.0,Perfumaria Feminina,,CLI0280,Feminino,1964-05-25,,Entregue no Prazo,,Sim
VND01170,2025-03-27 13:43:30,lojas,mooz pix,SC,Criciúma,Malbec Desodorante Colônia 100ml,3,209.9,84.0,Perfumaria Masculina,FRQ028,,,,,,,
VND01171,2025-06-30 19:16:58,lojas,mooz cartões,DF,Brasília,Malbec Gold Desodorante Colônia 100ml,1,195.9,78.0,Perfumaria Masculina,FRQ007,,,,,,,
VND01172,2024-04-12 19:05:03,VD,outros meios de pagamento,SP,São José dos Campos,Floratta Red Desodorante Colônia 75ml,3,229.9,92.0,Perfumaria Feminina,REV0066,,,,,,,
VND01173,2025-05-11 19:02:51,lojas,outros meios de pagamento,RJ,Petrópolis,Lily Lumière Eau de Parfum 75ml,3,329.9,145.0,Perfumaria Feminina,FRQ012,,,,,,,
VND01174,2026-02-21 08:06:11,lojas,mooz cartões,SP,São Carlos,Malbec Desodorante Colônia 100ml,2,209.9,84.0,Perfumaria Masculina,FRQ016,,,,,,,
VND01175,2025-04-10 08:01:23,Ecomm mono,mooz cartões,ES,Vitória,Lily Lumière Eau de Parfum 75ml,4,329.9,145.0,Perfumaria Feminina,,CLI0058,Feminino,2005-11-02,Chegou super rápido.,Entregue no Prazo,,Não
VND01175,2025-04-10 08:01:23,Ecomm mono,mooz cartões,ES,Vitória,Shampoo Match Escudo De Hidratação 300ml,2,47.9,14.0,Cabelos,,CLI0058,Feminino,2005-11-02,Chegou super rápido.,Entregue no Prazo,,Não
VND01176,2026-04-16 13:18:18,Ecomm mono,mooz pix,SC,Florianópolis,Lily Lumière Eau de Parfum 75ml,3,329.9,145.0,Perfumaria Feminina,,CLI0157,Não-binário,1988-05-25,,Entregue no Prazo,,Não
VND01176,2026-04-16 13:18:18,Ecomm mono,mooz pix,SC,Florianópolis,Malbec Desodorante Colônia 100ml,2,209.9,84.0,Perfumaria Masculina,,CLI0157,Não-binário,1988-05-25,,Entregue no Prazo,,Não
VND01177,2025-12-01 13:39:49,Ecomm mono,mooz cartões,SP,Bauru,Malbec Gold Desodorante Colônia 100ml,2,195.9,78.0,Perfumaria Masculina,,CLI0350,Masculino,1966-11-12,,Entregue no Prazo,,Não
VND01177,2025-12-01 13:39:49,Ecomm mono,mooz cartões,SP,Bauru,Lily Lumière Eau de Parfum 75ml,3,329.9,145.0,Perfumaria Feminina,,CLI0350,Masculino,1966-11-12,,Entregue no Prazo,,Não
VND01178,2024-10-01 19:58:31,Ecomm multi,mooz pix,RJ,Petrópolis,Malbec Desodorante Colônia 100ml,1,209.9,84.0,Perfumaria Masculina,,CLI0082,Feminino,1992-02-28,,Entregue no Prazo,QUERO10,Sim
VND01179,2025-09-11 12:41:23,lojas,mooz cartões,SP,Mogi das Cruzes,Lily Lumière Eau de Parfum 75ml,4,329.9,145.0,Perfumaria Feminina,FRQ010,,,,,,,
VND01180,2025-12-18 12:14:27,lojas,mooz pix,SP,Jundiaí,Lily Creme Acetinado Hidratante Corporal 250g,2,149.9,45.0,Perfumaria Feminina,FRQ024,,,,,,,
VND01181,2024-07-18 20:06:14,VD,mooz cartões,SP,Osasco,Floratta Red Desodorante Colônia 75ml,2,229.9,92.0,Perfumaria Feminina,REV0074,,,,,,,
VND01181,2024-07-18 20:06:14,VD,mooz cartões,SP,Osasco,Cuide-se Bem Loção Corporal Deleite 200ml,1,78.9,24.0,Cuidados e Corpo,REV0074,,,,,,,
VND01182,2024-06-04 20:53:11,VD,mooz pix,DF,Brasília,Malbec Desodorante Colônia 100ml,2,209.9,84.0,Perfumaria Masculina,REV0015,,,,,,,
VND01182,2024-06-04 20:53:11,VD,mooz pix,DF,Brasília,Malbec Gold Desodorante Colônia 100ml,4,195.9,78.0,Perfumaria Masculina,REV0015,,,,,,,
VND01183,2024-01-01 08:24:11,Ecomm multi,mooz pix,RJ,Teresópolis,Floratta Red Desodorante Colônia 75ml,4,229.9,92.0,Perfumaria Feminina,,CLI0269,Masculino,1999-08-21,Chegou super rápido.,Entregue no Prazo,,Não
VND01184,2024-05-12 20:42:11,VD,outros meios de pagamento,DF,Brasília,Botik Sérum Alta Potência Ácido Hialurônico 30ml,2,169.9,59.0,Maquiagem e Skincare,REV0056,,,,,,,
VND01185,2025-09-18 20:13:50,VD,mooz pix,SP,Piracicaba,Make B. Base Líquida Mate Salicylic 30g,1,109.9,38.0,Maquiagem e Skincare,REV0063,,,,,,,
VND01185,2025-09-18 20:13:50,VD,mooz pix,SP,Piracicaba,Malbec Desodorante Colônia 100ml,4,209.9,84.0,Perfumaria Masculina,REV0063,,,,,,,
VND01186,2025-09-19 12:44:33,VD,outros meios de pagamento,GO,Anápolis,Malbec Desodorante Colônia 100ml,1,209.9,84.0,Perfumaria Masculina,REV0066,,,,,,,
VND01186,2025-09-19 12:44:33,VD,outros meios de pagamento,GO,Anápolis,Malbec Gold Desodorante Colônia 100ml,4,195.9,78.0,Perfumaria Masculina,REV0066,,,,,,,
VND01187,2024-03-04 08:59:12,lojas,outros meios de pagamento,MG,Montes Claros,Floratta Red Desodorante Colônia 75ml,1,,92.0,Perfumaria Feminina,FRQ007,,,,,,,
VND01187,2024-03-04 08:59:12,lojas,outros meios de pagamento,MG,Montes Claros,Malbec Desodorante Colônia 100ml,3,209.9,84.0,Perfumaria Masculina,FRQ007,,,,,,,
VND01188,2024-10-03 20:33:57,lojas,outros meios de pagamento,SC,Florianópolis,Malbec Gold Desodorante Colônia 100ml,2,195.9,78.0,Perfumaria Masculina,FRQ030,,,,,,,
VND01189,2024-03-04 13:25:34,Ecomm multi,mooz cartões,SP,Franca,Floratta Red Desodorante Colônia 75ml,2,229.9,92.0,Perfumaria Feminina,,CLI0235,Masculino,1965-04-04,,Entregue no Prazo,,Não
VND01190,2025-10-12 15:40:34,Ecomm multi,mooz cartões,SP,Mauá,Cuide-se Bem Loção Corporal Deleite 200ml,500,78.9,24.0,Cuidados e Corpo,,CLI0233,Não-binário,1964-10-21,Amei o cheiro!,Entregue no Prazo,,Não
VND01191,2025-11-10 20:10:12,lojas,outros meios de pagamento,PB,João Pessoa,Malbec Gold Desodorante Colônia 100ml,2,195.9,78.0,Perfumaria Masculina,FRQ004,,,,,,,
VND01191,2025-11-10 20:10:12,lojas,outros meios de pagamento,PB,João Pessoa,Malbec Desodorante Colônia 100ml,1,209.9,84.0,Perfumaria Masculina,FRQ004,,,,,,,
VND01192,2025-12-18 20:57:30,Ecomm multi,mooz pix,SC,Florianópolis,Malbec Desodorante Colônia 100ml,3,209.9,84.0,Perfumaria Masculina,,CLI0334,Não-binário,1960-05-18,,Entregue com Atraso,BOTAO20,Sim
VND01192,2025-12-18 20:57:30,Ecomm multi,mooz pix,SC,Florianópolis,Lily Lumière Eau de Parfum 75ml,2,329.9,145.0,Perfumaria Feminina,,CLI0334,Não-binário,1960-05-18,,Entregue com Atraso,BOTAO20,Sim
VND01193,2024-12-24 13:11:47,VD,outros meios de pagamento,RJ,Nova Friburgo,Floratta Red Desodorante Colônia 75ml,3,229.9,92.0,Perfumaria Feminina,REV0020,,,,,,,
VND01193,2024-12-24 13:11:47,VD,outros meios de pagamento,RJ,Nova Friburgo,Cuide-se Bem Loção Corporal Deleite 200ml,4,78.9,24.0,Cuidados e Corpo,REV0020,,,,,,,
VND01194,2024-05-21 12:13:19,lojas,mooz pix,RJ,Campos dos Goytacazes,Malbec Desodorante Colônia 100ml,4,209.9,84.0,Perfumaria Masculina,FRQ008,,,,,,,
VND01194,2024-05-21 12:13:19,lojas,mooz pix,RJ,Campos dos Goytacazes,Shampoo Match Escudo De Hidratação 300ml,2000,47.9,14.0,Cabelos,FRQ008,,,,,,,
VND01195,2026-06-26 15:55:38,VD,mooz pix,RJ,Duque de Caxias,Cuide-se Bem Loção Corporal Deleite 200ml,4,78.9,24.0,Cuidados e Corpo,REV0081,,,,,,,
VND01196,2024-11-07 08:28:36,Ecomm multi,mooz pix,PE,Recife,Botik Sérum Alta Potência Ácido Hialurônico 30ml,3,169.9,59.0,Maquiagem e Skincare,,CLI0288,Masculino,1990-12-26,,Entregue com Atraso,,Sim
VND01197,2024-11-05 13:29:15,Ecomm mono,mooz pix,SP,Santo André,Lily Creme Acetinado Hidratante Corporal 250g,3,149.9,45.0,Perfumaria Feminina,,CLI0323,Masculino,2003-12-25,,Entregue com Atraso,,Sim
VND01198,2025-06-30 12:18:20,VD,outros meios de pagamento,SP,Santos,Lily Creme Acetinado Hidratante Corporal 250g,4,149.9,45.0,Perfumaria Feminina,REV0085,,,,,,,
VND01198,2025-06-30 12:18:20,VD,outros meios de pagamento,SP,Santos,Cuide-se Bem Loção Corporal Deleite 200ml,2,78.9,24.0,Cuidados e Corpo,REV0085,,,,,,,
VND01199,2024-06-16 08:29:02,Ecomm multi,mooz pix,SP,Osasco,Cuide-se Bem Loção Corporal Deleite 200ml,3,78.9,24.0,Cuidados e Corpo,,CLI0284,Não-binário,1982-06-18,,Entregue no Prazo,BOTAO20,Não
VND01200,2026-04-03 20:30:19,lojas,outros meios de pagamento,SP,Mogi das Cruzes,Floratta Red Desodorante Colônia 75ml,1,229.9,92.0,Perfumaria Feminina,FRQ024,,,,,,,
VND01201,2024-08-30 15:59:28,Ecomm mono,mooz cartões,RS,Porto Alegre,Lily Lumière Eau de Parfum 75ml,4,329.9,145.0,Perfumaria Feminina,,CLI0001,Feminino,1961-12-09,Amei o cheiro!,Entregue no Prazo,,Não
VND01202,2024-07-27 19:22:24,Ecomm mono,mooz cartões,MG,Divinópolis,Lily Creme Acetinado Hidratante Corporal 250g,3,149.9,45.0,Perfumaria Feminina,,CLI0134,Masculino,2002-07-11,Melhor creme da vida.,Entregue no Prazo,,Sim
VND01202,2024-07-27 19:22:24,Ecomm mono,mooz cartões,MG,Divinópolis,Cuide-se Bem Loção Corporal Deleite 200ml,4,78.9,24.0,Cuidados e Corpo,,CLI0134,Masculino,2002-07-11,Melhor creme da vida.,Entregue no Prazo,,Sim
VND01203,2025-06-27 08:26:56,VD,mooz cartões,SP,Campinas,Make B. Base Líquida Mate Salicylic 30g,1,109.9,38.0,Maquiagem e Skincare,REV0081,,,,,,,
VND01204,2024-09-15 13:38:02,Ecomm multi,mooz pix,PR,Cascavel,Shampoo Match Escudo De Hidratação 300ml,3,47.9,14.0,Cabelos,,CLI0341,Masculino,2001-07-04,,Entregue no Prazo,,Não
VND01205,2024-12-18 15:27:55,Ecomm multi,mooz cartões,SP,Sorocaba,Malbec Desodorante Colônia 100ml,3,209.9,84.0,Perfumaria Masculina,,CLI0218,Masculino,1982-12-15,,Entregue no Prazo,QUERO10,Não
VND01206,2024-11-10 20:24:19,Ecomm mono,mooz pix,SC,Blumenau,Malbec Desodorante Colônia 100ml,3,,84.0,Perfumaria Masculina,,CLI0306,Não-binário,1996-11-26,O produto veio quebrado.,Entregue no Prazo,,Não
VND01207,2026-04-30 08:08:18,Ecomm mono,mooz pix,SP,Ribeirão Preto,Cuide-se Bem Loção Corporal Deleite 200ml,2,78.9,24.0,Cuidados e Corpo,,CLI0053,Feminino,2005-05-13,,Entregue no Prazo,,Sim
VND01207,2026-04-30 08:08:18,Ecomm mono,mooz pix,SP,Ribeirão Preto,Lily Creme Acetinado Hidratante Corporal 250g,1,149.9,45.0,Perfumaria Feminina,,CLI0053,Feminino,2005-05-13,,Entregue no Prazo,,Sim
VND01208,2025-05-21 20:49:17,lojas,outros meios de pagamento,RJ,Campos dos Goytacazes,Malbec Desodorante Colônia 100ml,3,209.9,84.0,Perfumaria Masculina,FRQ018,,,,,,,
VND01209,2024-06-24 20:42:19,lojas,outros meios de pagamento,MG,Montes Claros,Malbec Gold Desodorante Colônia 100ml,1,195.9,78.0,Perfumaria Masculina,FRQ005,,,,,,,
VND01209,2024-06-24 20:42:19,lojas,outros meios de pagamento,MG,Montes Claros,Cuide-se Bem Loção Corporal Deleite 200ml,3,78.9,24.0,Cuidados e Corpo,FRQ005,,,,,,,
VND01210,2025-09-21 19:04:03,Ecomm mono,mooz cartões,PR,Curitiba,Shampoo Match Escudo De Hidratação 300ml,2,47.9,14.0,Cabelos,,CLI0186,Feminino,1990-11-04,,Entregue no Prazo,MAES15,Sim
VND01211,2025-10-15 20:49:09,Ecomm mono,mooz pix,RS,Passo Fundo,Shampoo Match Escudo De Hidratação 300ml,4,47.9,14.0,Cabelos,,CLI0271,Feminino,1978-08-23,,Entregue no Prazo,,Sim
VND01212,2025-08-17 20:51:36,Ecomm multi,mooz cartões,RS,Gramado,Make B. Base Líquida Mate Salicylic 30g,1,109.9,38.0,Maquiagem e Skincare,,CLI0149,Não-binário,1985-04-05,Melhor creme da vida.,Entregue no Prazo,,Não
VND01213,2024-05-07 20:26:05,VD,outros meios de pagamento,SP,Ribeirão Preto,Lily Creme Acetinado Hidratante Corporal 250g,2,149.9,45.0,Perfumaria Feminina,REV0031,,,,,,,
VND01213,2024-05-07 20:26:05,VD,outros meios de pagamento,SP,Ribeirão Preto,Make B. Base Líquida Mate Salicylic 30g,4,109.9,38.0,Maquiagem e Skincare,REV0031,,,,,,,
VND01214,2026-06-29 12:58:35,VD,mooz pix,PA,Belém,Lily Lumière Eau de Parfum 75ml,1,329.9,145.0,Perfumaria Feminina,REV0062,,,,,,,
VND01214,2026-06-29 12:58:35,VD,mooz pix,PA,Belém,Lily Creme Acetinado Hidratante Corporal 250g,2,149.9,45.0,Perfumaria Feminina,REV0062,,,,,,,
VND01215,2024-05-05 13:19:26,Ecomm mono,mooz cartões,SP,São Carlos,Malbec Desodorante Colônia 100ml,3,209.9,84.0,Perfumaria Masculina,,CLI0168,Feminino,1982-05-25,,Entregue com Atraso,BOTAO20,Não
VND01215,2024-05-05 13:19:26,Ecomm mono,mooz cartões,SP,São Carlos,Cuide-se Bem Loção Corporal Deleite 200ml,3,78.9,24.0,Cuidados e Corpo,,CLI0168,Feminino,1982-05-25,,Entregue com Atraso,BOTAO20,Não
VND01216,2024-08-17 13:25:08,Ecomm mono,mooz pix,SP,Jundiaí,Lily Lumière Eau de Parfum 75ml,1,329.9,145.0,Perfumaria Feminina,,CLI0221,Feminino,1994-12-06,,Entregue no Prazo,,Sim
VND01216,2024-08-17 13:25:08,Ecomm mono,mooz pix,SP,Jundiaí,Botik Sérum Alta Potência Ácido Hialurônico 30ml,3,169.9,59.0,Maquiagem e Skincare,,CLI0221,Feminino,1994-12-06,,Entregue no Prazo,,Sim
VND01217,2025-08-14 13:57:14,Ecomm mono,mooz cartões,RJ,Niterói,Lily Lumière Eau de Parfum 75ml,3,329.9,145.0,Perfumaria Feminina,,CLI0361,Feminino,1997-06-01,,Entregue no Prazo,,Não
VND01217,2025-08-14 13:57:14,Ecomm mono,mooz cartões,RJ,Niterói,Lily Creme Acetinado Hidratante Corporal 250g,3,149.9,45.0,Perfumaria Feminina,,CLI0361,Feminino,1997-06-01,,Entregue no Prazo,,Não
VND01218,2026-06-30 08:40:45,Ecomm mono,mooz cartões,MG,Divinópolis,Malbec Desodorante Colônia 100ml,4,209.9,84.0,Perfumaria Masculina,,CLI0380,Masculino,1969-11-16,,Entregue no Prazo,QUERO10,Sim
VND01219,2026-05-08 22:08:19,lojas,outros meios de pagamento,SP,Mogi das Cruzes,Malbec Desodorante Colônia 100ml,4,209.9,84.0,Perfumaria Masculina,FRQ030,,,,,,,
VND01220,2024-12-02 20:33:19,Ecomm mono,mooz pix,ES,Vitória,Lily Creme Acetinado Hidratante Corporal 250g,1,149.9,45.0,Perfumaria Feminina,,CLI0137,Não-binário,2003-12-06,,Entregue no Prazo,,Não
VND01221,2026-01-13 20:01:13,Ecomm mono,mooz pix,SP,Franca,Floratta Red Desodorante Colônia 75ml,4,229.9,92.0,Perfumaria Feminina,,CLI0275,Feminino,1967-08-04,,Entregue no Prazo,,Não
VND01221,2026-01-13 20:01:13,Ecomm mono,mooz pix,SP,Franca,Lily Creme Acetinado Hidratante Corporal 250g,3,149.9,45.0,Perfumaria Feminina,,CLI0275,Feminino,1967-08-04,,Entregue no Prazo,,Não
VND01222,2026-05-03 19:29:36,VD,mooz pix,SP,Sorocaba,Cuide-se Bem Loção Corporal Deleite 200ml,4,78.9,24.0,Cuidados e Corpo,REV0019,,,,,,,
VND01222,2026-05-03 19:29:36,VD,mooz pix,SP,Sorocaba,Lily Lumière Eau de Parfum 75ml,3,329.9,145.0,Perfumaria Feminina,REV0019,,,,,,,
VND01223,2026-02-07 13:46:29,VD,outros meios de pagamento,ES,Vila Velha,Botik Sérum Alta Potência Ácido Hialurônico 30ml,1,169.9,59.0,Maquiagem e Skincare,REV0025,,,,,,,
VND01224,2024-05-04 13:15:50,VD,mooz cartões,MS,Campo Grande,Malbec Gold Desodorante Colônia 100ml,4,195.9,78.0,Perfumaria Masculina,REV0069,,,,,,,
VND01225,2024-12-23 12:46:27,VD,outros meios de pagamento,SP,São Paulo,Lily Creme Acetinado Hidratante Corporal 250g,1,149.9,45.0,Perfumaria Feminina,REV0042,,,,,,,
VND01225,2024-12-23 12:46:27,VD,outros meios de pagamento,SP,São Paulo,Malbec Desodorante Colônia 100ml,2,209.9,84.0,Perfumaria Masculina,REV0042,,,,,,,
VND01226,2025-02-14 12:21:59,Ecomm multi,mooz cartões,MT,Várzea Grande,Cuide-se Bem Loção Corporal Deleite 200ml,4,78.9,24.0,Cuidados e Corpo,,CLI0388,Feminino,1969-11-16,Chegou super rápido.,Entregue no Prazo,,Não
VND01227,2024-08-02 12:51:39,VD,outros meios de pagamento,SP,São Paulo,Malbec Desodorante Colônia 100ml,4,209.9,84.0,Perfumaria Masculina,REV0070,,,,,,,
VND01228,2026-05-31 20:24:15,Ecomm multi,mooz cartões,DF,Brasília,Malbec Desodorante Colônia 100ml,2,209.9,84.0,Perfumaria Masculina,,CLI0060,Masculino,1964-09-08,O produto veio quebrado.,Entregue com Atraso,,Não
VND01228,2026-05-31 20:24:15,Ecomm multi,mooz cartões,DF,Brasília,Lily Lumière Eau de Parfum 75ml,1,329.9,145.0,Perfumaria Feminina,,CLI0060,Masculino,1964-09-08,O produto veio quebrado.,Entregue com Atraso,,Não
VND01229,2025-02-23 13:58:15,Ecomm mono,mooz cartões,RJ,Macaé,Cuide-se Bem Loção Corporal Deleite 200ml,1,78.9,24.0,Cuidados e Corpo,,CLI0043,Masculino,2000-09-20,,Entregue no Prazo,BOTAO20,Sim
VND01229,2025-02-23 13:58:15,Ecomm mono,mooz cartões,RJ,Macaé,Malbec Desodorante Colônia 100ml,4,209.9,84.0,Perfumaria Masculina,,CLI0043,Masculino,2000-09-20,,Entregue no Prazo,BOTAO20,Sim
VND01230,2024-11-27 12:13:21,Ecomm mono,mooz pix,AC,Rio Branco,Malbec Desodorante Colônia 100ml,2,,84.0,Perfumaria Masculina,,CLI0022,Feminino,1998-11-06,Amei o cheiro!,Entregue com Atraso,,Não
VND01231,2024-05-26 12:13:27,lojas,outros meios de pagamento,SP,Franca,Malbec Gold Desodorante Colônia 100ml,3,195.9,78.0,Perfumaria Masculina,FRQ004,,,,,,,
VND01232,2026-03-24 20:01:36,Ecomm multi,mooz cartões,SP,Mauá,Floratta Red Desodorante Colônia 75ml,1,229.9,92.0,Perfumaria Feminina,,CLI0254,Não-binário,1988-02-20,Chegou super rápido.,Entregue no Prazo,,Não
VND01232,2026-03-24 20:01:36,Ecomm multi,mooz cartões,SP,Mauá,Lily Lumière Eau de Parfum 75ml,3,329.9,145.0,Perfumaria Feminina,,CLI0254,Não-binário,1988-02-20,Chegou super rápido.,Entregue no Prazo,,Não
VND01233,2025-06-05 08:17:55,Ecomm mono,mooz pix,CE,Fortaleza,Lily Lumière Eau de Parfum 75ml,4,329.9,145.0,Perfumaria Feminina,,CLI0362,Feminino,1976-01-05,,Entregue no Prazo,,Sim
VND01233,2025-06-05 08:17:55,Ecomm mono,mooz pix,CE,Fortaleza,Malbec Gold Desodorante Colônia 100ml,4,195.9,78.0,Perfumaria Masculina,,CLI0362,Feminino,1976-01-05,,Entregue no Prazo,,Sim
VND01234,2024-07-20 22:27:51,VD,mooz cartões,MG,Uberaba,Botik Sérum Alta Potência Ácido Hialurônico 30ml,1,169.9,59.0,Maquiagem e Skincare,REV0035,,,,,,,
VND01234,2024-07-20 22:27:51,VD,mooz cartões,MG,Uberaba,Cuide-se Bem Loção Corporal Deleite 200ml,1,78.9,24.0,Cuidados e Corpo,REV0035,,,,,,,
VND01235,2024-08-07 12:48:30,Ecomm multi,mooz cartões,MG,Contagem,Make B. Base Líquida Mate Salicylic 30g,3,109.9,38.0,Maquiagem e Skincare,,CLI0049,Não-binário,1964-09-25,,Entregue no Prazo,,Não
VND01235,2024-08-07 12:48:30,Ecomm multi,mooz cartões,MG,Contagem,Malbec Desodorante Colônia 100ml,4,209.9,84.0,Perfumaria Masculina,,CLI0049,Não-binário,1964-09-25,,Entregue no Prazo,,Não
VND01236,2025-02-09 20:16:50,lojas,mooz cartões,SP,São Carlos,Malbec Desodorante Colônia 100ml,2,209.9,84.0,Perfumaria Masculina,FRQ009,,,,,,,
VND01237,2025-09-17 13:41:22,Ecomm multi,mooz pix,SP,Santos,Malbec Gold Desodorante Colônia 100ml,3,195.9,78.0,Perfumaria Masculina,,CLI0004,Feminino,1997-07-02,,Entregue no Prazo,QUERO10,Não
VND01237,2025-09-17 13:41:22,Ecomm multi,mooz pix,SP,Santos,Shampoo Match Escudo De Hidratação 300ml,3,47.9,14.0,Cabelos,,CLI0004,Feminino,1997-07-02,,Entregue no Prazo,QUERO10,Não
VND01238,2026-03-10 12:35:41,VD,mooz cartões,SP,Mogi das Cruzes,Malbec Desodorante Colônia 100ml,1,209.9,84.0,Perfumaria Masculina,REV0062,,,,,,,
VND01238,2026-03-10 12:35:41,VD,mooz cartões,SP,Mogi das Cruzes,Malbec Gold Desodorante Colônia 100ml,2,195.9,78.0,Perfumaria Masculina,REV0062,,,,,,,
VND01239,2025-08-11 12:11:11,Ecomm mono,mooz cartões,MG,Ipatinga,Lily Creme Acetinado Hidratante Corporal 250g,2,149.9,45.0,Perfumaria Feminina,,CLI0153,Feminino,1989-03-26,Amei o cheiro!,Entregue no Prazo,BOTAO20,Sim
VND01239,2025-08-11 12:11:11,Ecomm mono,mooz cartões,MG,Ipatinga,Malbec Gold Desodorante Colônia 100ml,1,195.9,78.0,Perfumaria Masculina,,CLI0153,Feminino,1989-03-26,Amei o cheiro!,Entregue no Prazo,BOTAO20,Sim
VND01240,2024-11-08 08:27:06,Ecomm multi,mooz cartões,GO,Goiânia,Malbec Gold Desodorante Colônia 100ml,2,195.9,78.0,Perfumaria Masculina,,CLI0244,Não-binário,1978-01-08,Suporte não responde.,Entregue com Atraso,,Não
VND01241,2024-01-31 12:31:15,lojas,mooz pix,AM,Itacoatiara,Malbec Desodorante Colônia 100ml,2,209.9,84.0,Perfumaria Masculina,FRQ001,,,,,,,
VND01242,2024-04-01 13:49:02,Ecomm multi,mooz cartões,SP,Santos,Malbec Desodorante Colônia 100ml,4,209.9,84.0,Perfumaria Masculina,,CLI0048,Feminino,1996-02-03,Amei o cheiro!,Entregue no Prazo,,Não
VND01242,2024-04-01 13:49:02,Ecomm multi,mooz cartões,SP,Santos,Cuide-se Bem Loção Corporal Deleite 200ml,4,78.9,24.0,Cuidados e Corpo,,CLI0048,Feminino,1996-02-03,Amei o cheiro!,Entregue no Prazo,,Não
VND01243,2024-05-02 12:52:16,Ecomm mono,mooz pix,PR,Guarapuava,Malbec Desodorante Colônia 100ml,1,209.9,84.0,Perfumaria Masculina,,CLI0058,Feminino,2005-11-02,,Entregue com Atraso,,Sim
VND01244,2024-11-09 15:03:09,lojas,mooz pix,SP,Osasco,Shampoo Match Escudo De Hidratação 300ml,2,47.9,14.0,Cabelos,FRQ028,,,,,,,
VND01245,2025-02-10 19:21:11,lojas,outros meios de pagamento,SP,Osasco,Botik Sérum Alta Potência Ácido Hialurônico 30ml,1,169.9,59.0,Maquiagem e Skincare,FRQ025,,,,,,,
VND01246,2024-12-27 12:14:59,lojas,mooz pix,CE,Juazeiro No Norte,Malbec Desodorante Colônia 100ml,3,209.9,84.0,Perfumaria Masculina,FRQ003,,,,,,,
VND01246,2024-12-27 12:14:59,lojas,mooz pix,CE,Juazeiro No Norte,Make B. Base Líquida Mate Salicylic 30g,2,109.9,38.0,Maquiagem e Skincare,FRQ003,,,,,,,
VND01247,2024-12-19 12:22:37,Ecomm mono,mooz cartões,MG,Uberaba,Make B. Base Líquida Mate Salicylic 30g,1,109.9,38.0,Maquiagem e Skincare,,CLI0019,Feminino,1984-05-15,,Entregue no Prazo,,Não
VND01247,2024-12-19 12:22:37,Ecomm mono,mooz cartões,MG,Uberaba,Cuide-se Bem Loção Corporal Deleite 200ml,4,78.9,24.0,Cuidados e Corpo,,CLI0019,Feminino,1984-05-15,,Entregue no Prazo,,Não
VND01248,2025-12-20 08:38:51,Ecomm multi,mooz pix,SP,São José dos Campos,Malbec Desodorante Colônia 100ml,3,209.9,84.0,Perfumaria Masculina,,CLI0285,Não-binário,1989-06-28,,Entregue no Prazo,MAES15,Sim
VND01249,2024-09-22 13:47:14,Ecomm multi,mooz cartões,RJ,Cabo Frio,Malbec Desodorante Colônia 100ml,3,209.9,84.0,Perfumaria Masculina,,CLI0057,Feminino,1997-04-01,Melhor creme da vida.,Entregue no Prazo,BOTAO20,Sim
VND01250,2026-05-03 20:20:14,Ecomm mono,mooz pix,SP,Santo André,Lily Lumière Eau de Parfum 75ml,4,329.9,145.0,Perfumaria Feminina,,CLI0224,Masculino,1966-04-10,,Entregue no Prazo,BOTAO20,Sim
VND01251,2024-06-21 20:10:12,Ecomm multi,mooz cartões,SC,Florianópolis,Malbec Gold Desodorante Colônia 100ml,1,195.9,78.0,Perfumaria Masculina,,CLI0184,Feminino,1975-04-27,Chegou super rápido.,Entregue no Prazo,QUERO10,Sim
VND01252,2025-08-30 19:00:00,VD,mooz cartões,SP,Osasco,Malbec Gold Desodorante Colônia 100ml,1,195.9,78.0,Perfumaria Masculina,REV0016,,,,,,,
VND01253,2026-04-20 13:43:31,lojas,mooz pix,SP,Piracicaba,Malbec Desodorante Colônia 100ml,4,209.9,84.0,Perfumaria Masculina,FRQ027,,,,,,,
VND01253,2026-04-20 13:43:31,lojas,mooz pix,SP,Piracicaba,Botik Sérum Alta Potência Ácido Hialurônico 30ml,4,,59.0,Maquiagem e Skincare,FRQ027,,,,,,,
VND01254,2024-11-03 22:53:05,Ecomm multi,mooz pix,RJ,Duque de Caxias,Malbec Desodorante Colônia 100ml,2,209.9,84.0,Perfumaria Masculina,,CLI0199,Não-binário,2005-03-14,A entrega atrasou muito.,Entregue com Atraso,,Sim
VND01254,2024-11-03 22:53:05,Ecomm multi,mooz pix,RJ,Duque de Caxias,Malbec Gold Desodorante Colônia 100ml,1,195.9,78.0,Perfumaria Masculina,,CLI0199,Não-binário,2005-03-14,A entrega atrasou muito.,Entregue com Atraso,,Sim
VND01255,2024-11-21 15:38:35,Ecomm mono,mooz pix,SP,Sorocaba,Malbec Desodorante Colônia 100ml,1,209.9,84.0,Perfumaria Masculina,,CLI0257,Feminino,2003-05-19,,Entregue no Prazo,QUERO10,Não
VND01256,2024-09-01 22:26:01,Ecomm multi,mooz pix,RJ,Volta Redonda,Malbec Gold Desodorante Colônia 100ml,4,195.9,78.0,Perfumaria Masculina,,CLI0295,Não-binário,2001-02-28,,Entregue no Prazo,BOTAO20,Não
VND01257,2026-01-03 19:03:35,lojas,mooz pix,SP,São Carlos,Malbec Desodorante Colônia 100ml,2,209.9,84.0,Perfumaria Masculina,FRQ021,,,,,,,
VND01257,2026-01-03 19:03:35,lojas,mooz pix,SP,São Carlos,Make B. Base Líquida Mate Salicylic 30g,1,109.9,38.0,Maquiagem e Skincare,FRQ021,,,,,,,
VND01258,2025-10-30 15:28:38,Ecomm mono,mooz cartões,GO,Anápolis,Shampoo Match Escudo De Hidratação 300ml,3,47.9,14.0,Cabelos,,CLI0201,Masculino,1999-09-25,Amei o cheiro!,Entregue no Prazo,,Não
VND01259,2025-04-23 12:58:22,lojas,mooz pix,SP,Osasco,Malbec Gold Desodorante Colônia 100ml,4,195.9,78.0,Perfumaria Masculina,FRQ006,,,,,,,
VND01260,2024-10-28 19:39:06,lojas,outros meios de pagamento,RJ,Nova Friburgo,Malbec Desodorante Colônia 100ml,4,209.9,84.0,Perfumaria Masculina,FRQ011,,,,,,,
VND01261,2025-10-05 19:40:20,Ecomm mono,mooz cartões,BA,Vitória da Conquista,Malbec Desodorante Colônia 100ml,1,209.9,84.0,Perfumaria Masculina,,CLI0341,Masculino,2001-07-04,Chegou super rápido.,Entregue no Prazo,MAES15,Sim
VND01261,2025-10-05 19:40:20,Ecomm mono,mooz cartões,BA,Vitória da Conquista,Lily Creme Acetinado Hidratante Corporal 250g,1,149.9,45.0,Perfumaria Feminina,,CLI0341,Masculino,2001-07-04,Chegou super rápido.,Entregue no Prazo,MAES15,Sim
VND01262,2025-07-29 13:09:29,VD,mooz cartões,PR,Londrina,Floratta Red Desodorante Colônia 75ml,2,229.9,92.0,Perfumaria Feminina,REV0093,,,,,,,
VND01262,2025-07-29 13:09:29,VD,mooz cartões,PR,Londrina,Cuide-se Bem Loção Corporal Deleite 200ml,4,78.9,24.0,Cuidados e Corpo,REV0093,,,,,,,
VND01263,2024-04-01 13:41:57,Ecomm mono,mooz pix,BA,Salvador,Lily Creme Acetinado Hidratante Corporal 250g,3,149.9,45.0,Perfumaria Feminina,,CLI0255,Feminino,1987-12-11,,Entregue no Prazo,,Não
VND01264,2026-01-12 20:56:19,lojas,mooz cartões,SP,São José dos Campos,Malbec Desodorante Colônia 100ml,3,209.9,84.0,Perfumaria Masculina,FRQ014,,,,,,,
VND01265,2024-01-26 08:05:21,lojas,mooz cartões,SP,Sorocaba,Floratta Red Desodorante Colônia 75ml,2,229.9,92.0,Perfumaria Feminina,FRQ016,,,,,,,
VND01265,2024-01-26 08:05:21,lojas,mooz cartões,SP,Sorocaba,Malbec Desodorante Colônia 100ml,2,209.9,84.0,Perfumaria Masculina,FRQ016,,,,,,,
VND01266,2024-12-24 20:26:05,Ecomm multi,mooz pix,SP,Santo André,Floratta Red Desodorante Colônia 75ml,2,229.9,92.0,Perfumaria Feminina,,CLI0087,Masculino,1976-04-22,,Entregue com Atraso,,Sim
VND01267,2026-05-17 12:51:24,Ecomm mono,mooz pix,RJ,Petrópolis,Malbec Desodorante Colônia 100ml,4,209.9,84.0,Perfumaria Masculina,,CLI0067,Feminino,1963-07-24,,Entregue com Atraso,,Sim
VND01268,2026-05-14 13:39:18,Ecomm multi,mooz pix,SP,Franca,Malbec Desodorante Colônia 100ml,1,209.9,84.0,Perfumaria Masculina,,CLI0042,Feminino,1992-02-28,Melhor creme da vida.,Entregue no Prazo,,Não
VND01269,2024-11-06 19:30:19,lojas,mooz cartões,SP,Ribeirão Preto,Malbec Gold Desodorante Colônia 100ml,3,195.9,78.0,Perfumaria Masculina,FRQ011,,,,,,,
VND01270,2025-07-14 15:07:09,VD,mooz pix,SP,Bauru,Make B. Base Líquida Mate Salicylic 30g,3,109.9,38.0,Maquiagem e Skincare,REV0082,,,,,,,
VND01271,2024-06-25 12:25:42,Ecomm mono,mooz pix,SC,Florianópolis,Cuide-se Bem Loção Corporal Deleite 200ml,1,78.9,24.0,Cuidados e Corpo,,CLI0393,Masculino,1961-03-09,Amei o cheiro!,Entregue no Prazo,,Não
VND01272,2025-04-19 19:54:42,Ecomm multi,mooz cartões,MG,Contagem,Malbec Desodorante Colônia 100ml,2,209.9,84.0,Perfumaria Masculina,,CLI0116,Feminino,1977-03-26,,Entregue no Prazo,,Sim
VND01272,2025-04-19 19:54:42,Ecomm multi,mooz cartões,MG,Contagem,Make B. Base Líquida Mate Salicylic 30g,3,109.9,38.0,Maquiagem e Skincare,,CLI0116,Feminino,1977-03-26,,Entregue no Prazo,,Sim
VND01273,2024-12-21 13:52:06,VD,mooz cartões,RJ,Niterói,Cuide-se Bem Loção Corporal Deleite 200ml,3,78.9,24.0,Cuidados e Corpo,REV0021,,,,,,,
VND01274,2026-01-13 13:55:01,VD,outros meios de pagamento,AM,Parintins,Cuide-se Bem Loção Corporal Deleite 200ml,4,,24.0,Cuidados e Corpo,REV0007,,,,,,,
VND01275,2025-01-29 19:03:12,lojas,mooz cartões,MA,São Luís,Malbec Desodorante Colônia 100ml,1,209.9,84.0,Perfumaria Masculina,FRQ004,,,,,,,
VND01275,2025-01-29 19:03:12,lojas,mooz cartões,MA,São Luís,Floratta Red Desodorante Colônia 75ml,1,229.9,92.0,Perfumaria Feminina,FRQ004,,,,,,,
VND01276,2024-08-02 12:59:30,VD,mooz cartões,SC,Florianópolis,Make B. Base Líquida Mate Salicylic 30g,1,109.9,38.0,Maquiagem e Skincare,REV0097,,,,,,,
VND01276,2024-08-02 12:59:30,VD,mooz cartões,SC,Florianópolis,Lily Creme Acetinado Hidratante Corporal 250g,4,149.9,45.0,Perfumaria Feminina,REV0097,,,,,,,
VND01277,2026-02-06 13:40:48,Ecomm multi,mooz cartões,PA,Ananindeua,Lily Creme Acetinado Hidratante Corporal 250g,3,149.9,45.0,Perfumaria Feminina,,CLI0351,Masculino,1963-07-09,,Entregue no Prazo,,Não
VND01278,2025-10-25 13:40:29,Ecomm mono,mooz pix,MT,Cuiabá,Cuide-se Bem Loção Corporal Deleite 200ml,2,78.9,24.0,Cuidados e Corpo,,CLI0322,Masculino,1974-11-07,Amei o cheiro!,Entregue no Prazo,,Não
VND01279,2026-02-17 20:14:29,VD,mooz pix,SP,Campinas,Lily Creme Acetinado Hidratante Corporal 250g,1,149.9,45.0,Perfumaria Feminina,REV0055,,,,,,,
VND01280,2024-06-07 20:12:43,Ecomm multi,mooz pix,RJ,Angra dos Reis,Make B. Base Líquida Mate Salicylic 30g,4,109.9,38.0,Maquiagem e Skincare,,CLI0252,Masculino,1988-02-15,,Entregue no Prazo,,Não
VND01281,2024-01-08 19:18:35,VD,outros meios de pagamento,SC,Criciúma,Shampoo Match Escudo De Hidratação 300ml,1,47.9,14.0,Cabelos,REV0047,,,,,,,
VND01282,2025-10-28 20:55:18,lojas,mooz cartões,RJ,Nova Iguaçu,Malbec Desodorante Colônia 100ml,2,209.9,84.0,Perfumaria Masculina,FRQ029,,,,,,,
VND01283,2024-05-04 13:02:50,Ecomm multi,mooz pix,PR,Ponta Grossa,Cuide-se Bem Loção Corporal Deleite 200ml,1,78.9,24.0,Cuidados e Corpo,,CLI0234,Feminino,1969-03-26,,Entregue no Prazo,,Não
VND01283,2024-05-04 13:02:50,Ecomm multi,mooz pix,PR,Ponta Grossa,Malbec Gold Desodorante Colônia 100ml,2,195.9,78.0,Perfumaria Masculina,,CLI0234,Feminino,1969-03-26,,Entregue no Prazo,,Não
VND01284,2026-01-23 19:26:57,Ecomm mono,mooz cartões,SP,Mauá,Lily Lumière Eau de Parfum 75ml,3,329.9,145.0,Perfumaria Feminina,,CLI0038,Feminino,2003-12-04,,Entregue no Prazo,QUERO10,Não
VND01285,2024-06-09 12:13:44,VD,outros meios de pagamento,SP,Santo André,Cuide-se Bem Loção Corporal Deleite 200ml,3,78.9,24.0,Cuidados e Corpo,REV0029,,,,,,,
VND01285,2024-06-09 12:13:44,VD,outros meios de pagamento,SP,Santo André,Lily Creme Acetinado Hidratante Corporal 250g,1,149.9,45.0,Perfumaria Feminina,REV0029,,,,,,,
VND01286,2024-02-17 12:23:58,VD,mooz pix,PB,João Pessoa,Cuide-se Bem Loção Corporal Deleite 200ml,4,78.9,24.0,Cuidados e Corpo,REV0093,,,,,,,
VND01287,2024-09-07 22:55:59,Ecomm mono,mooz cartões,RJ,Duque de Caxias,Make B. Base Líquida Mate Salicylic 30g,3,109.9,38.0,Maquiagem e Skincare,,CLI0282,Feminino,1978-12-10,Amei o cheiro!,Entregue no Prazo,,Não
VND01288,2025-03-06 19:09:31,Ecomm multi,mooz cartões,RS,Gramado,Lily Creme Acetinado Hidratante Corporal 250g,1,149.9,45.0,Perfumaria Feminina,,CLI0242,Feminino,1971-09-03,,Entregue no Prazo,,Não
VND01289,2025-05-19 12:06:08,lojas,outros meios de pagamento,SP,Sorocaba,Malbec Desodorante Colônia 100ml,1,209.9,84.0,Perfumaria Masculina,FRQ025,,,,,,,
VND01289,2025-05-19 12:06:08,lojas,outros meios de pagamento,SP,Sorocaba,Botik Sérum Alta Potência Ácido Hialurônico 30ml,4,169.9,59.0,Maquiagem e Skincare,FRQ025,,,,,,,
VND01290,2025-10-16 12:42:51,Ecomm multi,mooz cartões,PR,Foz do Iguaçu,Lily Lumière Eau de Parfum 75ml,3,329.9,145.0,Perfumaria Feminina,,CLI0376,Feminino,1987-08-08,Chegou super rápido.,Entregue no Prazo,MAES15,Não
VND01291,2025-04-24 12:22:04,Ecomm multi,mooz cartões,SC,Florianópolis,Cuide-se Bem Loção Corporal Deleite 200ml,3,78.9,24.0,Cuidados e Corpo,,CLI0236,Não-binário,1998-10-26,Amei o cheiro!,Entregue no Prazo,,Não
VND01292,2025-05-07 20:41:48,lojas,mooz pix,AL,Maceió,Lily Lumière Eau de Parfum 75ml,3,329.9,145.0,Perfumaria Feminina,FRQ007,,,,,,,
VND01293,2025-06-26 13:11:56,Ecomm multi,mooz pix,PR,Londrina,Cuide-se Bem Loção Corporal Deleite 200ml,1,78.9,24.0,Cuidados e Corpo,,CLI0155,Masculino,1988-10-27,,Entregue no Prazo,,Sim
VND01293,2025-06-26 13:11:56,Ecomm multi,mooz pix,PR,Londrina,Malbec Desodorante Colônia 100ml,3,209.9,84.0,Perfumaria Masculina,,CLI0155,Masculino,1988-10-27,,Entregue no Prazo,,Sim
VND01294,2025-04-06 13:33:53,Ecomm mono,mooz cartões,BA,Porto Seguro,Malbec Gold Desodorante Colônia 100ml,2,195.9,78.0,Perfumaria Masculina,,CLI0214,Masculino,1974-07-23,Chegou super rápido.,Entregue no Prazo,BOTAO20,Sim
VND01295,2025-12-24 19:21:13,Ecomm multi,mooz pix,PE,Petrolina,Make B. Base Líquida Mate Salicylic 30g,1,109.9,38.0,Maquiagem e Skincare,,CLI0355,Feminino,1996-04-03,Suporte não responde.,Entregue com Atraso,,Não
VND01295,2025-12-24 19:21:13,Ecomm multi,mooz pix,PE,Petrolina,Malbec Desodorante Colônia 100ml,1,209.9,84.0,Perfumaria Masculina,,CLI0355,Feminino,1996-04-03,Suporte não responde.,Entregue com Atraso,,Não
VND01296,2024-06-29 20:21:49,Ecomm mono,mooz cartões,PE,Caruaru,Malbec Desodorante Colônia 100ml,4,209.9,84.0,Perfumaria Masculina,,CLI0004,Feminino,1997-07-02,,Entregue no Prazo,,Sim
VND01296,2024-06-29 20:21:49,Ecomm mono,mooz cartões,PE,Caruaru,Floratta Red Desodorante Colônia 75ml,1,229.9,92.0,Perfumaria Feminina,,CLI0004,Feminino,1997-07-02,,Entregue no Prazo,,Sim
VND01297,2024-12-01 19:28:27,Ecomm mono,mooz cartões,PR,Ponta Grossa,Malbec Desodorante Colônia 100ml,4,209.9,84.0,Perfumaria Masculina,,CLI0099,Masculino,1998-04-23,Melhor creme da vida.,Entregue no Prazo,MAES15,Sim
VND01297,2024-12-01 19:28:27,Ecomm mono,mooz cartões,PR,Ponta Grossa,Lily Lumière Eau de Parfum 75ml,3,329.9,145.0,Perfumaria Feminina,,CLI0099,Masculino,1998-04-23,Melhor creme da vida.,Entregue no Prazo,MAES15,Sim
VND01298,2026-05-20 19:45:55,VD,mooz cartões,CE,Sobral,Floratta Red Desodorante Colônia 75ml,4,229.9,92.0,Perfumaria Feminina,REV0034,,,,,,,
VND01299,2024-05-13 13:13:11,VD,outros meios de pagamento,AM,Manaus,Cuide-se Bem Loção Corporal Deleite 200ml,1,78.9,24.0,Cuidados e Corpo,REV0023,,,,,,,
VND01299,2024-05-13 13:13:11,VD,outros meios de pagamento,AM,Manaus,Make B. Base Líquida Mate Salicylic 30g,4,109.9,38.0,Maquiagem e Skincare,REV0023,,,,,,,
VND01300,2025-05-18 19:10:03,Ecomm mono,mooz cartões,SP,Mogi das Cruzes,Cuide-se Bem Loção Corporal Deleite 200ml,3,78.9,24.0,Cuidados e Corpo,,CLI0279,Não-binário,1972-10-17,O produto veio quebrado.,Entregue com Atraso,,Sim
VND01300,2025-05-18 19:10:03,Ecomm mono,mooz cartões,SP,Mogi das Cruzes,Malbec Desodorante Colônia 100ml,4,209.9,84.0,Perfumaria Masculina,,CLI0279,Não-binário,1972-10-17,O produto veio quebrado.,Entregue com Atraso,,Sim
VND01301,2024-01-09 13:54:51,lojas,mooz cartões,MG,Belo Horizonte,Lily Lumière Eau de Parfum 75ml,1,329.9,145.0,Perfumaria Feminina,FRQ024,,,,,,,
VND01302,2026-06-30 19:43:25,Ecomm mono,mooz pix,SP,Franca,Floratta Red Desodorante Colônia 75ml,1,229.9,92.0,Perfumaria Feminina,,CLI0040,Masculino,1987-03-15,,Entregue no Prazo,QUERO10,Sim
VND01303,2025-12-02 22:02:18,lojas,mooz cartões,SC,Joinville,Make B. Base Líquida Mate Salicylic 30g,3,109.9,38.0,Maquiagem e Skincare,FRQ014,,,,,,,
VND01304,2025-07-30 20:25:48,Ecomm mono,mooz pix,ES,Vitória,Cuide-se Bem Loção Corporal Deleite 200ml,2,78.9,24.0,Cuidados e Corpo,,CLI0081,Não-binário,1992-09-06,,Entregue no Prazo,,Sim
VND01304,2025-07-30 20:25:48,Ecomm mono,mooz pix,ES,Vitória,Floratta Red Desodorante Colônia 75ml,4,229.9,92.0,Perfumaria Feminina,,CLI0081,Não-binário,1992-09-06,,Entregue no Prazo,,Sim
VND01305,2024-08-15 19:03:19,Ecomm multi,mooz cartões,MG,Juiz de Fora,Malbec Gold Desodorante Colônia 100ml,4,195.9,78.0,Perfumaria Masculina,,CLI0221,Feminino,1994-12-06,,Entregue no Prazo,,Não
VND01306,2025-08-23 19:28:46,VD,outros meios de pagamento,SP,Franca,Shampoo Match Escudo De Hidratação 300ml,1,47.9,14.0,Cabelos,REV0070,,,,,,,
VND01307,2026-06-10 12:02:34,VD,outros meios de pagamento,SP,Piracicaba,Lily Creme Acetinado Hidratante Corporal 250g,2,149.9,45.0,Perfumaria Feminina,REV0014,,,,,,,
VND01307,2026-06-10 12:02:34,VD,outros meios de pagamento,SP,Piracicaba,Cuide-se Bem Loção Corporal Deleite 200ml,1,78.9,24.0,Cuidados e Corpo,REV0014,,,,,,,
VND01308,2024-10-13 13:36:58,VD,outros meios de pagamento,SP,Ribeirão Preto,Lily Lumière Eau de Parfum 75ml,2,329.9,145.0,Perfumaria Feminina,REV0023,,,,,,,
VND01309,2024-06-26 13:10:15,Ecomm mono,mooz cartões,DF,Brasilia,Lily Creme Acetinado Hidratante Corporal 250g,2,149.9,45.0,Perfumaria Feminina,,CLI0334,Não-binário,1960-05-18,Chegou super rápido.,Entregue no Prazo,,Não
VND01310,2024-10-17 13:45:43,VD,mooz cartões,SC,Chapecó,Malbec Desodorante Colônia 100ml,3,209.9,84.0,Perfumaria Masculina,REV0075,,,,,,,
VND01310,2024-10-17 13:45:43,VD,mooz cartões,SC,Chapecó,Lily Creme Acetinado Hidratante Corporal 250g,2,149.9,45.0,Perfumaria Feminina,REV0075,,,,,,,
VND01311,2024-09-08 13:10:18,lojas,mooz pix,MS,Campo Grande,Malbec Desodorante Colônia 100ml,1,209.9,84.0,Perfumaria Masculina,FRQ019,,,,,,,
VND01312,2025-10-22 19:08:53,Ecomm mono,mooz pix,SC,Florianópolis,Malbec Desodorante Colônia 100ml,2,209.9,84.0,Perfumaria Masculina,,CLI0083,Feminino,1964-10-03,Melhor creme da vida.,Entregue no Prazo,,Não
VND01312,2025-10-22 19:08:53,Ecomm mono,mooz pix,SC,Florianópolis,Botik Sérum Alta Potência Ácido Hialurônico 30ml,2,169.9,59.0,Maquiagem e Skincare,,CLI0083,Feminino,1964-10-03,Melhor creme da vida.,Entregue no Prazo,,Não
VND01313,2025-02-15 19:30:29,Ecomm mono,mooz pix,PR,Cascavel,Lily Creme Acetinado Hidratante Corporal 250g,3,149.9,45.0,Perfumaria Feminina,,CLI0082,Feminino,1992-02-28,,Entregue no Prazo,,Não
VND01313,2025-02-15 19:30:29,Ecomm mono,mooz pix,PR,Cascavel,Malbec Desodorante Colônia 100ml,4,209.9,84.0,Perfumaria Masculina,,CLI0082,Feminino,1992-02-28,,Entregue no Prazo,,Não
VND01314,2026-03-26 12:08:11,Ecomm multi,mooz pix,PE,Recife,Malbec Desodorante Colônia 100ml,4,209.9,84.0,Perfumaria Masculina,,CLI0360,Feminino,1968-01-12,Amei o cheiro!,Entregue no Prazo,,Não
VND01314,2026-03-26 12:08:11,Ecomm multi,mooz pix,PE,Recife,Lily Lumière Eau de Parfum 75ml,3,329.9,145.0,Perfumaria Feminina,,CLI0360,Feminino,1968-01-12,Amei o cheiro!,Entregue no Prazo,,Não
VND01315,2026-05-23 20:58:25,Ecomm mono,mooz pix,SP,Campinas,Malbec Desodorante Colônia 100ml,2,209.9,84.0,Perfumaria Masculina,,CLI0073,Feminino,1965-04-06,,Entregue no Prazo,,Não
VND01316,2024-10-02 12:08:17,VD,mooz cartões,SP,Santos,Shampoo Match Escudo De Hidratação 300ml,2,47.9,14.0,Cabelos,REV0091,,,,,,,
VND01317,2024-12-29 12:06:17,lojas,outros meios de pagamento,SP,Bauru,Lily Creme Acetinado Hidratante Corporal 250g,1,149.9,45.0,Perfumaria Feminina,FRQ005,,,,,,,
VND01318,2024-05-09 20:47:16,lojas,mooz cartões,SP,Campinas,Lily Creme Acetinado Hidratante Corporal 250g,3,149.9,45.0,Perfumaria Feminina,FRQ017,,,,,,,
VND01318,2024-05-09 20:47:16,lojas,mooz cartões,SP,Campinas,Malbec Desodorante Colônia 100ml,1,209.9,84.0,Perfumaria Masculina,FRQ017,,,,,,,
VND01319,2025-08-11 13:13:56,lojas,mooz cartões,ES,Serra,Lily Lumière Eau de Parfum 75ml,1,329.9,145.0,Perfumaria Feminina,FRQ019,,,,,,,
VND01319,2025-08-11 13:13:56,lojas,mooz cartões,ES,Serra,Malbec Gold Desodorante Colônia 100ml,1,195.9,78.0,Perfumaria Masculina,FRQ019,,,,,,,
VND01320,2025-11-12 13:27:17,VD,outros meios de pagamento,SP,Sorocaba,Malbec Gold Desodorante Colônia 100ml,3,195.9,78.0,Perfumaria Masculina,REV0082,,,,,,,
VND01320,2025-11-12 13:27:17,VD,outros meios de pagamento,SP,Sorocaba,Malbec Desodorante Colônia 100ml,2,209.9,84.0,Perfumaria Masculina,REV0082,,,,,,,
VND01321,2025-12-28 20:08:25,lojas,mooz cartões,PB,João Pessoa,Botik Sérum Alta Potência Ácido Hialurônico 30ml,2,169.9,59.0,Maquiagem e Skincare,FRQ013,,,,,,,
VND01322,2024-06-25 08:22:00,VD,outros meios de pagamento,PR,Maringá,Cuide-se Bem Loção Corporal Deleite 200ml,4,78.9,24.0,Cuidados e Corpo,REV0046,,,,,,,
VND01322,2024-06-25 08:22:00,VD,outros meios de pagamento,PR,Maringá,Lily Creme Acetinado Hidratante Corporal 250g,3,149.9,45.0,Perfumaria Feminina,REV0046,,,,,,,
VND01323,2026-06-20 19:00:05,lojas,mooz cartões,RJ,Nova Iguaçu,Lily Creme Acetinado Hidratante Corporal 250g,2,149.9,45.0,Perfumaria Feminina,FRQ030,,,,,,,
VND01324,2026-03-17 20:44:41,Ecomm multi,mooz pix,SP,Santos,Make B. Base Líquida Mate Salicylic 30g,3,109.9,38.0,Maquiagem e Skincare,,CLI0356,Feminino,1997-04-27,Chegou super rápido.,Entregue no Prazo,,Não
VND01325,2024-07-08 12:53:18,VD,mooz cartões,MG,Ouro Preto,Shampoo Match Escudo De Hidratação 300ml,1,47.9,14.0,Cabelos,REV0079,,,,,,,
VND01326,2024-06-30 19:19:53,Ecomm multi,mooz cartões,MG,Uberlândia,Lily Creme Acetinado Hidratante Corporal 250g,2,149.9,45.0,Perfumaria Feminina,,CLI0304,Feminino,1978-06-12,Amei o cheiro!,Entregue no Prazo,QUERO10,Sim
VND01327,2025-11-05 08:25:17,Ecomm multi,mooz cartões,MG,Uberaba,Malbec Desodorante Colônia 100ml,3,209.9,84.0,Perfumaria Masculina,,CLI0029,Feminino,2001-08-13,,Entregue no Prazo,BOTAO20,Sim
VND01327,2025-11-05 08:25:17,Ecomm multi,mooz cartões,MG,Uberaba,Botik Sérum Alta Potência Ácido Hialurônico 30ml,2,169.9,59.0,Maquiagem e Skincare,,CLI0029,Feminino,2001-08-13,,Entregue no Prazo,BOTAO20,Sim
VND01328,2024-07-23 13:05:28,Ecomm multi,mooz cartões,PR,Foz do Iguaçu,Cuide-se Bem Loção Corporal Deleite 200ml,1,78.9,24.0,Cuidados e Corpo,,CLI0345,Não-binário,1997-12-24,Amei o cheiro!,Entregue no Prazo,,Sim
VND01329,2026-04-16 15:58:47,lojas,mooz pix,ES,Vitória,Malbec Desodorante Colônia 100ml,4,209.9,84.0,Perfumaria Masculina,FRQ015,,,,,,,
VND01330,2026-02-09 19:54:44,lojas,mooz pix,SC,Criciúma,Lily Creme Acetinado Hidratante Corporal 250g,1,149.9,45.0,Perfumaria Feminina,FRQ010,,,,,,,
VND01331,2026-06-20 08:04:30,Ecomm mono,mooz pix,PR,Londrina,Floratta Red Desodorante Colônia 75ml,2,229.9,92.0,Perfumaria Feminina,,CLI0262,Masculino,2002-02-28,,Entregue no Prazo,,Não
VND01332,2025-12-15 12:56:10,Ecomm mono,mooz cartões,SP,São José dos Campos,Make B. Base Líquida Mate Salicylic 30g,3,109.9,38.0,Maquiagem e Skincare,,CLI0158,Feminino,2000-05-25,O produto veio quebrado.,Entregue no Prazo,MAES15,Sim
VND01333,2025-08-09 20:36:48,VD,mooz cartões,PR,Ponta Grossa,Malbec Gold Desodorante Colônia 100ml,2,195.9,78.0,Perfumaria Masculina,REV0038,,,,,,,
VND01333,2025-08-09 20:36:48,VD,mooz cartões,PR,Ponta Grossa,Malbec Desodorante Colônia 100ml,4,209.9,84.0,Perfumaria Masculina,REV0038,,,,,,,
VND01334,2025-04-23 20:33:27,Ecomm mono,mooz cartões,MG,Belo Horizonte,Floratta Red Desodorante Colônia 75ml,3,229.9,92.0,Perfumaria Feminina,,CLI0002,Feminino,1974-03-24,Melhor creme da vida.,Entregue no Prazo,,Não
VND01335,2024-10-01 12:25:46,Ecomm mono,mooz cartões,SP,Sorocaba,Malbec Desodorante Colônia 100ml,2,209.9,84.0,Perfumaria Masculina,,CLI0400,Masculino,1996-10-03,,Entregue no Prazo,,Não
VND01336,2024-03-20 22:27:03,Ecomm mono,mooz pix,SP,Franca,Malbec Desodorante Colônia 100ml,3,209.9,84.0,Perfumaria Masculina,,CLI0332,Feminino,1969-04-28,,Entregue no Prazo,QUERO10,Sim
VND01337,2025-04-13 20:46:24,VD,outros meios de pagamento,RJ,Angra dos Reis,Lily Lumière Eau de Parfum 75ml,3,329.9,145.0,Perfumaria Feminina,REV0084,,,,,,,
VND01338,2026-05-19 12:43:56,Ecomm multi,mooz cartões,SP,Mauá,Shampoo Match Escudo De Hidratação 300ml,1,47.9,14.0,Cabelos,,CLI0284,Não-binário,1982-06-18,Amei o cheiro!,Entregue no Prazo,,Não
VND01339,2024-06-01 08:59:44,lojas,outros meios de pagamento,SP,Franca,Lily Creme Acetinado Hidratante Corporal 250g,3,149.9,45.0,Perfumaria Feminina,FRQ004,,,,,,,
VND01340,2025-12-15 15:53:53,Ecomm multi,mooz cartões,RJ,Duque de Caxias,Malbec Desodorante Colônia 100ml,4,209.9,84.0,Perfumaria Masculina,,CLI0121,Feminino,1985-06-09,O produto veio quebrado.,Entregue no Prazo,QUERO10,Não
VND01341,2024-09-08 15:25:30,Ecomm multi,mooz cartões,SC,Florianópolis,Floratta Red Desodorante Colônia 75ml,2,229.9,92.0,Perfumaria Feminina,,CLI0208,Masculino,1976-06-09,,Entregue no Prazo,,Não
VND01342,2026-03-05 13:01:49,Ecomm multi,mooz pix,DF,Brasília,Malbec Gold Desodorante Colônia 100ml,2,195.9,78.0,Perfumaria Masculina,,CLI0390,Masculino,1967-05-19,,Entregue no Prazo,,Não
VND01343,2024-07-28 20:52:10,Ecomm multi,mooz pix,SC,Florianópolis,Lily Creme Acetinado Hidratante Corporal 250g,3,149.9,45.0,Perfumaria Feminina,,CLI0380,Masculino,1969-11-16,,Entregue no Prazo,,Não
VND01344,2025-12-12 20:16:41,Ecomm multi,mooz cartões,SC,Criciúma,Malbec Gold Desodorante Colônia 100ml,2,195.9,78.0,Perfumaria Masculina,,CLI0206,Não-binário,1981-01-16,Chegou super rápido.,Entregue no Prazo,QUERO10,Sim
VND01345,2024-06-12 13:35:09,Ecomm multi,mooz pix,SP,São Carlos,Floratta Red Desodorante Colônia 75ml,1,229.9,92.0,Perfumaria Feminina,,CLI0394,Masculino,1981-06-01,,Entregue no Prazo,QUERO10,Não
VND01346,2025-09-17 20:25:37,Ecomm mono,mooz cartões,AL,Maceió,Shampoo Match Escudo De Hidratação 300ml,1,47.9,14.0,Cabelos,,CLI0106,Feminino,1967-02-23,,Entregue no Prazo,,Não
VND01346,2025-09-17 20:25:37,Ecomm mono,mooz cartões,AL,Maceió,Lily Creme Acetinado Hidratante Corporal 250g,3,149.9,45.0,Perfumaria Feminina,,CLI0106,Feminino,1967-02-23,,Entregue no Prazo,,Não
VND01347,2024-01-20 08:22:49,Ecomm multi,mooz pix,SP,São Paulo,Malbec Desodorante Colônia 100ml,1,209.9,84.0,Perfumaria Masculina,,CLI0307,Feminino,1970-03-03,Amei o cheiro!,Entregue no Prazo,,Não
VND01347,2024-01-20 08:22:49,Ecomm multi,mooz pix,SP,São Paulo,Malbec Gold Desodorante Colônia 100ml,2,195.9,78.0,Perfumaria Masculina,,CLI0307,Feminino,1970-03-03,Amei o cheiro!,Entregue no Prazo,,Não
VND01348,2024-10-05 20:58:32,Ecomm mono,mooz cartões,RJ,Rio de Janeiro,Lily Creme Acetinado Hidratante Corporal 250g,4,149.9,45.0,Perfumaria Feminina,,CLI0356,Feminino,1997-04-27,,Entregue no Prazo,BOTAO20,Sim
VND01348,2024-10-05 20:58:32,Ecomm mono,mooz cartões,RJ,Rio de Janeiro,Cuide-se Bem Loção Corporal Deleite 200ml,4,78.9,24.0,Cuidados e Corpo,,CLI0356,Feminino,1997-04-27,,Entregue no Prazo,BOTAO20,Sim
VND01349,2025-10-18 12:14:43,VD,mooz pix,SP,São Carlos,Malbec Desodorante Colônia 100ml,1,209.9,84.0,Perfumaria Masculina,REV0083,,,,,,,
VND01349,2025-10-18 12:14:43,VD,mooz pix,SP,São Carlos,Lily Creme Acetinado Hidratante Corporal 250g,3,149.9,45.0,Perfumaria Feminina,REV0083,,,,,,,
VND01350,2025-11-04 12:54:41,VD,mooz pix,RJ,Rio de Janeiro/RJ,Malbec Gold Desodorante Colônia 100ml,1,195.9,78.0,Perfumaria Masculina,REV0100,,,,,,,
VND01351,2024-06-08 12:19:02,Ecomm multi,mooz cartões,ES,Vitória,Malbec Gold Desodorante Colônia 100ml,4,195.9,78.0,Perfumaria Masculina,,CLI0016,Masculino,1996-04-23,,Entregue no Prazo,BOTAO20,Não
VND01352,2026-05-12 19:48:01,VD,mooz pix,PR,Maringá,Lily Creme Acetinado Hidratante Corporal 250g,3,149.9,45.0,Perfumaria Feminina,REV0067,,,,,,,
VND01352,2026-05-12 19:48:01,VD,mooz pix,PR,Maringá,Cuide-se Bem Loção Corporal Deleite 200ml,4,78.9,24.0,Cuidados e Corpo,REV0067,,,,,,,
VND01353,2024-03-31 13:34:00,Ecomm multi,mooz cartões,MG,Poços de Caldas,Floratta Red Desodorante Colônia 75ml,1,229.9,92.0,Perfumaria Feminina,,CLI0198,Não-binário,1966-07-12,Amei o cheiro!,Entregue no Prazo,,Sim
VND01354,2026-05-10 20:39:07,Ecomm multi,mooz cartões,SP,Jundiaí,Botik Sérum Alta Potência Ácido Hialurônico 30ml,4,169.9,59.0,Maquiagem e Skincare,,CLI0388,Feminino,1969-11-16,Chegou super rápido.,Entregue no Prazo,QUERO10,Sim
VND01355,2024-03-24 13:47:47,Ecomm mono,mooz cartões,MG,Contagem,Cuide-se Bem Loção Corporal Deleite 200ml,2,78.9,24.0,Cuidados e Corpo,,CLI0084,Feminino,1985-02-19,,Entregue no Prazo,BOTAO20,Não
VND01356,2024-01-10 19:58:17,Ecomm multi,mooz pix,BA,Salvador,Lily Creme Acetinado Hidratante Corporal 250g,3,149.9,45.0,Perfumaria Feminina,,CLI0128,Feminino,1984-10-07,Melhor creme da vida.,Entregue no Prazo,,Não
VND01357,2024-11-21 19:48:57,Ecomm mono,mooz cartões,RJ,Campos dos Goytacazes,Floratta Red Desodorante Colônia 75ml,3,229.9,92.0,Perfumaria Feminina,,CLI0182,Feminino,1982-04-21,O produto veio quebrado.,Entregue no Prazo,,Não
VND01358,2024-05-01 12:45:36,Ecomm multi,mooz pix,CE,Fortaleza,Malbec Desodorante Colônia 100ml,1,209.9,84.0,Perfumaria Masculina,,CLI0266,Masculino,1980-02-25,,Entregue no Prazo,,Não
VND01359,2025-06-25 19:37:04,lojas,mooz pix,RJ,Cabo Frio,Cuide-se Bem Loção Corporal Deleite 200ml,2,78.9,24.0,Cuidados e Corpo,FRQ010,,,,,,,
VND01359,2025-06-25 19:37:04,lojas,mooz pix,RJ,Cabo Frio,Lily Creme Acetinado Hidratante Corporal 250g,3,149.9,45.0,Perfumaria Feminina,FRQ010,,,,,,,
VND01360,2025-06-21 20:10:26,lojas,mooz cartões,MG,Uberaba,Malbec Desodorante Colônia 100ml,4,209.9,84.0,Perfumaria Masculina,FRQ014,,,,,,,
VND01361,2024-06-30 22:22:24,lojas,outros meios de pagamento,MG,Poços de Caldas,Lily Creme Acetinado Hidratante Corporal 250g,2,149.9,45.0,Perfumaria Feminina,FRQ026,,,,,,,
VND01361,2024-06-30 22:22:24,lojas,outros meios de pagamento,MG,Poços de Caldas,Shampoo Match Escudo De Hidratação 300ml,4,47.9,14.0,Cabelos,FRQ026,,,,,,,
VND01362,2025-03-20 13:07:15,Ecomm mono,mooz cartões,SP,São Paulo,Malbec Desodorante Colônia 100ml,2,209.9,84.0,Perfumaria Masculina,,CLI0129,Masculino,1962-12-14,,Entregue no Prazo,QUERO10,Sim
VND01362,2025-03-20 13:07:15,Ecomm mono,mooz cartões,SP,São Paulo,Cuide-se Bem Loção Corporal Deleite 200ml,2,78.9,24.0,Cuidados e Corpo,,CLI0129,Masculino,1962-12-14,,Entregue no Prazo,QUERO10,Sim
VND01363,2025-02-16 19:00:57,VD,mooz pix,SP,Osasco,Malbec Desodorante Colônia 100ml,4,209.9,84.0,Perfumaria Masculina,REV0007,,,,,,,
VND01363,2025-02-16 19:00:57,VD,mooz pix,SP,Osasco,Malbec Gold Desodorante Colônia 100ml,1,195.9,78.0,Perfumaria Masculina,REV0007,,,,,,,
VND01364,2025-11-08 15:02:55,Ecomm mono,mooz cartões,SP,Ribeirão Preto,Lily Creme Acetinado Hidratante Corporal 250g,4,149.9,45.0,Perfumaria Feminina,,CLI0154,Não-binário,2002-09-18,,Entregue com Atraso,,Não
VND01365,2024-10-31 12:50:42,lojas,mooz pix,GO,Goiânia,Lily Creme Acetinado Hidratante Corporal 250g,2,149.9,45.0,Perfumaria Feminina,FRQ011,,,,,,,
VND01365,2024-10-31 12:50:42,lojas,mooz pix,GO,Goiânia,Cuide-se Bem Loção Corporal Deleite 200ml,3,78.9,24.0,Cuidados e Corpo,FRQ011,,,,,,,
VND01366,2026-03-30 22:16:35,Ecomm multi,mooz cartões,SP,São Carlos,Cuide-se Bem Loção Corporal Deleite 200ml,3,78.9,24.0,Cuidados e Corpo,,CLI0292,Não-binário,1960-12-05,,Entregue no Prazo,,Sim
VND01367,2025-06-22 13:21:30,lojas,outros meios de pagamento,SP,São Carlos,Malbec Desodorante Colônia 100ml,3,209.9,84.0,Perfumaria Masculina,FRQ024,,,,,,,
VND01367,2025-06-22 13:21:30,lojas,outros meios de pagamento,SP,São Carlos,Cuide-se Bem Loção Corporal Deleite 200ml,500,78.9,24.0,Cuidados e Corpo,FRQ024,,,,,,,
VND01368,2024-11-10 12:07:45,lojas,mooz pix,MG,Ouro Preto,Floratta Red Desodorante Colônia 75ml,3,229.9,92.0,Perfumaria Feminina,FRQ003,,,,,,,
VND01368,2024-11-10 12:07:45,lojas,mooz pix,MG,Ouro Preto,Lily Creme Acetinado Hidratante Corporal 250g,1,149.9,45.0,Perfumaria Feminina,FRQ003,,,,,,,
VND01369,2025-05-22 12:10:04,Ecomm multi,mooz pix,SC,Florianópolis,Cuide-se Bem Loção Corporal Deleite 200ml,1,78.9,24.0,Cuidados e Corpo,,CLI0116,Feminino,1977-03-26,,Entregue no Prazo,,Sim
VND01370,2025-06-12 08:13:29,VD,mooz cartões,RJ,Duque de Caxias,Lily Creme Acetinado Hidratante Corporal 250g,3,149.9,45.0,Perfumaria Feminina,REV0094,,,,,,,
VND01371,2025-04-04 19:38:00,Ecomm mono,mooz pix,RJ,Volta Redonda,Make B. Base Líquida Mate Salicylic 30g,3,109.9,38.0,Maquiagem e Skincare,,CLI0014,Feminino,1984-02-18,,Entregue no Prazo,,Não
VND01372,2026-06-25 13:53:30,Ecomm multi,mooz pix,PR,Londrina,Make B. Base Líquida Mate Salicylic 30g,3,109.9,38.0,Maquiagem e Skincare,,CLI0399,Masculino,1970-06-10,Melhor creme da vida.,Entregue no Prazo,,Não
VND01373,2025-12-12 19:42:10,Ecomm mono,mooz cartões,RJ,Duque de Caxias,Botik Sérum Alta Potência Ácido Hialurônico 30ml,3,169.9,59.0,Maquiagem e Skincare,,CLI0181,Feminino,1990-01-24,O produto veio quebrado.,Entregue no Prazo,,Não
VND01374,2026-01-29 12:47:51,VD,mooz pix,ES,Vila Velha,Malbec Desodorante Colônia 100ml,4,209.9,84.0,Perfumaria Masculina,REV0034,,,,,,,
VND01375,2025-08-24 13:53:51,VD,outros meios de pagamento,RJ,Duque de Caxias,Botik Sérum Alta Potência Ácido Hialurônico 30ml,3,169.9,59.0,Maquiagem e Skincare,REV0041,,,,,,,
VND01376,2024-06-02 12:51:34,VD,outros meios de pagamento,ES,Vitória,Malbec Desodorante Colônia 100ml,2,209.9,84.0,Perfumaria Masculina,REV0076,,,,,,,
VND01377,2025-12-11 12:42:28,VD,mooz cartões,RJ,Volta Redonda,Lily Lumière Eau de Parfum 75ml,3,329.9,145.0,Perfumaria Feminina,REV0042,,,,,,,
VND01378,2026-01-09 13:46:26,lojas,mooz cartões,SP,São Paulo,Malbec Desodorante Colônia 100ml,1,209.9,84.0,Perfumaria Masculina,FRQ020,,,,,,,
VND01379,2026-01-02 13:44:39,VD,outros meios de pagamento,PB,João Pessoa,Make B. Base Líquida Mate Salicylic 30g,2,109.9,38.0,Maquiagem e Skincare,REV0029,,,,,,,
VND01380,2025-01-22 13:21:34,Ecomm mono,mooz pix,ES,Serra,Malbec Desodorante Colônia 100ml,1,209.9,84.0,Perfumaria Masculina,,CLI0025,Feminino,2003-06-27,Chegou super rápido.,Entregue no Prazo,,Não
VND01381,2025-02-16 20:29:51,lojas,mooz cartões,AM,Manaus,Malbec Desodorante Colônia 100ml,4,209.9,84.0,Perfumaria Masculina,FRQ011,,,,,,,
VND01382,2025-05-02 12:17:23,Ecomm mono,mooz pix,PA,Ananindeua,Malbec Desodorante Colônia 100ml,2,209.9,84.0,Perfumaria Masculina,,CLI0372,Feminino,1964-03-09,,Entregue com Atraso,,Não
VND01383,2026-02-07 13:24:47,VD,outros meios de pagamento,RJ,Cabo Frio,Floratta Red Desodorante Colônia 75ml,3,229.9,92.0,Perfumaria Feminina,REV0044,,,,,,,
VND01383,2026-02-07 13:24:47,VD,outros meios de pagamento,RJ,Cabo Frio,Cuide-se Bem Loção Corporal Deleite 200ml,4,78.9,24.0,Cuidados e Corpo,REV0044,,,,,,,
VND01384,2024-07-03 22:44:48,Ecomm multi,mooz cartões,SP,Sorocaba,Lily Creme Acetinado Hidratante Corporal 250g,1,149.9,45.0,Perfumaria Feminina,,CLI0119,Não-binário,1982-05-27,Amei o cheiro!,Entregue no Prazo,,Não
VND01384,2024-07-03 22:44:48,Ecomm multi,mooz cartões,SP,Sorocaba,Malbec Desodorante Colônia 100ml,4,,84.0,Perfumaria Masculina,,CLI0119,Não-binário,1982-05-27,Amei o cheiro!,Entregue no Prazo,,Não
VND01385,2026-04-12 22:15:02,Ecomm multi,mooz pix,PE,Olinda,Floratta Red Desodorante Colônia 75ml,4,229.9,92.0,Perfumaria Feminina,,CLI0223,Masculino,2006-10-25,Amei o cheiro!,Entregue no Prazo,BOTAO20,Sim
VND01385,2026-04-12 22:15:02,Ecomm multi,mooz pix,PE,Olinda,Malbec Desodorante Colônia 100ml,500,209.9,84.0,Perfumaria Masculina,,CLI0223,Masculino,2006-10-25,Amei o cheiro!,Entregue no Prazo,BOTAO20,Sim
VND01386,2025-08-29 19:10:03,lojas,outros meios de pagamento,RS,Porto Alegre,Lily Lumière Eau de Parfum 75ml,3,329.9,145.0,Perfumaria Feminina,FRQ005,,,,,,,
VND01387,2025-12-06 22:29:48,Ecomm mono,mooz pix,PR,Ponta Grossa,Cuide-se Bem Loção Corporal Deleite 200ml,4,78.9,24.0,Cuidados e Corpo,,CLI0119,Não-binário,1982-05-27,,Entregue no Prazo,,Não
VND01388,2025-11-08 12:51:17,lojas,mooz cartões,RJ,Campos dos Goytacazes,Malbec Gold Desodorante Colônia 100ml,3,195.9,78.0,Perfumaria Masculina,FRQ010,,,,,,,
VND01388,2025-11-08 12:51:17,lojas,mooz cartões,RJ,Campos dos Goytacazes,Lily Creme Acetinado Hidratante Corporal 250g,2,149.9,45.0,Perfumaria Feminina,FRQ010,,,,,,,
VND01389,2024-05-07 20:40:35,VD,outros meios de pagamento,MG,Divinópolis,Cuide-se Bem Loção Corporal Deleite 200ml,3,78.9,24.0,Cuidados e Corpo,REV0077,,,,,,,
VND01390,2026-05-15 19:21:25,Ecomm multi,mooz cartões,SP,Franca,Malbec Desodorante Colônia 100ml,4,209.9,84.0,Perfumaria Masculina,,CLI0086,Feminino,1986-11-19,Melhor creme da vida.,Entregue no Prazo,,Não
VND01391,2025-02-22 12:26:53,lojas,mooz pix,MG,Divinópolis,Malbec Desodorante Colônia 100ml,3,209.9,84.0,Perfumaria Masculina,FRQ014,,,,,,,
VND01392,2025-10-17 12:26:57,Ecomm multi,mooz cartões,PR,Maringá,Lily Creme Acetinado Hidratante Corporal 250g,3,149.9,45.0,Perfumaria Feminina,,CLI0101,Masculino,1992-08-09,,Entregue no Prazo,BOTAO20,Sim
VND01393,2025-11-28 22:28:14,VD,mooz pix,ES,Vila Velha,Make B. Base Líquida Mate Salicylic 30g,3,109.9,38.0,Maquiagem e Skincare,REV0013,,,,,,,
VND01394,2025-08-08 12:08:11,Ecomm mono,mooz pix,ES,Vitória,Lily Lumière Eau de Parfum 75ml,4,329.9,145.0,Perfumaria Feminina,,CLI0108,Masculino,1997-09-05,,Entregue no Prazo,,Não
VND01394,2025-08-08 12:08:11,Ecomm mono,mooz pix,ES,Vitória,Cuide-se Bem Loção Corporal Deleite 200ml,3,78.9,24.0,Cuidados e Corpo,,CLI0108,Masculino,1997-09-05,,Entregue no Prazo,,Não
VND01395,2024-05-06 13:47:05,Ecomm multi,mooz pix,SP,Piracicaba,Malbec Gold Desodorante Colônia 100ml,2,195.9,78.0,Perfumaria Masculina,,CLI0154,Não-binário,2002-09-18,,Entregue no Prazo,,Não
VND01396,2025-12-31 08:16:40,Ecomm multi,mooz pix,SP,Santo André,Botik Sérum Alta Potência Ácido Hialurônico 30ml,4,169.9,59.0,Maquiagem e Skincare,,CLI0004,Feminino,1997-07-02,O produto veio quebrado.,Entregue no Prazo,,Não
VND01396,2025-12-31 08:16:40,Ecomm multi,mooz pix,SP,Santo André,Malbec Desodorante Colônia 100ml,3,209.9,84.0,Perfumaria Masculina,,CLI0004,Feminino,1997-07-02,O produto veio quebrado.,Entregue no Prazo,,Não
VND01397,2024-06-16 13:23:27,Ecomm multi,mooz cartões,GO,Anápolis,Lily Creme Acetinado Hidratante Corporal 250g,2,149.9,45.0,Perfumaria Feminina,,CLI0098,Feminino,1995-03-09,,Entregue no Prazo,,Não
VND01398,2026-05-31 13:16:02,lojas,outros meios de pagamento,MG,Juiz de Fora,Floratta Red Desodorante Colônia 75ml,4,229.9,92.0,Perfumaria Feminina,FRQ011,,,,,,,
VND01399,2026-05-30 13:11:16,lojas,mooz pix,SC,Chapecó,Malbec Desodorante Colônia 100ml,2,209.9,84.0,Perfumaria Masculina,FRQ030,,,,,,,
VND01400,2025-10-29 12:08:15,lojas,mooz cartões,RJ,Cabo Frio,Malbec Gold Desodorante Colônia 100ml,1,195.9,78.0,Perfumaria Masculina,FRQ004,,,,,,,
VND01401,2025-09-23 13:48:51,lojas,outros meios de pagamento,MG,Contagem,Malbec Gold Desodorante Colônia 100ml,3,195.9,78.0,Perfumaria Masculina,FRQ010,,,,,,,
VND01402,2025-06-21 12:38:00,Ecomm multi,mooz pix,SP,Franca,Lily Creme Acetinado Hidratante Corporal 250g,1,149.9,45.0,Perfumaria Feminina,,CLI0165,Masculino,1994-08-14,Amei o cheiro!,Entregue no Prazo,MAES15,Não
VND01403,2025-09-29 13:35:14,VD,mooz cartões,ES,Vitória,Botik Sérum Alta Potência Ácido Hialurônico 30ml,2,169.9,59.0,Maquiagem e Skincare,REV0092,,,,,,,
VND01404,2024-06-07 12:48:27,lojas,mooz cartões,RS,Pelotas,Cuide-se Bem Loção Corporal Deleite 200ml,2,78.9,24.0,Cuidados e Corpo,FRQ015,,,,,,,
VND01405,2026-03-27 19:39:20,lojas,outros meios de pagamento,SP,Santo André,Floratta Red Desodorante Colônia 75ml,3,229.9,92.0,Perfumaria Feminina,FRQ026,,,,,,,
VND01406,2026-04-23 12:30:50,Ecomm mono,mooz cartões,ES,Vitória,Malbec Desodorante Colônia 100ml,3,209.9,84.0,Perfumaria Masculina,,CLI0254,Não-binário,1988-02-20,Chegou super rápido.,Entregue no Prazo,,Não
VND01407,2024-05-21 20:59:00,Ecomm multi,mooz cartões,SP,São Paulo,Lily Creme Acetinado Hidratante Corporal 250g,4,149.9,45.0,Perfumaria Feminina,,CLI0126,Não-binário,1982-12-26,,Entregue com Atraso,,Não
VND01407,2024-05-21 20:59:00,Ecomm multi,mooz cartões,SP,São Paulo,Malbec Desodorante Colônia 100ml,4,209.9,84.0,Perfumaria Masculina,,CLI0126,Não-binário,1982-12-26,,Entregue com Atraso,,Não
VND01408,2024-09-30 12:31:41,lojas,mooz cartões,AM,Itacoatiara,Malbec Desodorante Colônia 100ml,4,209.9,84.0,Perfumaria Masculina,FRQ030,,,,,,,
VND01409,2026-05-08 12:17:53,VD,mooz pix,SP,Mogi das Cruzes,Floratta Red Desodorante Colônia 75ml,3,229.9,92.0,Perfumaria Feminina,REV0091,,,,,,,
VND01409,2026-05-08 12:17:53,VD,mooz pix,SP,Mogi das Cruzes,Lily Lumière Eau de Parfum 75ml,2000,329.9,145.0,Perfumaria Feminina,REV0091,,,,,,,
VND01410,2024-10-30 12:08:47,lojas,outros meios de pagamento,SP,Osasco,Malbec Desodorante Colônia 100ml,1,209.9,84.0,Perfumaria Masculina,FRQ029,,,,,,,
VND01411,2025-10-28 12:55:58,VD,mooz pix,RJ,Cabo Frio,Cuide-se Bem Loção Corporal Deleite 200ml,2,78.9,24.0,Cuidados e Corpo,REV0037,,,,,,,
VND01411,2025-10-28 12:55:58,VD,mooz pix,RJ,Cabo Frio,Malbec Desodorante Colônia 100ml,500,209.9,84.0,Perfumaria Masculina,REV0037,,,,,,,
VND01412,2026-06-15 13:58:12,Ecomm mono,mooz pix,RJ,Duque de Caxias,Make B. Base Líquida Mate Salicylic 30g,4,109.9,38.0,Maquiagem e Skincare,,CLI0089,Feminino,2002-11-10,Melhor creme da vida.,Entregue no Prazo,,Não
VND01413,2025-06-22 20:08:13,Ecomm multi,mooz pix,SP,São Paulo,Lily Creme Acetinado Hidratante Corporal 250g,2,149.9,45.0,Perfumaria Feminina,,CLI0280,Feminino,1964-05-25,Chegou super rápido.,Entregue no Prazo,,Sim
VND01414,2025-02-04 13:43:20,Ecomm multi,mooz pix,MG,Poços de Caldas,Make B. Base Líquida Mate Salicylic 30g,1,109.9,38.0,Maquiagem e Skincare,,CLI0138,Masculino,1985-09-27,,Entregue no Prazo,,Não
VND01414,2025-02-04 13:43:20,Ecomm multi,mooz pix,MG,Poços de Caldas,Shampoo Match Escudo De Hidratação 300ml,4,47.9,14.0,Cabelos,,CLI0138,Masculino,1985-09-27,,Entregue no Prazo,,Não
VND01415,2024-05-24 13:24:25,lojas,mooz cartões,RS,Porto Alegre,Malbec Gold Desodorante Colônia 100ml,3,195.9,78.0,Perfumaria Masculina,FRQ014,,,,,,,
VND01416,2025-12-01 12:17:21,Ecomm multi,mooz pix,RS,Gramado,Lily Creme Acetinado Hidratante Corporal 250g,3,,45.0,Perfumaria Feminina,,CLI0168,Feminino,1982-05-25,,Entregue no Prazo,QUERO10,Sim
VND01417,2024-05-15 13:03:22,VD,mooz pix,RS,Pelotas,Cuide-se Bem Loção Corporal Deleite 200ml,2,78.9,24.0,Cuidados e Corpo,REV0046,,,,,,,
VND01418,2024-09-23 13:32:37,Ecomm multi,mooz pix,BA,Salvador,Lily Creme Acetinado Hidratante Corporal 250g,1,149.9,45.0,Perfumaria Feminina,,CLI0074,Não-binário,1991-08-07,Amei o cheiro!,Entregue no Prazo,,Não
VND01418,2024-09-23 13:32:37,Ecomm multi,mooz pix,BA,Salvador,Cuide-se Bem Loção Corporal Deleite 200ml,3,78.9,24.0,Cuidados e Corpo,,CLI0074,Não-binário,1991-08-07,Amei o cheiro!,Entregue no Prazo,,Não
VND01419,2026-06-07 20:04:28,VD,mooz cartões,PI,Teresina,Malbec Desodorante Colônia 100ml,3,209.9,84.0,Perfumaria Masculina,REV0025,,,,,,,
VND01420,2024-10-01 20:13:32,Ecomm multi,mooz cartões,PR,Maringá,Malbec Desodorante Colônia 100ml,1,209.9,84.0,Perfumaria Masculina,,CLI0024,Masculino,2000-12-18,Melhor creme da vida.,Entregue no Prazo,BOTAO20,Não
VND01420,2024-10-01 20:13:32,Ecomm multi,mooz cartões,PR,Maringá,Cuide-se Bem Loção Corporal Deleite 200ml,3,78.9,24.0,Cuidados e Corpo,,CLI0024,Masculino,2000-12-18,Melhor creme da vida.,Entregue no Prazo,BOTAO20,Não
VND01421,2024-08-05 19:37:00,Ecomm multi,mooz cartões,SP,Franca,Malbec Gold Desodorante Colônia 100ml,2,195.9,78.0,Perfumaria Masculina,,CLI0311,Masculino,2002-01-26,,Entregue no Prazo,,Não
VND01421,2024-08-05 19:37:00,Ecomm multi,mooz cartões,SP,Franca,Lily Lumière Eau de Parfum 75ml,2,329.9,145.0,Perfumaria Feminina,,CLI0311,Masculino,2002-01-26,,Entregue no Prazo,,Não
VND01422,2024-04-22 08:24:39,Ecomm mono,mooz cartões,ES,Vila Velha,Lily Lumière Eau de Parfum 75ml,4,329.9,145.0,Perfumaria Feminina,,CLI0163,Não-binário,2004-03-23,,Entregue no Prazo,,Não
VND01423,2025-11-24 12:21:37,VD,mooz cartões,SP,Jundiaí,Lily Creme Acetinado Hidratante Corporal 250g,3,149.9,45.0,Perfumaria Feminina,REV0056,,,,,,,
VND01424,2026-05-27 13:14:05,Ecomm mono,mooz cartões,SP,Sorocaba,Malbec Gold Desodorante Colônia 100ml,4,195.9,78.0,Perfumaria Masculina,,CLI0267,Não-binário,1992-01-22,,Entregue no Prazo,QUERO10,Sim
VND01425,2025-04-27 13:27:29,Ecomm mono,mooz pix,RJ,Niterói,Make B. Base Líquida Mate Salicylic 30g,2,109.9,38.0,Maquiagem e Skincare,,CLI0337,Masculino,1966-11-08,Chegou super rápido.,Entregue no Prazo,,Sim
VND01425,2025-04-27 13:27:29,Ecomm mono,mooz pix,RJ,Niterói,Floratta Red Desodorante Colônia 75ml,2,229.9,92.0,Perfumaria Feminina,,CLI0337,Masculino,1966-11-08,Chegou super rápido.,Entregue no Prazo,,Sim
VND01426,2025-12-14 12:17:06,Ecomm multi,mooz cartões,SC,Joinville,Cuide-se Bem Loção Corporal Deleite 200ml,4,78.9,24.0,Cuidados e Corpo,,CLI0332,Feminino,1969-04-28,,Entregue no Prazo,BOTAO20,Não
VND01427,2025-05-07 12:33:13,VD,mooz pix,PR,Foz do Iguaçu,Shampoo Match Escudo De Hidratação 300ml,2,47.9,14.0,Cabelos,REV0090,,,,,,,
VND01428,2024-06-02 19:09:56,Ecomm multi,mooz pix,PR,Ponta Grossa,Lily Creme Acetinado Hidratante Corporal 250g,2,149.9,45.0,Perfumaria Feminina,,CLI0289,Não-binário,1984-11-26,,Entregue no Prazo,,Não
VND01429,2024-05-01 12:32:37,VD,mooz cartões,PR,Maringá,Malbec Desodorante Colônia 100ml,1,209.9,84.0,Perfumaria Masculina,REV0030,,,,,,,
VND01430,2025-12-21 13:40:50,Ecomm multi,mooz pix,SP,São José dos Campos,Malbec Desodorante Colônia 100ml,4,209.9,84.0,Perfumaria Masculina,,CLI0161,Feminino,1977-06-11,,Entregue com Atraso,,Não
VND01430,2025-12-21 13:40:50,Ecomm multi,mooz pix,SP,São José dos Campos,Floratta Red Desodorante Colônia 75ml,1,229.9,92.0,Perfumaria Feminina,,CLI0161,Feminino,1977-06-11,,Entregue com Atraso,,Não
VND01431,2025-09-08 20:37:19,Ecomm mono,mooz pix,SP,Santos,Malbec Desodorante Colônia 100ml,1,209.9,84.0,Perfumaria Masculina,,CLI0208,Masculino,1976-06-09,Melhor creme da vida.,Entregue no Prazo,BOTAO20,Sim
VND01432,2025-02-12 08:15:37,Ecomm multi,mooz cartões,MG,Juiz de Fora,Malbec Desodorante Colônia 100ml,1,209.9,84.0,Perfumaria Masculina,,CLI0059,Feminino,1964-01-28,,Entregue no Prazo,,Não
VND01432,2025-02-12 08:15:37,Ecomm multi,mooz cartões,MG,Juiz de Fora,Floratta Red Desodorante Colônia 75ml,1,229.9,92.0,Perfumaria Feminina,,CLI0059,Feminino,1964-01-28,,Entregue no Prazo,,Não
VND01433,2024-05-15 08:49:09,lojas,mooz pix,PE,Olinda,Floratta Red Desodorante Colônia 75ml,4,229.9,92.0,Perfumaria Feminina,FRQ008,,,,,,,
VND01434,2024-11-19 12:31:20,Ecomm multi,mooz pix,SP,Franca,Malbec Desodorante Colônia 100ml,4,209.9,84.0,Perfumaria Masculina,,CLI0266,Masculino,1980-02-25,,Entregue no Prazo,,Sim
VND01434,2024-11-19 12:31:20,Ecomm multi,mooz pix,SP,Franca,Lily Creme Acetinado Hidratante Corporal 250g,2,149.9,45.0,Perfumaria Feminina,,CLI0266,Masculino,1980-02-25,,Entregue no Prazo,,Sim
VND01435,2024-08-11 13:21:21,VD,outros meios de pagamento,DF,Brasília,Floratta Red Desodorante Colônia 75ml,1,229.9,92.0,Perfumaria Feminina,REV0005,,,,,,,
VND01436,2025-06-12 20:52:17,Ecomm mono,mooz cartões,RS,Gramado,Cuide-se Bem Loção Corporal Deleite 200ml,4,78.9,24.0,Cuidados e Corpo,,CLI0189,Feminino,1970-05-04,,Entregue no Prazo,QUERO10,Sim
VND01437,2024-02-20 13:34:28,VD,mooz pix,PR,Guarapuava,Malbec Gold Desodorante Colônia 100ml,1,195.9,78.0,Perfumaria Masculina,REV0100,,,,,,,
VND01437,2024-02-20 13:34:28,VD,mooz pix,PR,Guarapuava,Botik Sérum Alta Potência Ácido Hialurônico 30ml,4,169.9,59.0,Maquiagem e Skincare,REV0100,,,,,,,
VND01438,2025-07-04 13:56:09,lojas,outros meios de pagamento,SP,Osasco,Make B. Base Líquida Mate Salicylic 30g,4,109.9,38.0,Maquiagem e Skincare,FRQ026,,,,,,,
VND01438,2025-07-04 13:56:09,lojas,outros meios de pagamento,SP,Osasco,Malbec Desodorante Colônia 100ml,4,209.9,84.0,Perfumaria Masculina,FRQ026,,,,,,,
VND01439,2024-10-27 20:48:14,Ecomm multi,mooz pix,RS,Gramado,Botik Sérum Alta Potência Ácido Hialurônico 30ml,2,169.9,59.0,Maquiagem e Skincare,,CLI0012,Masculino,1998-05-26,,Entregue no Prazo,,Não
VND01439,2024-10-27 20:48:14,Ecomm multi,mooz pix,RS,Gramado,Malbec Desodorante Colônia 100ml,2,209.9,84.0,Perfumaria Masculina,,CLI0012,Masculino,1998-05-26,,Entregue no Prazo,,Não
VND01440,2024-12-29 20:31:23,Ecomm multi,mooz cartões,PR,Maringá,Malbec Desodorante Colônia 100ml,2,209.9,84.0,Perfumaria Masculina,,CLI0340,Feminino,2000-08-23,,Entregue com Atraso,,Não
VND01441,2025-11-08 20:10:52,lojas,mooz cartões,SE,Aracaju,Make B. Base Líquida Mate Salicylic 30g,3,109.9,38.0,Maquiagem e Skincare,FRQ010,,,,,,,
VND01442,2024-12-21 13:16:34,lojas,outros meios de pagamento,SP,Mauá,Malbec Gold Desodorante Colônia 100ml,4,195.9,78.0,Perfumaria Masculina,FRQ026,,,,,,,
VND01443,2024-11-03 20:24:54,Ecomm multi,mooz pix,RS,Pelotas,Malbec Desodorante Colônia 100ml,4,209.9,84.0,Perfumaria Masculina,,CLI0091,Não-binário,1999-10-04,,Entregue com Atraso,,Não
VND01444,2025-09-16 13:04:28,VD,mooz pix,MG,Belo Horizonte,Make B. Base Líquida Mate Salicylic 30g,1,109.9,38.0,Maquiagem e Skincare,REV0022,,,,,,,
VND01445,2025-07-19 19:53:18,VD,mooz cartões,SP,Bauru,Lily Creme Acetinado Hidratante Corporal 250g,4,149.9,45.0,Perfumaria Feminina,REV0098,,,,,,,
VND01446,2026-06-29 12:37:16,lojas,outros meios de pagamento,RN,Natal,Malbec Desodorante Colônia 100ml,2,209.9,84.0,Perfumaria Masculina,FRQ026,,,,,,,
VND01447,2025-11-11 19:15:12,VD,mooz cartões,RJ,Volta Redonda,Floratta Red Desodorante Colônia 75ml,1,229.9,92.0,Perfumaria Feminina,REV0082,,,,,,,
VND01448,2025-12-25 20:07:35,lojas,mooz pix,RS,Pelotas,Malbec Desodorante Colônia 100ml,4,209.9,84.0,Perfumaria Masculina,FRQ015,,,,,,,
VND01449,2024-03-20 13:20:47,Ecomm multi,mooz cartões,SP,Osasco,Malbec Desodorante Colônia 100ml,2,209.9,84.0,Perfumaria Masculina,,CLI0090,Não-binário,1980-02-01,Amei o cheiro!,Entregue no Prazo,,Não
VND01450,2024-12-01 19:19:17,Ecomm multi,mooz cartões,CE,Juazeiro No Norte,Lily Creme Acetinado Hidratante Corporal 250g,4,149.9,45.0,Perfumaria Feminina,,CLI0151,Feminino,2004-09-15,A entrega atrasou muito.,Entregue no Prazo,MAES15,Não
VND01451,2024-05-11 19:04:36,Ecomm mono,mooz pix,SP,São Carlos,Shampoo Match Escudo De Hidratação 300ml,4,47.9,14.0,Cabelos,,CLI0314,Masculino,2000-07-23,,Entregue no Prazo,,Não
VND01452,2024-11-01 12:01:13,Ecomm mono,mooz cartões,RJ,Petrópolis,Make B. Base Líquida Mate Salicylic 30g,3,109.9,38.0,Maquiagem e Skincare,,CLI0381,Feminino,1965-02-03,Chegou super rápido.,Entregue com Atraso,,Não
VND01453,2025-07-02 12:00:19,Ecomm multi,mooz cartões,MG,Ouro Preto,Malbec Desodorante Colônia 100ml,3,209.9,84.0,Perfumaria Masculina,,CLI0034,Feminino,1963-02-05,,Entregue no Prazo,BOTAO20,Sim
VND01453,2025-07-02 12:00:19,Ecomm multi,mooz cartões,MG,Ouro Preto,Shampoo Match Escudo De Hidratação 300ml,2,47.9,14.0,Cabelos,,CLI0034,Feminino,1963-02-05,,Entregue no Prazo,BOTAO20,Sim
VND01454,2024-04-05 20:44:50,Ecomm multi,mooz pix,SC,Criciúma,Shampoo Match Escudo De Hidratação 300ml,3,47.9,14.0,Cabelos,,CLI0163,Não-binário,2004-03-23,Amei o cheiro!,Entregue no Prazo,,Sim
VND01455,2025-06-10 13:44:33,Ecomm mono,mooz cartões,SP,SP - São Paulo,Malbec Desodorante Colônia 100ml,1,209.9,84.0,Perfumaria Masculina,,CLI0275,Feminino,1967-08-04,,Entregue no Prazo,QUERO10,Sim
VND01455,2025-06-10 13:44:33,Ecomm mono,mooz cartões,SP,SP - São Paulo,Cuide-se Bem Loção Corporal Deleite 200ml,4,78.9,24.0,Cuidados e Corpo,,CLI0275,Feminino,1967-08-04,,Entregue no Prazo,QUERO10,Sim
VND01456,2025-02-26 19:06:51,VD,mooz pix,SP,Bauru,Malbec Desodorante Colônia 100ml,1,209.9,84.0,Perfumaria Masculina,REV0071,,,,,,,
VND01457,2025-11-18 12:33:20,Ecomm multi,mooz pix,SP,Santos,Shampoo Match Escudo De Hidratação 300ml,4,47.9,14.0,Cabelos,,CLI0170,Feminino,1991-04-09,,Entregue com Atraso,,Não
VND01458,2025-11-03 12:59:51,VD,mooz pix,SP,Osasco,Lily Lumière Eau de Parfum 75ml,1,329.9,145.0,Perfumaria Feminina,REV0023,,,,,,,
VND01458,2025-11-03 12:59:51,VD,mooz pix,SP,Osasco,Shampoo Match Escudo De Hidratação 300ml,2,47.9,14.0,Cabelos,REV0023,,,,,,,
VND01459,2025-05-29 13:21:41,Ecomm mono,mooz cartões,RJ,Teresópolis,Malbec Desodorante Colônia 100ml,4,209.9,84.0,Perfumaria Masculina,,CLI0168,Feminino,1982-05-25,Amei o cheiro!,Entregue com Atraso,MAES15,Sim
VND01460,2024-04-15 12:16:20,lojas,mooz cartões,SC,Florianópolis,Floratta Red Desodorante Colônia 75ml,2,229.9,92.0,Perfumaria Feminina,FRQ028,,,,,,,
VND01461,2024-05-11 19:08:17,VD,mooz cartões,SC,Blumenau,Floratta Red Desodorante Colônia 75ml,2,229.9,92.0,Perfumaria Feminina,REV0030,,,,,,,
VND01461,2024-05-11 19:08:17,VD,mooz cartões,SC,Blumenau,Malbec Desodorante Colônia 100ml,1,209.9,84.0,Perfumaria Masculina,REV0030,,,,,,,
VND01462,2026-02-14 13:04:07,lojas,mooz pix,SP,Santo André,Malbec Desodorante Colônia 100ml,1,209.9,84.0,Perfumaria Masculina,FRQ010,,,,,,,
VND01463,2025-10-19 20:11:33,Ecomm multi,mooz cartões,CE,Fortaleza,Floratta Red Desodorante Colônia 75ml,2,229.9,92.0,Perfumaria Feminina,,CLI0082,Feminino,1992-02-28,,Entregue no Prazo,MAES15,Não
VND01463,2025-10-19 20:11:33,Ecomm multi,mooz cartões,CE,Fortaleza,Malbec Desodorante Colônia 100ml,4,209.9,84.0,Perfumaria Masculina,,CLI0082,Feminino,1992-02-28,,Entregue no Prazo,MAES15,Não
VND01464,2026-04-03 12:28:27,VD,mooz cartões,BA,Vitória da Conquista,Lily Lumière Eau de Parfum 75ml,2,329.9,145.0,Perfumaria Feminina,REV0075,,,,,,,
VND01464,2026-04-03 12:28:27,VD,mooz cartões,BA,Vitória da Conquista,Floratta Red Desodorante Colônia 75ml,3,229.9,92.0,Perfumaria Feminina,REV0075,,,,,,,
VND01465,2025-11-17 20:57:55,lojas,mooz pix,RS,Santa Maria,Shampoo Match Escudo De Hidratação 300ml,3,47.9,14.0,Cabelos,FRQ019,,,,,,,
VND01465,2025-11-17 20:57:55,lojas,mooz pix,RS,Santa Maria,Malbec Desodorante Colônia 100ml,2,209.9,84.0,Perfumaria Masculina,FRQ019,,,,,,,
VND01466,2024-12-08 20:24:25,Ecomm mono,mooz pix,PE,Recife,Floratta Red Desodorante Colônia 75ml,4,229.9,92.0,Perfumaria Feminina,,CLI0137,Não-binário,2003-12-06,,Entregue no Prazo,,Não
VND01466,2024-12-08 20:24:25,Ecomm mono,mooz pix,PE,Recife,Malbec Gold Desodorante Colônia 100ml,4,195.9,78.0,Perfumaria Masculina,,CLI0137,Não-binário,2003-12-06,,Entregue no Prazo,,Não
VND01467,2025-01-13 22:25:54,Ecomm mono,mooz cartões,SP,Osasco,Malbec Desodorante Colônia 100ml,2,209.9,84.0,Perfumaria Masculina,,CLI0227,Masculino,1962-01-18,,Entregue no Prazo,,Não
VND01467,2025-01-13 22:25:54,Ecomm mono,mooz cartões,SP,Osasco,Cuide-se Bem Loção Corporal Deleite 200ml,4,78.9,24.0,Cuidados e Corpo,,CLI0227,Masculino,1962-01-18,,Entregue no Prazo,,Não
VND01468,2024-12-13 12:09:18,lojas,outros meios de pagamento,SP,Bauru,Lily Creme Acetinado Hidratante Corporal 250g,2,149.9,45.0,Perfumaria Feminina,FRQ013,,,,,,,
VND01469,2024-12-12 15:10:41,Ecomm multi,mooz pix,SP,Ribeirão Preto,Cuide-se Bem Loção Corporal Deleite 200ml,3,78.9,24.0,Cuidados e Corpo,,CLI0382,Não-binário,1966-12-24,Amei o cheiro!,Entregue no Prazo,,Sim
VND01470,2025-03-15 19:36:01,Ecomm multi,mooz cartões,MT,Várzea Grande,Floratta Red Desodorante Colônia 75ml,1,229.9,92.0,Perfumaria Feminina,,CLI0375,Não-binário,1966-12-04,Melhor creme da vida.,Entregue no Prazo,,Sim
VND01470,2025-03-15 19:36:01,Ecomm multi,mooz cartões,MT,Várzea Grande,Malbec Desodorante Colônia 100ml,2,209.9,84.0,Perfumaria Masculina,,CLI0375,Não-binário,1966-12-04,Melhor creme da vida.,Entregue no Prazo,,Sim
VND01471,2025-05-27 12:25:57,lojas,outros meios de pagamento,RS,Pelotas,Lily Lumière Eau de Parfum 75ml,4,329.9,145.0,Perfumaria Feminina,FRQ003,,,,,,,
VND01472,2025-04-30 20:03:30,lojas,mooz cartões,SP,Campinas,Lily Creme Acetinado Hidratante Corporal 250g,4,149.9,45.0,Perfumaria Feminina,FRQ009,,,,,,,
VND01472,2025-04-30 20:03:30,lojas,mooz cartões,SP,Campinas,Botik Sérum Alta Potência Ácido Hialurônico 30ml,1,169.9,59.0,Maquiagem e Skincare,FRQ009,,,,,,,
VND01473,2024-05-23 13:17:36,lojas,mooz cartões,SP,Santos,Malbec Gold Desodorante Colônia 100ml,2,195.9,78.0,Perfumaria Masculina,FRQ004,,,,,,,
VND01474,2026-05-08 19:37:53,lojas,mooz pix,SP,Franca,Make B. Base Líquida Mate Salicylic 30g,4,109.9,38.0,Maquiagem e Skincare,FRQ023,,,,,,,
VND01475,2026-04-15 13:06:29,lojas,outros meios de pagamento,GO,Rio Verde,Malbec Desodorante Colônia 100ml,3,209.9,84.0,Perfumaria Masculina,FRQ001,,,,,,,
VND01476,2025-11-11 20:42:07,lojas,outros meios de pagamento,MT,Várzea Grande,Malbec Desodorante Colônia 100ml,4,209.9,84.0,Perfumaria Masculina,FRQ023,,,,,,,
VND01477,2025-11-19 22:43:56,lojas,mooz cartões,RJ,Campos dos Goytacazes,Make B. Base Líquida Mate Salicylic 30g,1,109.9,38.0,Maquiagem e Skincare,FRQ008,,,,,,,
VND01477,2025-11-19 22:43:56,lojas,mooz cartões,RJ,Campos dos Goytacazes,Floratta Red Desodorante Colônia 75ml,3,229.9,92.0,Perfumaria Feminina,FRQ008,,,,,,,
VND01478,2025-08-07 13:25:49,lojas,outros meios de pagamento,SP,Mogi das Cruzes,Malbec Gold Desodorante Colônia 100ml,1,195.9,78.0,Perfumaria Masculina,FRQ009,,,,,,,
VND01478,2025-08-07 13:25:49,lojas,outros meios de pagamento,SP,Mogi das Cruzes,Malbec Desodorante Colônia 100ml,3,209.9,84.0,Perfumaria Masculina,FRQ009,,,,,,,
VND01479,2025-11-12 12:30:42,lojas,outros meios de pagamento,SP,Osasco,Lily Creme Acetinado Hidratante Corporal 250g,3,149.9,45.0,Perfumaria Feminina,FRQ018,,,,,,,
VND01480,2026-06-04 20:38:13,VD,mooz cartões,SP,Osasco,Malbec Desodorante Colônia 100ml,1,209.9,84.0,Perfumaria Masculina,REV0070,,,,,,,
VND01481,2024-02-09 19:35:53,Ecomm multi,mooz pix,SP,São Carlos,Malbec Desodorante Colônia 100ml,1,209.9,84.0,Perfumaria Masculina,,CLI0061,Masculino,2002-08-07,,Entregue no Prazo,,Sim
VND01481,2024-02-09 19:35:53,Ecomm multi,mooz pix,SP,São Carlos,Make B. Base Líquida Mate Salicylic 30g,2,109.9,38.0,Maquiagem e Skincare,,CLI0061,Masculino,2002-08-07,,Entregue no Prazo,,Sim
VND01482,2024-11-05 20:56:09,VD,mooz cartões,RJ,Campos dos Goytacazes,Floratta Red Desodorante Colônia 75ml,4,229.9,92.0,Perfumaria Feminina,REV0026,,,,,,,
VND01483,2025-11-18 19:53:59,VD,mooz cartões,RS,Canoas,Floratta Red Desodorante Colônia 75ml,4,229.9,92.0,Perfumaria Feminina,REV0049,,,,,,,
VND01484,2024-05-18 19:29:42,VD,mooz cartões,SP,São Carlos,Malbec Desodorante Colônia 100ml,1,209.9,84.0,Perfumaria Masculina,REV0067,,,,,,,
VND01484,2024-05-18 19:29:42,VD,mooz cartões,SP,São Carlos,Lily Creme Acetinado Hidratante Corporal 250g,4,149.9,45.0,Perfumaria Feminina,REV0067,,,,,,,
VND01485,2024-11-02 08:58:31,VD,outros meios de pagamento,ES,Vitória,Shampoo Match Escudo De Hidratação 300ml,3,47.9,14.0,Cabelos,REV0056,,,,,,,
VND01486,2024-03-22 22:40:31,Ecomm mono,mooz cartões,SP,Jundiaí,Floratta Red Desodorante Colônia 75ml,2,229.9,92.0,Perfumaria Feminina,,CLI0195,Feminino,1996-01-12,,Entregue no Prazo,,Não
VND01487,2024-08-11 22:26:38,Ecomm multi,mooz cartões,PI,Teresina,Malbec Desodorante Colônia 100ml,3,209.9,84.0,Perfumaria Masculina,,CLI0035,Feminino,2003-07-20,,Entregue no Prazo,,Não
VND01488,2025-11-02 20:19:57,VD,mooz cartões,SP,Santos,Cuide-se Bem Loção Corporal Deleite 200ml,1,78.9,24.0,Cuidados e Corpo,REV0082,,,,,,,
VND01489,2025-09-11 15:36:38,lojas,mooz cartões,RJ,Rio de Janeiro,Floratta Red Desodorante Colônia 75ml,3,229.9,92.0,Perfumaria Feminina,FRQ019,,,,,,,
VND01489,2025-09-11 15:36:38,lojas,mooz cartões,RJ,Rio de Janeiro,Lily Creme Acetinado Hidratante Corporal 250g,4,149.9,45.0,Perfumaria Feminina,FRQ019,,,,,,,
VND01490,2025-11-10 13:18:54,Ecomm mono,mooz cartões,SP,Franca,Make B. Base Líquida Mate Salicylic 30g,4,109.9,38.0,Maquiagem e Skincare,,CLI0114,Feminino,1971-12-11,,Entregue no Prazo,,Não
VND01491,2025-11-19 15:51:48,VD,mooz pix,SP,Santos,Make B. Base Líquida Mate Salicylic 30g,2000,109.9,38.0,Maquiagem e Skincare,REV0069,,,,,,,
VND01492,2024-05-04 20:50:42,lojas,mooz cartões,SP,Ribeirão Preto,Malbec Desodorante Colônia 100ml,2,209.9,84.0,Perfumaria Masculina,FRQ005,,,,,,,
VND01492,2024-05-04 20:50:42,lojas,mooz cartões,SP,Ribeirão Preto,Make B. Base Líquida Mate Salicylic 30g,3,109.9,38.0,Maquiagem e Skincare,FRQ005,,,,,,,
VND01493,2026-06-06 19:12:22,Ecomm mono,mooz cartões,RS,Porto Alegre,Cuide-se Bem Loção Corporal Deleite 200ml,1,78.9,24.0,Cuidados e Corpo,,CLI0140,Não-binário,1997-10-21,Amei o cheiro!,Entregue no Prazo,,Não
VND01494,2025-12-22 12:15:22,VD,mooz pix,RJ,Nova Iguaçu,Floratta Red Desodorante Colônia 75ml,2,229.9,92.0,Perfumaria Feminina,REV0041,,,,,,,
VND01495,2026-04-25 12:59:27,Ecomm mono,mooz cartões,BA,Vitória da Conquista,Floratta Red Desodorante Colônia 75ml,1,229.9,92.0,Perfumaria Feminina,,CLI0251,Masculino,1998-12-27,,Entregue no Prazo,,Não
VND01496,2025-07-07 13:04:01,Ecomm mono,mooz cartões,ES,Serra,Malbec Desodorante Colônia 100ml,2,209.9,84.0,Perfumaria Masculina,,CLI0148,Feminino,2005-12-13,,Entregue no Prazo,QUERO10,Sim
VND01496,2025-07-07 13:04:01,Ecomm mono,mooz cartões,ES,Serra,Shampoo Match Escudo De Hidratação 300ml,1,47.9,14.0,Cabelos,,CLI0148,Feminino,2005-12-13,,Entregue no Prazo,QUERO10,Sim
VND01497,2024-09-25 13:35:26,Ecomm multi,mooz pix,BA,Feira de Santana,Malbec Desodorante Colônia 100ml,2,209.9,84.0,Perfumaria Masculina,,CLI0282,Feminino,1978-12-10,Amei o cheiro!,Entregue no Prazo,,Não
VND01497,2024-09-25 13:35:26,Ecomm multi,mooz pix,BA,Feira de Santana,Cuide-se Bem Loção Corporal Deleite 200ml,3,78.9,24.0,Cuidados e Corpo,,CLI0282,Feminino,1978-12-10,Amei o cheiro!,Entregue no Prazo,,Não
VND01498,2025-11-14 22:14:52,Ecomm multi,mooz pix,MS,Campo Grande,Cuide-se Bem Loção Corporal Deleite 200ml,3,78.9,24.0,Cuidados e Corpo,,CLI0369,Feminino,1990-07-14,Melhor creme da vida.,Entregue no Prazo,,Não
VND01499,2024-10-11 12:57:47,VD,mooz pix,AL,Maceió,Botik Sérum Alta Potência Ácido Hialurônico 30ml,3,169.9,59.0,Maquiagem e Skincare,REV0073,,,,,,,
VND01499,2024-10-11 12:57:47,VD,mooz pix,AL,Maceió,Malbec Desodorante Colônia 100ml,4,209.9,84.0,Perfumaria Masculina,REV0073,,,,,,,
VND01500,2025-04-15 13:28:48,Ecomm mono,mooz pix,SP,São José dos Campos,Shampoo Match Escudo De Hidratação 300ml,4,47.9,14.0,Cabelos,,CLI0023,Feminino,1970-08-13,Amei o cheiro!,Entregue no Prazo,MAES15,Sim
VND01501,2025-07-19 13:22:14,VD,outros meios de pagamento,SP,Osasco,Lily Creme Acetinado Hidratante Corporal 250g,2,149.9,45.0,Perfumaria Feminina,REV0025,,,,,,,
VND01502,2026-05-19 22:17:19,Ecomm multi,mooz pix,PR,Maringá,Malbec Desodorante Colônia 100ml,2,209.9,84.0,Perfumaria Masculina,,CLI0166,Feminino,1973-07-13,,Entregue com Atraso,BOTAO20,Sim
VND01503,2025-06-08 22:02:17,VD,mooz pix,BA,Feira de Santana,Malbec Desodorante Colônia 100ml,3,209.9,84.0,Perfumaria Masculina,REV0040,,,,,,,
VND01504,2026-06-13 12:06:20,Ecomm mono,mooz pix,SP,São José dos Campos,Lily Lumière Eau de Parfum 75ml,4,329.9,145.0,Perfumaria Feminina,,CLI0145,Masculino,1974-04-05,,Entregue no Prazo,,Sim
VND01505,2024-10-11 15:28:03,lojas,mooz cartões,MG,Ouro Preto,Shampoo Match Escudo De Hidratação 300ml,3,47.9,14.0,Cabelos,FRQ022,,,,,,,
VND01506,2024-10-25 13:59:14,VD,mooz pix,RS,Santa Maria,Cuide-se Bem Loção Corporal Deleite 200ml,2,78.9,24.0,Cuidados e Corpo,REV0069,,,,,,,
VND01507,2025-02-05 12:56:44,VD,mooz pix,RJ,Petrópolis,Floratta Red Desodorante Colônia 75ml,2,229.9,92.0,Perfumaria Feminina,REV0013,,,,,,,
VND01508,2026-04-29 12:19:05,Ecomm multi,mooz pix,RJ,Macaé,Botik Sérum Alta Potência Ácido Hialurônico 30ml,4,169.9,59.0,Maquiagem e Skincare,,CLI0394,Masculino,1981-06-01,,Entregue no Prazo,,Não
VND01509,2026-05-04 19:14:08,Ecomm mono,mooz cartões,BA,Feira de Santana,Cuide-se Bem Loção Corporal Deleite 200ml,500,78.9,24.0,Cuidados e Corpo,,CLI0063,Não-binário,1975-08-26,Melhor creme da vida.,Entregue no Prazo,,Não
VND01510,2024-02-19 19:15:41,lojas,mooz cartões,GO,Rio Verde,Lily Creme Acetinado Hidratante Corporal 250g,4,149.9,45.0,Perfumaria Feminina,FRQ020,,,,,,,
VND01511,2024-03-04 19:41:01,lojas,outros meios de pagamento,PR,Ponta Grossa,Lily Creme Acetinado Hidratante Corporal 250g,2,149.9,45.0,Perfumaria Feminina,FRQ014,,,,,,,
VND01512,2025-11-24 12:31:04,Ecomm mono,mooz pix,SP,Mogi das Cruzes,Make B. Base Líquida Mate Salicylic 30g,3,109.9,38.0,Maquiagem e Skincare,,CLI0159,Não-binário,2000-04-09,,Entregue com Atraso,,Sim
VND01513,2024-12-18 12:13:08,lojas,mooz cartões,SP,Mauá,Cuide-se Bem Loção Corporal Deleite 200ml,1,78.9,24.0,Cuidados e Corpo,FRQ021,,,,,,,
VND01513,2024-12-18 12:13:08,lojas,mooz cartões,SP,Mauá,Malbec Gold Desodorante Colônia 100ml,4,195.9,78.0,Perfumaria Masculina,FRQ021,,,,,,,
VND01514,2026-05-07 19:00:50,VD,outros meios de pagamento,SP,Osasco,Botik Sérum Alta Potência Ácido Hialurônico 30ml,1,169.9,59.0,Maquiagem e Skincare,REV0097,,,,,,,
VND01515,2025-11-17 08:31:27,Ecomm multi,mooz pix,CE,Juazeiro No Norte,Cuide-se Bem Loção Corporal Deleite 200ml,1,78.9,24.0,Cuidados e Corpo,,CLI0030,Não-binário,1969-05-05,,Entregue no Prazo,QUERO10,Sim
VND01515,2025-11-17 08:31:27,Ecomm multi,mooz pix,CE,Juazeiro No Norte,Malbec Desodorante Colônia 100ml,4,209.9,84.0,Perfumaria Masculina,,CLI0030,Não-binário,1969-05-05,,Entregue no Prazo,QUERO10,Sim
VND01516,2024-03-02 12:15:04,VD,mooz pix,SP,São José dos Campos,Lily Lumière Eau de Parfum 75ml,4,329.9,145.0,Perfumaria Feminina,REV0081,,,,,,,
VND01516,2024-03-02 12:15:04,VD,mooz pix,SP,São José dos Campos,Lily Creme Acetinado Hidratante Corporal 250g,4,149.9,45.0,Perfumaria Feminina,REV0081,,,,,,,
VND01517,2024-05-18 19:43:31,VD,outros meios de pagamento,SP,Sorocaba,Lily Creme Acetinado Hidratante Corporal 250g,2,149.9,45.0,Perfumaria Feminina,REV0075,,,,,,,
VND01518,2025-05-24 20:18:54,lojas,outros meios de pagamento,RJ,Duque de Caxias,Cuide-se Bem Loção Corporal Deleite 200ml,2,78.9,24.0,Cuidados e Corpo,FRQ007,,,,,,,
VND01519,2024-12-10 12:15:36,lojas,mooz cartões,BA,Salvador,Lily Lumière Eau de Parfum 75ml,3,329.9,145.0,Perfumaria Feminina,FRQ007,,,,,,,
VND01520,2024-08-01 12:30:48,Ecomm mono,mooz cartões,SP,São José dos Campos,Shampoo Match Escudo De Hidratação 300ml,1,47.9,14.0,Cabelos,,CLI0338,Não-binário,1961-10-18,Melhor creme da vida.,Entregue no Prazo,,Não
VND01521,2025-06-20 13:06:06,Ecomm mono,mooz cartões,SP,Franca,Cuide-se Bem Loção Corporal Deleite 200ml,4,78.9,24.0,Cuidados e Corpo,,CLI0199,Não-binário,2005-03-14,Chegou super rápido.,Entregue no Prazo,,Não
VND01522,2026-06-16 13:56:23,VD,mooz cartões,MG,Ipatinga,Lily Creme Acetinado Hidratante Corporal 250g,3,149.9,45.0,Perfumaria Feminina,REV0024,,,,,,,
VND01523,2025-08-25 19:10:17,Ecomm mono,mooz pix,RJ,Niterói,Lily Creme Acetinado Hidratante Corporal 250g,4,149.9,45.0,Perfumaria Feminina,,CLI0012,Masculino,1998-05-26,,Entregue no Prazo,QUERO10,Não
VND01524,2026-05-29 19:52:43,VD,mooz pix,MG,Juiz de Fora,Make B. Base Líquida Mate Salicylic 30g,4,109.9,38.0,Maquiagem e Skincare,REV0097,,,,,,,
VND01525,2025-12-20 20:28:37,lojas,mooz pix,RJ,Teresópolis,Cuide-se Bem Loção Corporal Deleite 200ml,1,78.9,24.0,Cuidados e Corpo,FRQ029,,,,,,,
VND01526,2024-04-22 19:55:50,Ecomm mono,mooz cartões,MG,Juiz de Fora,Lily Creme Acetinado Hidratante Corporal 250g,1,149.9,45.0,Perfumaria Feminina,,CLI0076,Feminino,1984-05-26,Amei o cheiro!,Entregue no Prazo,,Sim
VND01526,2024-04-22 19:55:50,Ecomm mono,mooz cartões,MG,Juiz de Fora,Malbec Desodorante Colônia 100ml,4,209.9,84.0,Perfumaria Masculina,,CLI0076,Feminino,1984-05-26,Amei o cheiro!,Entregue no Prazo,,Sim
VND01527,2024-05-20 15:55:33,Ecomm mono,mooz cartões,SP,São José dos Campos,Lily Lumière Eau de Parfum 75ml,2,329.9,145.0,Perfumaria Feminina,,CLI0013,Feminino,2006-08-18,,Entregue no Prazo,MAES15,Não
VND01527,2024-05-20 15:55:33,Ecomm mono,mooz cartões,SP,São José dos Campos,Floratta Red Desodorante Colônia 75ml,2,229.9,92.0,Perfumaria Feminina,,CLI0013,Feminino,2006-08-18,,Entregue no Prazo,MAES15,Não
VND01528,2024-10-03 19:45:59,Ecomm multi,mooz pix,SP,Mauá,Malbec Desodorante Colônia 100ml,2,209.9,84.0,Perfumaria Masculina,,CLI0393,Masculino,1961-03-09,,Entregue no Prazo,,Não
VND01529,2025-06-16 19:00:07,VD,mooz cartões,RJ,Petrópolis,Cuide-se Bem Loção Corporal Deleite 200ml,3,78.9,24.0,Cuidados e Corpo,REV0004,,,,,,,
VND01530,2024-10-01 12:52:16,lojas,mooz cartões,SP,Bauru,Lily Creme Acetinado Hidratante Corporal 250g,4,149.9,45.0,Perfumaria Feminina,FRQ007,,,,,,,
VND01531,2025-12-08 15:25:31,VD,outros meios de pagamento,RS,Caxias do Sul,Lily Creme Acetinado Hidratante Corporal 250g,3,149.9,45.0,Perfumaria Feminina,REV0049,,,,,,,
VND01532,2024-05-16 19:23:58,Ecomm multi,mooz pix,SP,Mogi das Cruzes,Floratta Red Desodorante Colônia 75ml,2,229.9,92.0,Perfumaria Feminina,,CLI0367,Feminino,2006-11-17,,Entregue no Prazo,MAES15,Não
VND01533,2024-03-20 13:21:18,Ecomm multi,mooz cartões,ES,Vila Velha,Botik Sérum Alta Potência Ácido Hialurônico 30ml,1,169.9,59.0,Maquiagem e Skincare,,CLI0177,Feminino,1989-03-02,,Entregue no Prazo,,Sim
VND01533,2024-03-20 13:21:18,Ecomm multi,mooz cartões,ES,Vila Velha,Malbec Desodorante Colônia 100ml,1,209.9,84.0,Perfumaria Masculina,,CLI0177,Feminino,1989-03-02,,Entregue no Prazo,,Sim
VND01534,2025-10-15 19:18:03,Ecomm mono,mooz cartões,SP,Campinas,Cuide-se Bem Loção Corporal Deleite 200ml,3,78.9,24.0,Cuidados e Corpo,,CLI0179,Não-binário,1980-06-25,Chegou super rápido.,Entregue no Prazo,,Não
VND01535,2025-04-14 20:32:03,lojas,mooz cartões,PR,Curitiba,Make B. Base Líquida Mate Salicylic 30g,3,109.9,38.0,Maquiagem e Skincare,FRQ004,,,,,,,
VND01536,2025-04-03 12:53:52,Ecomm multi,mooz pix,SP,SP - São Paulo,Botik Sérum Alta Potência Ácido Hialurônico 30ml,2,169.9,59.0,Maquiagem e Skincare,,CLI0020,Masculino,1970-06-12,,Entregue no Prazo,,Não
VND01536,2025-04-03 12:53:52,Ecomm multi,mooz pix,SP,SP - São Paulo,Malbec Gold Desodorante Colônia 100ml,1,195.9,78.0,Perfumaria Masculina,,CLI0020,Masculino,1970-06-12,,Entregue no Prazo,,Não
VND01537,2024-04-25 20:36:30,Ecomm multi,mooz pix,RS,Gramado,Malbec Desodorante Colônia 100ml,4,209.9,84.0,Perfumaria Masculina,,CLI0297,Masculino,2000-12-25,,Entregue no Prazo,QUERO10,Sim
VND01538,2025-07-03 13:12:16,Ecomm mono,mooz cartões,RJ,Cabo Frio,Malbec Desodorante Colônia 100ml,3,209.9,84.0,Perfumaria Masculina,,CLI0179,Não-binário,1980-06-25,Chegou super rápido.,Entregue no Prazo,,Não
VND01538,2025-07-03 13:12:16,Ecomm mono,mooz cartões,RJ,Cabo Frio,Cuide-se Bem Loção Corporal Deleite 200ml,2,78.9,24.0,Cuidados e Corpo,,CLI0179,Não-binário,1980-06-25,Chegou super rápido.,Entregue no Prazo,,Não
VND01539,2024-05-25 22:57:49,Ecomm multi,mooz pix,SP,Santo André,Malbec Desodorante Colônia 100ml,2,,84.0,Perfumaria Masculina,,CLI0023,Feminino,1970-08-13,,Entregue no Prazo,,Não
VND01540,2024-01-07 20:32:21,lojas,mooz cartões,BA,Porto Seguro,Malbec Desodorante Colônia 100ml,4,209.9,84.0,Perfumaria Masculina,FRQ006,,,,,,,
VND01541,2024-09-18 12:40:23,VD,mooz cartões,BA,Vitória da Conquista,Floratta Red Desodorante Colônia 75ml,3,229.9,92.0,Perfumaria Feminina,REV0017,,,,,,,
VND01541,2024-09-18 12:40:23,VD,mooz cartões,BA,Vitória da Conquista,Malbec Desodorante Colônia 100ml,1,209.9,84.0,Perfumaria Masculina,REV0017,,,,,,,
VND01542,2026-05-12 19:29:48,lojas,outros meios de pagamento,SP,Franca,Malbec Gold Desodorante Colônia 100ml,4,195.9,78.0,Perfumaria Masculina,FRQ023,,,,,,,
VND01543,2024-04-28 20:48:32,Ecomm mono,mooz cartões,BA,Vitória da Conquista,Make B. Base Líquida Mate Salicylic 30g,1,,38.0,Maquiagem e Skincare,,CLI0066,Não-binário,2006-01-22,,Entregue no Prazo,,Não
VND01544,2024-03-25 13:03:52,lojas,outros meios de pagamento,SC,Blumenau,Lily Creme Acetinado Hidratante Corporal 250g,3,149.9,45.0,Perfumaria Feminina,FRQ005,,,,,,,
VND01545,2025-11-05 08:52:44,Ecomm multi,mooz pix,MT,Cuiabá,Make B. Base Líquida Mate Salicylic 30g,1,109.9,38.0,Maquiagem e Skincare,,CLI0388,Feminino,1969-11-16,,Entregue no Prazo,,Sim
VND01545,2025-11-05 08:52:44,Ecomm multi,mooz pix,MT,Cuiabá,Shampoo Match Escudo De Hidratação 300ml,4,47.9,14.0,Cabelos,,CLI0388,Feminino,1969-11-16,,Entregue no Prazo,,Sim
VND01546,2024-07-18 20:17:01,VD,outros meios de pagamento,SP,Piracicaba,Cuide-se Bem Loção Corporal Deleite 200ml,3,78.9,24.0,Cuidados e Corpo,REV0047,,,,,,,
VND01547,2025-11-21 08:45:23,lojas,mooz pix,SP,Mogi das Cruzes,Botik Sérum Alta Potência Ácido Hialurônico 30ml,1,169.9,59.0,Maquiagem e Skincare,FRQ007,,,,,,,
VND01547,2025-11-21 08:45:23,lojas,mooz pix,SP,Mogi das Cruzes,Malbec Desodorante Colônia 100ml,2,209.9,84.0,Perfumaria Masculina,FRQ007,,,,,,,
VND01548,2025-12-21 12:01:23,Ecomm mono,mooz pix,MG,Ouro Preto,Floratta Red Desodorante Colônia 75ml,3,229.9,92.0,Perfumaria Feminina,,CLI0216,Masculino,1990-09-17,A entrega atrasou muito.,Entregue com Atraso,,Não
VND01549,2025-12-19 12:04:25,lojas,mooz pix,PA,Belém,Malbec Desodorante Colônia 100ml,4,209.9,84.0,Perfumaria Masculina,FRQ001,,,,,,,
VND01549,2025-12-19 12:04:25,lojas,mooz pix,PA,Belém,Malbec Gold Desodorante Colônia 100ml,2,195.9,78.0,Perfumaria Masculina,FRQ001,,,,,,,
VND01550,2026-05-14 19:21:38,Ecomm multi,mooz cartões,DF,Brasília,Shampoo Match Escudo De Hidratação 300ml,4,47.9,14.0,Cabelos,,CLI0260,Não-binário,2000-08-03,Amei o cheiro!,Entregue no Prazo,,Não
VND01551,2025-12-28 12:26:40,Ecomm multi,mooz pix,MG,Ouro Preto,Lily Creme Acetinado Hidratante Corporal 250g,3,149.9,45.0,Perfumaria Feminina,,CLI0080,Feminino,1980-01-02,A entrega atrasou muito.,Entregue no Prazo,,Não
VND01551,2025-12-28 12:26:40,Ecomm multi,mooz pix,MG,Ouro Preto,Malbec Desodorante Colônia 100ml,3,209.9,84.0,Perfumaria Masculina,,CLI0080,Feminino,1980-01-02,A entrega atrasou muito.,Entregue no Prazo,,Não
VND01552,2024-12-07 20:56:37,lojas,outros meios de pagamento,MG,Ipatinga,Cuide-se Bem Loção Corporal Deleite 200ml,1,78.9,24.0,Cuidados e Corpo,FRQ022,,,,,,,
VND01553,2025-11-11 19:19:42,Ecomm multi,mooz cartões,SP,Sorocaba,Malbec Desodorante Colônia 100ml,4,209.9,84.0,Perfumaria Masculina,,CLI0045,Feminino,1994-09-01,,Entregue no Prazo,QUERO10,Sim
VND01554,2026-01-12 08:15:20,Ecomm multi,mooz cartões,PR,Guarapuava,Botik Sérum Alta Potência Ácido Hialurônico 30ml,1,169.9,59.0,Maquiagem e Skincare,,CLI0307,Feminino,1970-03-03,,Entregue no Prazo,,Sim
VND01555,2025-08-25 19:35:28,VD,outros meios de pagamento,SP,São Paulo,Floratta Red Desodorante Colônia 75ml,2,229.9,92.0,Perfumaria Feminina,REV0040,,,,,,,
VND01555,2025-08-25 19:35:28,VD,outros meios de pagamento,SP,São Paulo,Malbec Desodorante Colônia 100ml,2,209.9,84.0,Perfumaria Masculina,REV0040,,,,,,,
VND01556,2024-10-12 20:34:56,lojas,outros meios de pagamento,BA,Salvador,Botik Sérum Alta Potência Ácido Hialurônico 30ml,3,169.9,59.0,Maquiagem e Skincare,FRQ020,,,,,,,
VND01556,2024-10-12 20:34:56,lojas,outros meios de pagamento,BA,Salvador,Lily Lumière Eau de Parfum 75ml,4,329.9,145.0,Perfumaria Feminina,FRQ020,,,,,,,
VND01557,2025-02-07 19:58:41,VD,outros meios de pagamento,SC,Florianópolis,Malbec Desodorante Colônia 100ml,4,209.9,84.0,Perfumaria Masculina,REV0018,,,,,,,
VND01558,2024-12-23 19:55:48,Ecomm mono,mooz pix,MG,Contagem,Lily Creme Acetinado Hidratante Corporal 250g,2,149.9,45.0,Perfumaria Feminina,,CLI0394,Masculino,1981-06-01,,Entregue com Atraso,QUERO10,Sim
VND01559,2025-05-30 08:08:06,VD,outros meios de pagamento,CE,Juazeiro No Norte,Malbec Desodorante Colônia 100ml,2,209.9,84.0,Perfumaria Masculina,REV0018,,,,,,,
VND01559,2025-05-30 08:08:06,VD,outros meios de pagamento,CE,Juazeiro No Norte,Lily Creme Acetinado Hidratante Corporal 250g,3,149.9,45.0,Perfumaria Feminina,REV0018,,,,,,,
VND01560,2026-06-06 08:31:30,Ecomm multi,mooz cartões,SP,Jundiaí,Malbec Desodorante Colônia 100ml,3,209.9,84.0,Perfumaria Masculina,,CLI0272,Não-binário,1967-01-21,,Entregue no Prazo,QUERO10,Não
VND01561,2025-10-17 19:59:25,lojas,outros meios de pagamento,RJ,Petrópolis,Cuide-se Bem Loção Corporal Deleite 200ml,4,78.9,24.0,Cuidados e Corpo,FRQ006,,,,,,,
VND01562,2025-12-08 12:36:44,lojas,mooz pix,PR,Guarapuava,Malbec Desodorante Colônia 100ml,3,209.9,84.0,Perfumaria Masculina,FRQ003,,,,,,,
VND01563,2025-09-15 20:18:37,lojas,mooz pix,CE,Sobral,Malbec Desodorante Colônia 100ml,3,209.9,84.0,Perfumaria Masculina,FRQ018,,,,,,,
VND01564,2025-05-06 08:27:20,Ecomm multi,mooz pix,ES,Vila Velha,Lily Creme Acetinado Hidratante Corporal 250g,1,149.9,45.0,Perfumaria Feminina,,CLI0013,Feminino,2006-08-18,,Entregue no Prazo,,Sim
VND01564,2025-05-06 08:27:20,Ecomm multi,mooz pix,ES,Vila Velha,Malbec Desodorante Colônia 100ml,3,209.9,84.0,Perfumaria Masculina,,CLI0013,Feminino,2006-08-18,,Entregue no Prazo,,Sim
VND01565,2025-03-27 20:49:24,Ecomm mono,mooz pix,SC,Criciúma,Lily Lumière Eau de Parfum 75ml,3,329.9,145.0,Perfumaria Feminina,,CLI0299,Feminino,1975-11-22,,Entregue no Prazo,,Sim
VND01566,2024-12-25 20:34:34,Ecomm multi,mooz cartões,DF,Brasília,Botik Sérum Alta Potência Ácido Hialurônico 30ml,500,169.9,59.0,Maquiagem e Skincare,,CLI0158,Feminino,2000-05-25,Amei o cheiro!,Entregue com Atraso,,Não
VND01567,2026-06-29 19:40:29,VD,outros meios de pagamento,RJ,Nova Iguaçu,Cuide-se Bem Loção Corporal Deleite 200ml,2,78.9,24.0,Cuidados e Corpo,REV0083,,,,,,,
VND01568,2024-06-02 19:00:04,Ecomm multi,mooz cartões,MG,Ipatinga,Cuide-se Bem Loção Corporal Deleite 200ml,3,78.9,24.0,Cuidados e Corpo,,CLI0141,Masculino,1989-08-15,,Entregue no Prazo,,Não
VND01569,2024-07-04 20:54:12,Ecomm multi,mooz cartões,RJ,Niterói,Lily Creme Acetinado Hidratante Corporal 250g,4,149.9,45.0,Perfumaria Feminina,,CLI0325,Feminino,1979-08-02,Melhor creme da vida.,Entregue no Prazo,QUERO10,Sim
VND01570,2026-04-11 19:11:57,Ecomm multi,mooz pix,SP,Santos,Lily Creme Acetinado Hidratante Corporal 250g,3,149.9,45.0,Perfumaria Feminina,,CLI0133,Feminino,2006-05-17,,Entregue no Prazo,,Não
VND01571,2025-12-15 13:31:56,VD,outros meios de pagamento,SP,Bauru,Malbec Desodorante Colônia 100ml,3,209.9,84.0,Perfumaria Masculina,REV0036,,,,,,,
VND01572,2025-05-22 15:46:24,Ecomm multi,mooz cartões,SP,Sorocaba,Lily Creme Acetinado Hidratante Corporal 250g,4,149.9,45.0,Perfumaria Feminina,,CLI0331,Masculino,1981-02-15,O produto veio quebrado.,Entregue no Prazo,,Sim
VND01573,2026-06-13 13:42:47,Ecomm mono,mooz cartões,SP,Bauru,Lily Creme Acetinado Hidratante Corporal 250g,4,149.9,45.0,Perfumaria Feminina,,CLI0152,Feminino,1995-04-28,,Entregue no Prazo,MAES15,Sim
VND01573,2026-06-13 13:42:47,Ecomm mono,mooz cartões,SP,Bauru,Lily Lumière Eau de Parfum 75ml,4,329.9,145.0,Perfumaria Feminina,,CLI0152,Feminino,1995-04-28,,Entregue no Prazo,MAES15,Sim
VND01574,2025-06-14 13:09:01,Ecomm multi,mooz pix,RJ,Campos dos Goytacazes,Lily Creme Acetinado Hidratante Corporal 250g,2,149.9,45.0,Perfumaria Feminina,,CLI0269,Masculino,1999-08-21,Chegou super rápido.,Entregue no Prazo,,Não
VND01574,2025-06-14 13:09:01,Ecomm multi,mooz pix,RJ,Campos dos Goytacazes,Malbec Gold Desodorante Colônia 100ml,2,195.9,78.0,Perfumaria Masculina,,CLI0269,Masculino,1999-08-21,Chegou super rápido.,Entregue no Prazo,,Não
VND01575,2025-10-26 19:15:55,Ecomm multi,mooz pix,SC,Criciúma,Cuide-se Bem Loção Corporal Deleite 200ml,1,78.9,24.0,Cuidados e Corpo,,CLI0017,Feminino,1962-11-08,Chegou super rápido.,Entregue no Prazo,,Não
VND01576,2026-01-08 12:11:34,Ecomm mono,mooz pix,RJ,Angra dos Reis,Malbec Gold Desodorante Colônia 100ml,2,195.9,78.0,Perfumaria Masculina,,CLI0085,Feminino,1997-10-02,,Entregue no Prazo,QUERO10,Não
VND01577,2025-12-14 19:14:58,Ecomm multi,mooz cartões,SP,Franca,Malbec Desodorante Colônia 100ml,500,209.9,84.0,Perfumaria Masculina,,CLI0303,Masculino,1961-01-11,,Entregue no Prazo,,Não
VND01577,2025-12-14 19:14:58,Ecomm multi,mooz cartões,SP,Franca,Make B. Base Líquida Mate Salicylic 30g,3,109.9,38.0,Maquiagem e Skincare,,CLI0303,Masculino,1961-01-11,,Entregue no Prazo,,Não
VND01578,2025-12-06 12:00:19,Ecomm mono,mooz cartões,CE,Sobral,Cuide-se Bem Loção Corporal Deleite 200ml,3,78.9,24.0,Cuidados e Corpo,,CLI0095,Não-binário,1994-12-10,Amei o cheiro!,Entregue no Prazo,QUERO10,Sim
VND01579,2025-12-04 13:14:52,lojas,mooz pix,MT,Rondonópolis,Malbec Desodorante Colônia 100ml,1,209.9,84.0,Perfumaria Masculina,FRQ028,,,,,,,
VND01580,2025-08-12 12:55:10,Ecomm multi,mooz pix,MG,Juiz de Fora,Malbec Desodorante Colônia 100ml,2,209.9,84.0,Perfumaria Masculina,,CLI0236,Não-binário,1998-10-26,Chegou super rápido.,Entregue no Prazo,,Sim
VND01580,2025-08-12 12:55:10,Ecomm multi,mooz pix,MG,Juiz de Fora,Make B. Base Líquida Mate Salicylic 30g,1,109.9,38.0,Maquiagem e Skincare,,CLI0236,Não-binário,1998-10-26,Chegou super rápido.,Entregue no Prazo,,Sim
VND01581,2025-05-22 22:12:35,Ecomm mono,mooz pix,RJ,Duque de Caxias,Lily Lumière Eau de Parfum 75ml,1,329.9,145.0,Perfumaria Feminina,,CLI0176,Feminino,1965-11-14,,Entregue no Prazo,,Não
VND01581,2025-05-22 22:12:35,Ecomm mono,mooz pix,RJ,Duque de Caxias,Malbec Desodorante Colônia 100ml,1,209.9,84.0,Perfumaria Masculina,,CLI0176,Feminino,1965-11-14,,Entregue no Prazo,,Não
VND01582,2024-11-07 20:22:20,lojas,outros meios de pagamento,PR,Paranaguá,Botik Sérum Alta Potência Ácido Hialurônico 30ml,4,169.9,59.0,Maquiagem e Skincare,FRQ023,,,,,,,
VND01583,2024-07-23 13:16:24,VD,mooz cartões,PR,Londrina,Malbec Desodorante Colônia 100ml,3,209.9,84.0,Perfumaria Masculina,REV0086,,,,,,,
VND01584,2026-06-23 12:48:27,VD,outros meios de pagamento,SP,Osasco,Botik Sérum Alta Potência Ácido Hialurônico 30ml,4,169.9,59.0,Maquiagem e Skincare,REV0068,,,,,,,
VND01585,2024-08-27 20:53:27,lojas,mooz cartões,BA,Feira de Santana,Lily Lumière Eau de Parfum 75ml,1,329.9,145.0,Perfumaria Feminina,FRQ030,,,,,,,
VND01585,2024-08-27 20:53:27,lojas,mooz cartões,BA,Feira de Santana,Malbec Gold Desodorante Colônia 100ml,1,195.9,78.0,Perfumaria Masculina,FRQ030,,,,,,,
VND01586,2026-04-20 12:43:45,Ecomm multi,mooz pix,SP,Ribeirão Preto,Cuide-se Bem Loção Corporal Deleite 200ml,2,78.9,24.0,Cuidados e Corpo,,CLI0347,Não-binário,1999-07-09,,Entregue no Prazo,,Não
VND01587,2024-11-11 19:54:59,VD,outros meios de pagamento,SP,Osasco,Malbec Desodorante Colônia 100ml,3,209.9,84.0,Perfumaria Masculina,REV0084,,,,,,,
VND01588,2025-01-10 12:43:09,lojas,outros meios de pagamento,RJ,Nova Iguaçu,Make B. Base Líquida Mate Salicylic 30g,4,109.9,38.0,Maquiagem e Skincare,FRQ004,,,,,,,
VND01589,2025-04-22 19:39:04,VD,outros meios de pagamento,BA,Vitória da Conquista,Lily Creme Acetinado Hidratante Corporal 250g,3,149.9,45.0,Perfumaria Feminina,REV0038,,,,,,,
VND01589,2025-04-22 19:39:04,VD,outros meios de pagamento,BA,Vitória da Conquista,Malbec Gold Desodorante Colônia 100ml,1,195.9,78.0,Perfumaria Masculina,REV0038,,,,,,,
VND01590,2025-12-25 12:19:15,Ecomm multi,mooz pix,MA,São Luís,Malbec Desodorante Colônia 100ml,1,209.9,84.0,Perfumaria Masculina,,CLI0044,Feminino,1969-06-25,,Entregue no Prazo,,Não
VND01590,2025-12-25 12:19:15,Ecomm multi,mooz pix,MA,São Luís,Lily Lumière Eau de Parfum 75ml,1,329.9,145.0,Perfumaria Feminina,,CLI0044,Feminino,1969-06-25,,Entregue no Prazo,,Não
VND01591,2025-11-30 19:43:59,Ecomm multi,mooz cartões,PR,Guarapuava,Lily Lumière Eau de Parfum 75ml,1,329.9,145.0,Perfumaria Feminina,,CLI0174,Não-binário,1968-10-18,Chegou super rápido.,Entregue no Prazo,,Não
VND01592,2024-06-08 19:37:35,lojas,mooz pix,SP,Mogi das Cruzes,Malbec Desodorante Colônia 100ml,4,209.9,84.0,Perfumaria Masculina,FRQ029,,,,,,,
VND01593,2025-05-10 12:01:22,lojas,outros meios de pagamento,SP,Santo André,Cuide-se Bem Loção Corporal Deleite 200ml,4,78.9,24.0,Cuidados e Corpo,FRQ022,,,,,,,
VND01594,2024-12-20 20:47:39,VD,mooz pix,SP,Franca,Shampoo Match Escudo De Hidratação 300ml,3,47.9,14.0,Cabelos,REV0026,,,,,,,
VND01595,2024-01-07 12:41:24,lojas,outros meios de pagamento,SP,São José dos Campos,Malbec Desodorante Colônia 100ml,2,209.9,84.0,Perfumaria Masculina,FRQ018,,,,,,,
VND01595,2024-01-07 12:41:24,lojas,outros meios de pagamento,SP,São José dos Campos,Malbec Gold Desodorante Colônia 100ml,3,195.9,78.0,Perfumaria Masculina,FRQ018,,,,,,,
VND01596,2025-05-30 13:48:25,VD,mooz cartões,MG,Belo Horizonte,Lily Creme Acetinado Hidratante Corporal 250g,3,149.9,45.0,Perfumaria Feminina,REV0078,,,,,,,
VND01596,2025-05-30 13:48:25,VD,mooz cartões,MG,Belo Horizonte,Botik Sérum Alta Potência Ácido Hialurônico 30ml,3,169.9,59.0,Maquiagem e Skincare,REV0078,,,,,,,
VND01597,2026-01-10 12:50:27,VD,mooz cartões,SP,Campinas,Malbec Desodorante Colônia 100ml,4,209.9,84.0,Perfumaria Masculina,REV0032,,,,,,,
VND01597,2026-01-10 12:50:27,VD,mooz cartões,SP,Campinas,Floratta Red Desodorante Colônia 75ml,3,229.9,92.0,Perfumaria Feminina,REV0032,,,,,,,
VND01598,2024-09-07 12:03:06,Ecomm mono,mooz cartões,PE,Olinda,Lily Lumière Eau de Parfum 75ml,2,329.9,145.0,Perfumaria Feminina,,CLI0002,Feminino,1974-03-24,Amei o cheiro!,Entregue no Prazo,,Não
VND01599,2025-11-19 19:07:46,Ecomm multi,mooz cartões,SP,Mauá,Malbec Gold Desodorante Colônia 100ml,4,195.9,78.0,Perfumaria Masculina,,CLI0005,Feminino,1965-04-08,,Entregue com Atraso,BOTAO20,Sim
VND01600,2025-05-08 19:02:01,Ecomm mono,mooz cartões,SP,Campinas,Botik Sérum Alta Potência Ácido Hialurônico 30ml,2,169.9,59.0,Maquiagem e Skincare,,CLI0132,Masculino,1999-06-22,,Entregue no Prazo,,Sim
VND01601,2025-11-18 12:38:20,VD,mooz cartões,BA,Feira de Santana,Cuide-se Bem Loção Corporal Deleite 200ml,1,78.9,24.0,Cuidados e Corpo,REV0059,,,,,,,
VND01602,2026-02-10 13:16:51,Ecomm mono,mooz pix,SP,Osasco,Floratta Red Desodorante Colônia 75ml,1,229.9,92.0,Perfumaria Feminina,,CLI0187,Feminino,1989-12-09,,Entregue no Prazo,MAES15,Sim
VND01603,2024-03-21 19:28:46,VD,outros meios de pagamento,SC,Criciúma,Make B. Base Líquida Mate Salicylic 30g,4,109.9,38.0,Maquiagem e Skincare,REV0065,,,,,,,
VND01604,2024-12-28 20:08:47,Ecomm multi,mooz pix,SP,São Carlos,Shampoo Match Escudo De Hidratação 300ml,2,47.9,14.0,Cabelos,,CLI0398,Feminino,1984-07-15,,Entregue no Prazo,,Não
VND01605,2026-05-22 12:47:18,VD,mooz cartões,SP,Piracicaba,Cuide-se Bem Loção Corporal Deleite 200ml,3,78.9,24.0,Cuidados e Corpo,REV0018,,,,,,,
VND01606,2025-01-25 13:27:13,lojas,mooz cartões,MS,Dourados,Floratta Red Desodorante Colônia 75ml,4,229.9,92.0,Perfumaria Feminina,FRQ022,,,,,,,
VND01607,2025-03-01 12:01:53,Ecomm mono,mooz pix,AM,Parintins,Malbec Gold Desodorante Colônia 100ml,1,195.9,78.0,Perfumaria Masculina,,CLI0194,Masculino,2003-10-26,,Entregue no Prazo,,Não
VND01607,2025-03-01 12:01:53,Ecomm mono,mooz pix,AM,Parintins,Lily Creme Acetinado Hidratante Corporal 250g,2,,45.0,Perfumaria Feminina,,CLI0194,Masculino,2003-10-26,,Entregue no Prazo,,Não
VND01608,2025-10-18 12:46:14,VD,mooz pix,MG,Poços de Caldas,Malbec Desodorante Colônia 100ml,1,209.9,84.0,Perfumaria Masculina,REV0024,,,,,,,
VND01608,2025-10-18 12:46:14,VD,mooz pix,MG,Poços de Caldas,Lily Creme Acetinado Hidratante Corporal 250g,1,149.9,45.0,Perfumaria Feminina,REV0024,,,,,,,
VND01609,2025-09-04 13:04:02,Ecomm mono,mooz cartões,SC,Chapecó,Malbec Desodorante Colônia 100ml,2,209.9,84.0,Perfumaria Masculina,,CLI0381,Feminino,1965-02-03,Melhor creme da vida.,Entregue no Prazo,BOTAO20,Não
VND01610,2024-05-07 13:01:05,VD,mooz pix,RJ,Nova Friburgo,Malbec Desodorante Colônia 100ml,4,209.9,84.0,Perfumaria Masculina,REV0075,,,,,,,
VND01611,2024-11-19 20:55:08,VD,mooz pix,RS,Porto Alegre,Malbec Desodorante Colônia 100ml,4,209.9,84.0,Perfumaria Masculina,REV0015,,,,,,,
VND01612,2026-01-25 13:39:34,VD,mooz cartões,SP,Mauá,Floratta Red Desodorante Colônia 75ml,3,229.9,92.0,Perfumaria Feminina,REV0010,,,,,,,
VND01613,2024-09-06 12:26:12,VD,mooz cartões,PI,Teresina,Cuide-se Bem Loção Corporal Deleite 200ml,2,78.9,24.0,Cuidados e Corpo,REV0047,,,,,,,
VND01614,2025-06-03 13:36:53,lojas,outros meios de pagamento,ES,Serra,Shampoo Match Escudo De Hidratação 300ml,1,47.9,14.0,Cabelos,FRQ023,,,,,,,
VND01614,2025-06-03 13:36:53,lojas,outros meios de pagamento,ES,Serra,Lily Lumière Eau de Parfum 75ml,2,329.9,145.0,Perfumaria Feminina,FRQ023,,,,,,,
VND01615,2025-05-26 12:31:22,lojas,outros meios de pagamento,RJ,Nova Friburgo,Shampoo Match Escudo De Hidratação 300ml,2,47.9,14.0,Cabelos,FRQ006,,,,,,,
VND01616,2024-09-04 19:39:55,Ecomm mono,mooz pix,PR,Curitiba,Make B. Base Líquida Mate Salicylic 30g,2,109.9,38.0,Maquiagem e Skincare,,CLI0387,Masculino,1966-10-17,Amei o cheiro!,Entregue no Prazo,,Não
VND01617,2025-05-30 15:44:26,lojas,outros meios de pagamento,SP,Mogi das Cruzes,Lily Lumière Eau de Parfum 75ml,1,329.9,145.0,Perfumaria Feminina,FRQ030,,,,,,,
VND01617,2025-05-30 15:44:26,lojas,outros meios de pagamento,SP,Mogi das Cruzes,Cuide-se Bem Loção Corporal Deleite 200ml,2,78.9,24.0,Cuidados e Corpo,FRQ030,,,,,,,
VND01618,2024-06-06 20:20:49,Ecomm mono,mooz cartões,PR,Paranaguá,Cuide-se Bem Loção Corporal Deleite 200ml,1,78.9,24.0,Cuidados e Corpo,,CLI0140,Não-binário,1997-10-21,,Entregue no Prazo,,Sim
VND01619,2026-05-01 20:31:55,Ecomm multi,mooz cartões,SP,São Carlos,Malbec Desodorante Colônia 100ml,4,209.9,84.0,Perfumaria Masculina,,CLI0055,Feminino,1975-04-03,,Entregue no Prazo,,Não
VND01620,2025-09-04 13:16:06,lojas,outros meios de pagamento,SP,Bauru,Lily Creme Acetinado Hidratante Corporal 250g,1,149.9,45.0,Perfumaria Feminina,FRQ018,,,,,,,
VND01621,2025-09-09 19:57:49,Ecomm multi,mooz pix,PR,Ponta Grossa,Shampoo Match Escudo De Hidratação 300ml,3,47.9,14.0,Cabelos,,CLI0397,Feminino,1965-12-17,Melhor creme da vida.,Entregue no Prazo,,Não
VND01621,2025-09-09 19:57:49,Ecomm multi,mooz pix,PR,Ponta Grossa,Malbec Desodorante Colônia 100ml,4,209.9,84.0,Perfumaria Masculina,,CLI0397,Feminino,1965-12-17,Melhor creme da vida.,Entregue no Prazo,,Não
VND01622,2026-06-06 12:06:29,Ecomm multi,mooz cartões,PE,Caruaru,Make B. Base Líquida Mate Salicylic 30g,2,109.9,38.0,Maquiagem e Skincare,,CLI0334,Não-binário,1960-05-18,,Entregue no Prazo,,Sim
VND01623,2025-04-26 20:27:28,VD,mooz pix,MG,Juiz de Fora,Botik Sérum Alta Potência Ácido Hialurônico 30ml,3,169.9,59.0,Maquiagem e Skincare,REV0016,,,,,,,
VND01624,2024-11-08 12:10:41,lojas,outros meios de pagamento,SP,Franca,Floratta Red Desodorante Colônia 75ml,2,229.9,92.0,Perfumaria Feminina,FRQ009,,,,,,,
VND01625,2024-09-08 13:15:27,Ecomm mono,mooz pix,DF,Brasilia,Lily Lumière Eau de Parfum 75ml,1,329.9,145.0,Perfumaria Feminina,,CLI0333,Não-binário,1995-06-03,Chegou super rápido.,Entregue no Prazo,BOTAO20,Sim
VND01626,2024-10-13 19:53:48,Ecomm mono,mooz cartões,PR,Cascavel,Malbec Gold Desodorante Colônia 100ml,4,195.9,78.0,Perfumaria Masculina,,CLI0225,Feminino,1983-03-10,Chegou super rápido.,Entregue no Prazo,,Não
VND01627,2024-12-10 20:17:00,Ecomm mono,mooz cartões,SP,Osasco,Lily Lumière Eau de Parfum 75ml,3,329.9,145.0,Perfumaria Feminina,,CLI0254,Não-binário,1988-02-20,,Entregue com Atraso,QUERO10,Não
VND01628,2024-05-17 20:20:05,VD,outros meios de pagamento,RS,Passo Fundo,Malbec Desodorante Colônia 100ml,1,209.9,84.0,Perfumaria Masculina,REV0023,,,,,,,
VND01629,2024-07-23 19:20:39,Ecomm mono,mooz cartões,CE,Sobral,Make B. Base Líquida Mate Salicylic 30g,4,109.9,38.0,Maquiagem e Skincare,,CLI0296,Masculino,2003-09-13,,Entregue no Prazo,QUERO10,Sim
VND01630,2026-03-04 19:22:14,lojas,outros meios de pagamento,SP,Mauá,Malbec Gold Desodorante Colônia 100ml,1,195.9,78.0,Perfumaria Masculina,FRQ003,,,,,,,
VND01630,2026-03-04 19:22:14,lojas,outros meios de pagamento,SP,Mauá,Botik Sérum Alta Potência Ácido Hialurônico 30ml,2,169.9,59.0,Maquiagem e Skincare,FRQ003,,,,,,,
VND01631,2026-03-23 13:50:19,lojas,mooz pix,CE,Sobral,Make B. Base Líquida Mate Salicylic 30g,4,109.9,38.0,Maquiagem e Skincare,FRQ021,,,,,,,
VND01632,2024-06-30 13:12:17,Ecomm multi,mooz cartões,SP,Ribeirão Preto,Lily Creme Acetinado Hidratante Corporal 250g,4,149.9,45.0,Perfumaria Feminina,,CLI0154,Não-binário,2002-09-18,,Entregue no Prazo,,Não
VND01633,2025-06-03 20:51:23,Ecomm mono,mooz cartões,RJ,Duque de Caxias,Cuide-se Bem Loção Corporal Deleite 200ml,3,78.9,24.0,Cuidados e Corpo,,CLI0128,Feminino,1984-10-07,,Entregue no Prazo,,Não
VND01633,2025-06-03 20:51:23,Ecomm mono,mooz cartões,RJ,Duque de Caxias,Lily Creme Acetinado Hidratante Corporal 250g,2,149.9,45.0,Perfumaria Feminina,,CLI0128,Feminino,1984-10-07,,Entregue no Prazo,,Não
VND01634,2026-05-02 13:55:22,lojas,outros meios de pagamento,RJ,Teresópolis,Malbec Gold Desodorante Colônia 100ml,3,195.9,78.0,Perfumaria Masculina,FRQ029,,,,,,,
VND01634,2026-05-02 13:55:22,lojas,outros meios de pagamento,RJ,Teresópolis,Lily Lumière Eau de Parfum 75ml,4,329.9,145.0,Perfumaria Feminina,FRQ029,,,,,,,
VND01635,2026-06-05 20:36:27,Ecomm multi,mooz pix,RJ,Campos dos Goytacazes,Cuide-se Bem Loção Corporal Deleite 200ml,1,78.9,24.0,Cuidados e Corpo,,CLI0108,Masculino,1997-09-05,,Entregue no Prazo,,Não
VND01636,2025-06-19 13:02:48,Ecomm mono,mooz pix,SP,Santos,Cuide-se Bem Loção Corporal Deleite 200ml,4,78.9,24.0,Cuidados e Corpo,,CLI0282,Feminino,1978-12-10,,Entregue no Prazo,MAES15,Não
VND01637,2026-05-25 19:03:05,Ecomm mono,mooz pix,PR,Londrina,Floratta Red Desodorante Colônia 75ml,4,229.9,92.0,Perfumaria Feminina,,CLI0042,Feminino,1992-02-28,,Entregue no Prazo,,Sim
VND01637,2026-05-25 19:03:05,Ecomm mono,mooz pix,PR,Londrina,Lily Lumière Eau de Parfum 75ml,3,329.9,145.0,Perfumaria Feminina,,CLI0042,Feminino,1992-02-28,,Entregue no Prazo,,Sim
VND01638,2025-10-30 19:34:46,Ecomm multi,mooz cartões,RJ,Teresópolis,Malbec Desodorante Colônia 100ml,2,209.9,84.0,Perfumaria Masculina,,CLI0050,Feminino,1968-11-16,,Entregue no Prazo,BOTAO20,Sim
VND01638,2025-10-30 19:34:46,Ecomm multi,mooz cartões,RJ,Teresópolis,Botik Sérum Alta Potência Ácido Hialurônico 30ml,3,169.9,59.0,Maquiagem e Skincare,,CLI0050,Feminino,1968-11-16,,Entregue no Prazo,BOTAO20,Sim
VND01639,2024-10-11 13:58:01,Ecomm mono,mooz pix,RJ,Volta Redonda,Malbec Desodorante Colônia 100ml,3,209.9,84.0,Perfumaria Masculina,,CLI0363,Não-binário,1993-02-24,,Entregue no Prazo,MAES15,Sim
VND01640,2025-12-20 20:10:57,Ecomm mono,mooz pix,MG,Uberlândia,Malbec Desodorante Colônia 100ml,4,209.9,84.0,Perfumaria Masculina,,CLI0154,Não-binário,2002-09-18,Amei o cheiro!,Entregue com Atraso,,Não
VND01640,2025-12-20 20:10:57,Ecomm mono,mooz pix,MG,Uberlândia,Cuide-se Bem Loção Corporal Deleite 200ml,4,78.9,24.0,Cuidados e Corpo,,CLI0154,Não-binário,2002-09-18,Amei o cheiro!,Entregue com Atraso,,Não
VND01641,2024-11-04 12:50:04,Ecomm multi,mooz cartões,SP,Santo André,Malbec Desodorante Colônia 100ml,2,209.9,84.0,Perfumaria Masculina,,CLI0332,Feminino,1969-04-28,,Entregue no Prazo,,Não
VND01642,2024-12-25 12:46:53,VD,mooz cartões,PR,Londrina,Floratta Red Desodorante Colônia 75ml,4,229.9,92.0,Perfumaria Feminina,REV0098,,,,,,,
VND01643,2026-05-30 20:58:55,Ecomm multi,mooz pix,RJ,Campos dos Goytacazes,Malbec Desodorante Colônia 100ml,2,209.9,84.0,Perfumaria Masculina,,CLI0269,Masculino,1999-08-21,O produto veio quebrado.,Entregue no Prazo,,Sim
VND01644,2024-08-08 22:43:18,lojas,outros meios de pagamento,ES,Serra,Cuide-se Bem Loção Corporal Deleite 200ml,4,78.9,24.0,Cuidados e Corpo,FRQ009,,,,,,,
VND01645,2024-07-19 12:28:43,Ecomm multi,mooz cartões,MG,Ipatinga,Lily Lumière Eau de Parfum 75ml,4,329.9,145.0,Perfumaria Feminina,,CLI0366,Não-binário,1992-04-20,,Entregue no Prazo,,Sim
VND01646,2026-06-06 15:29:56,Ecomm multi,mooz cartões,PB,João Pessoa,Malbec Gold Desodorante Colônia 100ml,1,195.9,78.0,Perfumaria Masculina,,CLI0070,Não-binário,1971-05-15,Chegou super rápido.,Entregue no Prazo,,Não
VND01646,2026-06-06 15:29:56,Ecomm multi,mooz cartões,PB,João Pessoa,Make B. Base Líquida Mate Salicylic 30g,4,109.9,38.0,Maquiagem e Skincare,,CLI0070,Não-binário,1971-05-15,Chegou super rápido.,Entregue no Prazo,,Não
VND01647,2025-09-19 20:18:41,lojas,mooz pix,SP,Franca,Lily Creme Acetinado Hidratante Corporal 250g,3,149.9,45.0,Perfumaria Feminina,FRQ017,,,,,,,
VND01647,2025-09-19 20:18:41,lojas,mooz pix,SP,Franca,Malbec Desodorante Colônia 100ml,4,209.9,84.0,Perfumaria Masculina,FRQ017,,,,,,,
VND01648,2026-03-13 19:24:29,Ecomm multi,mooz pix,RJ,Duque de Caxias,Malbec Gold Desodorante Colônia 100ml,1,195.9,78.0,Perfumaria Masculina,,CLI0013,Feminino,2006-08-18,,Entregue no Prazo,MAES15,Sim
VND01649,2024-11-01 12:20:48,Ecomm multi,mooz cartões,MG,Ouro Preto,Floratta Red Desodorante Colônia 75ml,1,229.9,92.0,Perfumaria Feminina,,CLI0031,Feminino,1995-09-09,,Entregue com Atraso,,Não
VND01649,2024-11-01 12:20:48,Ecomm multi,mooz cartões,MG,Ouro Preto,Malbec Gold Desodorante Colônia 100ml,3,195.9,78.0,Perfumaria Masculina,,CLI0031,Feminino,1995-09-09,,Entregue com Atraso,,Não
VND01650,2024-06-02 15:18:46,Ecomm mono,mooz pix,MT,Cuiabá,Malbec Desodorante Colônia 100ml,2,209.9,84.0,Perfumaria Masculina,,CLI0269,Masculino,1999-08-21,,Entregue no Prazo,,Não
VND01651,2026-01-24 20:03:47,lojas,mooz pix,PE,Caruaru,Botik Sérum Alta Potência Ácido Hialurônico 30ml,4,169.9,59.0,Maquiagem e Skincare,FRQ027,,,,,,,
VND01652,2024-03-23 08:06:43,Ecomm mono,mooz cartões,PR,Paranaguá,Malbec Desodorante Colônia 100ml,4,209.9,84.0,Perfumaria Masculina,,CLI0142,Feminino,1992-08-26,,Entregue no Prazo,,Não
VND01653,2025-12-30 12:25:21,Ecomm mono,mooz cartões,RJ,Macaé,Lily Lumière Eau de Parfum 75ml,2,329.9,145.0,Perfumaria Feminina,,CLI0329,Masculino,1993-09-09,,Entregue com Atraso,QUERO10,Sim
VND01654,2024-11-19 20:30:43,lojas,outros meios de pagamento,SP,Santo André,Lily Lumière Eau de Parfum 75ml,1,329.9,145.0,Perfumaria Feminina,FRQ014,,,,,,,
VND01655,2024-12-29 12:56:05,Ecomm multi,mooz pix,RJ,Rio de Janeiro,Floratta Red Desodorante Colônia 75ml,3,229.9,92.0,Perfumaria Feminina,,CLI0158,Feminino,2000-05-25,Amei o cheiro!,Entregue com Atraso,,Não
VND01656,2025-04-11 22:19:52,lojas,mooz cartões,SP,Ribeirão Preto,Lily Creme Acetinado Hidratante Corporal 250g,1,149.9,45.0,Perfumaria Feminina,FRQ011,,,,,,,
VND01656,2025-04-11 22:19:52,lojas,mooz cartões,SP,Ribeirão Preto,Malbec Gold Desodorante Colônia 100ml,2,195.9,78.0,Perfumaria Masculina,FRQ011,,,,,,,
VND01657,2026-05-08 13:05:34,Ecomm multi,mooz pix,CE,Juazeiro No Norte,Make B. Base Líquida Mate Salicylic 30g,2,,38.0,Maquiagem e Skincare,,CLI0255,Feminino,1987-12-11,Amei o cheiro!,Entregue no Prazo,,Não
VND01658,2024-12-29 12:12:17,Ecomm multi,mooz pix,CE,Sobral,Make B. Base Líquida Mate Salicylic 30g,4,109.9,38.0,Maquiagem e Skincare,,CLI0041,Feminino,2006-12-09,,Entregue com Atraso,,Sim
VND01659,2024-12-01 13:39:51,VD,outros meios de pagamento,SP,Santo André,Lily Lumière Eau de Parfum 75ml,1,329.9,145.0,Perfumaria Feminina,REV0039,,,,,,,
VND01659,2024-12-01 13:39:51,VD,outros meios de pagamento,SP,Santo André,Make B. Base Líquida Mate Salicylic 30g,4,109.9,38.0,Maquiagem e Skincare,REV0039,,,,,,,
VND01660,2024-12-19 12:11:13,lojas,mooz cartões,RJ,Cabo Frio,Make B. Base Líquida Mate Salicylic 30g,1,109.9,38.0,Maquiagem e Skincare,FRQ008,,,,,,,
VND01661,2026-01-19 13:12:34,VD,mooz pix,SP,Franca,Lily Creme Acetinado Hidratante Corporal 250g,2,149.9,45.0,Perfumaria Feminina,REV0050,,,,,,,
VND01662,2024-06-09 13:38:56,Ecomm mono,mooz pix,MT,Rondonópolis,Lily Creme Acetinado Hidratante Corporal 250g,3,149.9,45.0,Perfumaria Feminina,,CLI0124,Feminino,1967-05-06,,Entregue no Prazo,,Não
VND01663,2024-07-16 22:05:18,Ecomm multi,mooz cartões,RJ,Nova Iguaçu,Lily Creme Acetinado Hidratante Corporal 250g,1,149.9,45.0,Perfumaria Feminina,,CLI0128,Feminino,1984-10-07,Amei o cheiro!,Entregue no Prazo,,Sim
VND01664,2024-11-24 13:12:03,Ecomm mono,mooz pix,SP,São Paulo,Cuide-se Bem Loção Corporal Deleite 200ml,3,78.9,24.0,Cuidados e Corpo,,CLI0273,Feminino,2005-03-10,Suporte não responde.,Entregue no Prazo,,Não
VND01664,2024-11-24 13:12:03,Ecomm mono,mooz pix,SP,São Paulo,Malbec Desodorante Colônia 100ml,4,209.9,84.0,Perfumaria Masculina,,CLI0273,Feminino,2005-03-10,Suporte não responde.,Entregue no Prazo,,Não
VND01665,2024-11-08 19:56:19,VD,outros meios de pagamento,RS,Santa Maria,Make B. Base Líquida Mate Salicylic 30g,2,109.9,38.0,Maquiagem e Skincare,REV0024,,,,,,,
VND01665,2024-11-08 19:56:19,VD,outros meios de pagamento,RS,Santa Maria,Lily Creme Acetinado Hidratante Corporal 250g,3,149.9,45.0,Perfumaria Feminina,REV0024,,,,,,,
VND01666,2025-12-01 20:39:58,VD,mooz cartões,MG,Uberaba,Lily Lumière Eau de Parfum 75ml,4,329.9,145.0,Perfumaria Feminina,REV0014,,,,,,,
VND01666,2025-12-01 20:39:58,VD,mooz cartões,MG,Uberaba,Malbec Desodorante Colônia 100ml,1,209.9,84.0,Perfumaria Masculina,REV0014,,,,,,,
VND01667,2025-12-20 12:40:08,lojas,outros meios de pagamento,MG,Contagem,Malbec Desodorante Colônia 100ml,2,209.9,84.0,Perfumaria Masculina,FRQ005,,,,,,,
VND01667,2025-12-20 12:40:08,lojas,outros meios de pagamento,MG,Contagem,Shampoo Match Escudo De Hidratação 300ml,2,47.9,14.0,Cabelos,FRQ005,,,,,,,
VND01668,2025-05-26 12:40:25,lojas,outros meios de pagamento,ES,Vila Velha,Lily Lumière Eau de Parfum 75ml,4,329.9,145.0,Perfumaria Feminina,FRQ027,,,,,,,
VND01668,2025-05-26 12:40:25,lojas,outros meios de pagamento,ES,Vila Velha,Botik Sérum Alta Potência Ácido Hialurônico 30ml,2,169.9,59.0,Maquiagem e Skincare,FRQ027,,,,,,,
VND01669,2025-05-23 19:59:45,VD,outros meios de pagamento,SP,SP - São Paulo,Lily Lumière Eau de Parfum 75ml,3,329.9,145.0,Perfumaria Feminina,REV0030,,,,,,,
VND01670,2026-02-17 20:40:29,VD,outros meios de pagamento,AP,Macapá,Lily Creme Acetinado Hidratante Corporal 250g,4,149.9,45.0,Perfumaria Feminina,REV0021,,,,,,,
VND01671,2024-05-11 13:12:35,Ecomm multi,mooz cartões,MT,Cuiabá,Floratta Red Desodorante Colônia 75ml,1,229.9,92.0,Perfumaria Feminina,,CLI0313,Feminino,1964-08-12,O produto veio quebrado.,Entregue com Atraso,,Sim
VND01672,2025-06-12 13:51:24,VD,mooz pix,SP,Santo André,Lily Creme Acetinado Hidratante Corporal 250g,2,149.9,45.0,Perfumaria Feminina,REV0004,,,,,,,
VND01673,2026-05-17 13:30:16,Ecomm multi,mooz pix,RS,Santa Maria,Malbec Desodorante Colônia 100ml,3,209.9,84.0,Perfumaria Masculina,,CLI0311,Masculino,2002-01-26,,Entregue no Prazo,QUERO10,Não
VND01673,2026-05-17 13:30:16,Ecomm multi,mooz pix,RS,Santa Maria,Shampoo Match Escudo De Hidratação 300ml,3,47.9,14.0,Cabelos,,CLI0311,Masculino,2002-01-26,,Entregue no Prazo,QUERO10,Não
VND01674,2024-12-03 12:22:27,lojas,mooz cartões,MG,Divinópolis,Malbec Desodorante Colônia 100ml,4,209.9,84.0,Perfumaria Masculina,FRQ018,,,,,,,
VND01675,2024-08-31 15:24:42,VD,mooz pix,SC,Joinville,Floratta Red Desodorante Colônia 75ml,1,229.9,92.0,Perfumaria Feminina,REV0018,,,,,,,
VND01675,2024-08-31 15:24:42,VD,mooz pix,SC,Joinville,Shampoo Match Escudo De Hidratação 300ml,2,47.9,14.0,Cabelos,REV0018,,,,,,,
VND01676,2025-09-22 19:32:01,lojas,mooz pix,PB,João Pessoa,Cuide-se Bem Loção Corporal Deleite 200ml,3,78.9,24.0,Cuidados e Corpo,FRQ025,,,,,,,
VND01676,2025-09-22 19:32:01,lojas,mooz pix,PB,João Pessoa,Make B. Base Líquida Mate Salicylic 30g,3,109.9,38.0,Maquiagem e Skincare,FRQ025,,,,,,,
VND01677,2024-05-04 19:51:36,VD,mooz pix,SP,Ribeirão Preto,Lily Lumière Eau de Parfum 75ml,2,329.9,145.0,Perfumaria Feminina,REV0040,,,,,,,
VND01678,2026-06-22 12:47:26,Ecomm multi,mooz cartões,ES,Serra,Floratta Red Desodorante Colônia 75ml,1,229.9,92.0,Perfumaria Feminina,,CLI0029,Feminino,2001-08-13,Melhor creme da vida.,Entregue no Prazo,BOTAO20,Sim
VND01678,2026-06-22 12:47:26,Ecomm multi,mooz cartões,ES,Serra,Malbec Desodorante Colônia 100ml,4,209.9,84.0,Perfumaria Masculina,,CLI0029,Feminino,2001-08-13,Melhor creme da vida.,Entregue no Prazo,BOTAO20,Sim
VND01679,2024-12-05 12:42:09,lojas,mooz pix,MG,Divinópolis,Botik Sérum Alta Potência Ácido Hialurônico 30ml,2,169.9,59.0,Maquiagem e Skincare,FRQ022,,,,,,,
VND01680,2024-06-06 13:13:02,Ecomm multi,mooz pix,RJ,Volta Redonda,Floratta Red Desodorante Colônia 75ml,4,229.9,92.0,Perfumaria Feminina,,CLI0275,Feminino,1967-08-04,Melhor creme da vida.,Entregue no Prazo,,Não
VND01681,2025-05-29 13:25:17,Ecomm mono,mooz cartões,RJ,Angra dos Reis,Botik Sérum Alta Potência Ácido Hialurônico 30ml,3,169.9,59.0,Maquiagem e Skincare,,CLI0138,Masculino,1985-09-27,Melhor creme da vida.,Entregue com Atraso,,Não
VND01682,2025-12-01 12:21:38,lojas,outros meios de pagamento,RJ,Nova Friburgo,Malbec Desodorante Colônia 100ml,4,209.9,84.0,Perfumaria Masculina,FRQ020,,,,,,,
VND01683,2024-06-09 12:20:48,VD,outros meios de pagamento,SC,Florianópolis,Lily Creme Acetinado Hidratante Corporal 250g,3,149.9,45.0,Perfumaria Feminina,REV0079,,,,,,,
VND01683,2024-06-09 12:20:48,VD,outros meios de pagamento,SC,Florianópolis,Malbec Desodorante Colônia 100ml,4,209.9,84.0,Perfumaria Masculina,REV0079,,,,,,,
VND01684,2024-11-21 19:22:49,Ecomm multi,mooz pix,SP,São Carlos,Shampoo Match Escudo De Hidratação 300ml,1,47.9,14.0,Cabelos,,CLI0058,Feminino,2005-11-02,,Entregue no Prazo,BOTAO20,Sim
VND01685,2026-05-07 20:48:47,Ecomm mono,mooz pix,MT,Rondonópolis,Floratta Red Desodorante Colônia 75ml,2,229.9,92.0,Perfumaria Feminina,,CLI0328,Feminino,1972-03-26,O produto veio quebrado.,Entregue com Atraso,BOTAO20,Não
VND01685,2026-05-07 20:48:47,Ecomm mono,mooz pix,MT,Rondonópolis,Malbec Desodorante Colônia 100ml,1,209.9,84.0,Perfumaria Masculina,,CLI0328,Feminino,1972-03-26,O produto veio quebrado.,Entregue com Atraso,BOTAO20,Não
VND01686,2024-10-08 20:13:12,Ecomm mono,mooz cartões,PE,Recife,Lily Lumière Eau de Parfum 75ml,4,329.9,145.0,Perfumaria Feminina,,CLI0171,Não-binário,1991-01-13,,Entregue no Prazo,BOTAO20,Não
VND01687,2024-12-20 12:17:26,VD,mooz pix,PE,Olinda,Cuide-se Bem Loção Corporal Deleite 200ml,1,78.9,24.0,Cuidados e Corpo,REV0075,,,,,,,
VND01688,2025-05-22 22:40:21,lojas,mooz pix,SP,São Carlos,Malbec Desodorante Colônia 100ml,1,209.9,84.0,Perfumaria Masculina,FRQ023,,,,,,,
VND01689,2025-12-08 12:33:52,Ecomm mono,mooz pix,BA,Porto Seguro,Malbec Desodorante Colônia 100ml,1,209.9,84.0,Perfumaria Masculina,,CLI0379,Não-binário,1980-11-09,Melhor creme da vida.,Entregue com Atraso,,Sim
VND01690,2025-11-03 22:15:55,VD,outros meios de pagamento,SP,São José dos Campos,Shampoo Match Escudo De Hidratação 300ml,2,47.9,14.0,Cabelos,REV0059,,,,,,,
VND01691,2024-06-11 13:26:16,lojas,outros meios de pagamento,PE,Caruaru,Malbec Gold Desodorante Colônia 100ml,3,195.9,78.0,Perfumaria Masculina,FRQ013,,,,,,,
VND01692,2025-02-08 15:35:39,VD,mooz pix,DF,Brasilia,Malbec Desodorante Colônia 100ml,4,209.9,84.0,Perfumaria Masculina,REV0078,,,,,,,
VND01692,2025-02-08 15:35:39,VD,mooz pix,DF,Brasilia,Lily Creme Acetinado Hidratante Corporal 250g,3,149.9,45.0,Perfumaria Feminina,REV0078,,,,,,,
VND01693,2026-03-10 20:13:43,VD,mooz pix,GO,Rio Verde,Lily Creme Acetinado Hidratante Corporal 250g,2,149.9,45.0,Perfumaria Feminina,REV0080,,,,,,,
VND01693,2026-03-10 20:13:43,VD,mooz pix,GO,Rio Verde,Floratta Red Desodorante Colônia 75ml,4,229.9,92.0,Perfumaria Feminina,REV0080,,,,,,,
VND01694,2025-05-07 12:20:19,Ecomm mono,mooz cartões,BA,Vitória da Conquista,Malbec Desodorante Colônia 100ml,2,209.9,84.0,Perfumaria Masculina,,CLI0114,Feminino,1971-12-11,,Entregue com Atraso,,Não
VND01695,2026-01-13 19:37:17,VD,mooz pix,SP,Mauá,Lily Lumière Eau de Parfum 75ml,1,329.9,145.0,Perfumaria Feminina,REV0089,,,,,,,
VND01696,2025-04-22 19:03:42,VD,mooz cartões,SP,Campinas,Lily Creme Acetinado Hidratante Corporal 250g,4,149.9,45.0,Perfumaria Feminina,REV0043,,,,,,,
VND01696,2025-04-22 19:03:42,VD,mooz cartões,SP,Campinas,Malbec Gold Desodorante Colônia 100ml,3,195.9,78.0,Perfumaria Masculina,REV0043,,,,,,,
VND01697,2025-11-06 19:34:30,lojas,mooz cartões,ES,Vila Velha,Malbec Desodorante Colônia 100ml,3,209.9,84.0,Perfumaria Masculina,FRQ012,,,,,,,
VND01698,2024-04-16 20:17:41,Ecomm multi,mooz pix,RS,Porto Alegre,Malbec Desodorante Colônia 100ml,3,209.9,84.0,Perfumaria Masculina,,CLI0202,Não-binário,1989-07-27,Melhor creme da vida.,Entregue no Prazo,,Não
VND01699,2026-05-31 20:23:23,Ecomm mono,mooz cartões,AM,Itacoatiara,Malbec Gold Desodorante Colônia 100ml,1,195.9,78.0,Perfumaria Masculina,,CLI0384,Masculino,2002-02-14,,Entregue com Atraso,,Não
VND01700,2025-02-16 12:50:57,Ecomm mono,mooz cartões,ES,Vitória,Malbec Gold Desodorante Colônia 100ml,3,195.9,78.0,Perfumaria Masculina,,CLI0211,Não-binário,1991-09-25,Amei o cheiro!,Entregue no Prazo,,Sim
VND01700,2025-02-16 12:50:57,Ecomm mono,mooz cartões,ES,Vitória,Floratta Red Desodorante Colônia 75ml,4,229.9,92.0,Perfumaria Feminina,,CLI0211,Não-binário,1991-09-25,Amei o cheiro!,Entregue no Prazo,,Sim
VND01701,2024-04-08 19:31:42,Ecomm multi,mooz cartões,RJ,Duque de Caxias,Lily Lumière Eau de Parfum 75ml,2,329.9,145.0,Perfumaria Feminina,,CLI0064,Não-binário,1972-02-04,Melhor creme da vida.,Entregue no Prazo,,Não
VND01702,2024-05-05 12:12:38,Ecomm multi,mooz cartões,SP,Sâo Paulo,Malbec Desodorante Colônia 100ml,4,209.9,84.0,Perfumaria Masculina,,CLI0316,Não-binário,1990-02-08,,Entregue no Prazo,,Não
VND01703,2025-10-23 20:02:31,Ecomm multi,mooz cartões,MS,Dourados,Malbec Gold Desodorante Colônia 100ml,3,195.9,78.0,Perfumaria Masculina,,CLI0161,Feminino,1977-06-11,Melhor creme da vida.,Entregue no Prazo,,Não
VND01704,2026-03-10 19:35:49,Ecomm multi,mooz pix,MA,Imperatriz,Cuide-se Bem Loção Corporal Deleite 200ml,3,78.9,24.0,Cuidados e Corpo,,CLI0347,Não-binário,1999-07-09,Amei o cheiro!,Entregue no Prazo,MAES15,Não
VND01705,2025-04-10 12:34:34,lojas,mooz pix,PR,Londrina,Lily Creme Acetinado Hidratante Corporal 250g,1,149.9,45.0,Perfumaria Feminina,FRQ007,,,,,,,
VND01706,2025-09-18 19:17:12,VD,outros meios de pagamento,SP,São José dos Campos,Malbec Desodorante Colônia 100ml,3,209.9,84.0,Perfumaria Masculina,REV0040,,,,,,,
VND01707,2024-08-20 20:54:43,lojas,mooz pix,RJ,Angra dos Reis,Malbec Gold Desodorante Colônia 100ml,4,195.9,78.0,Perfumaria Masculina,FRQ023,,,,,,,
VND01707,2024-08-20 20:54:43,lojas,mooz pix,RJ,Angra dos Reis,Make B. Base Líquida Mate Salicylic 30g,3,109.9,38.0,Maquiagem e Skincare,FRQ023,,,,,,,
VND01708,2024-01-23 20:49:54,VD,outros meios de pagamento,SP,São Paulo,Malbec Desodorante Colônia 100ml,3,209.9,84.0,Perfumaria Masculina,REV0087,,,,,,,
VND01708,2024-01-23 20:49:54,VD,outros meios de pagamento,SP,São Paulo,Make B. Base Líquida Mate Salicylic 30g,3,109.9,38.0,Maquiagem e Skincare,REV0087,,,,,,,
VND01709,2024-06-06 19:01:32,lojas,mooz pix,MG,Juiz de Fora,Lily Lumière Eau de Parfum 75ml,4,329.9,145.0,Perfumaria Feminina,FRQ022,,,,,,,
VND01710,2026-03-30 13:56:32,Ecomm multi,mooz pix,BA,Camaçari,Malbec Desodorante Colônia 100ml,2,209.9,84.0,Perfumaria Masculina,,CLI0054,Masculino,1988-09-15,,Entregue no Prazo,,Não
VND01711,2024-11-09 12:48:48,Ecomm mono,mooz pix,MG,Contagem,Malbec Gold Desodorante Colônia 100ml,3,195.9,78.0,Perfumaria Masculina,,CLI0323,Masculino,2003-12-25,,Entregue com Atraso,MAES15,Não
VND01711,2024-11-09 12:48:48,Ecomm mono,mooz pix,MG,Contagem,Make B. Base Líquida Mate Salicylic 30g,1,109.9,38.0,Maquiagem e Skincare,,CLI0323,Masculino,2003-12-25,,Entregue com Atraso,MAES15,Não
VND01712,2025-12-05 20:54:48,Ecomm mono,mooz cartões,SP,Ribeirão Preto,Malbec Desodorante Colônia 100ml,1,209.9,84.0,Perfumaria Masculina,,CLI0196,Não-binário,2002-06-03,,Entregue no Prazo,,Sim
VND01713,2024-03-23 20:42:08,lojas,mooz cartões,SP,Campinas,Malbec Gold Desodorante Colônia 100ml,2,195.9,78.0,Perfumaria Masculina,FRQ009,,,,,,,
VND01713,2024-03-23 20:42:08,lojas,mooz cartões,SP,Campinas,Lily Lumière Eau de Parfum 75ml,1,329.9,145.0,Perfumaria Feminina,FRQ009,,,,,,,
VND01714,2024-04-23 20:10:34,lojas,mooz pix,SP,SP - São Paulo,Lily Creme Acetinado Hidratante Corporal 250g,4,149.9,45.0,Perfumaria Feminina,FRQ016,,,,,,,
VND01715,2025-03-21 19:34:15,Ecomm multi,mooz pix,MG,Juiz de Fora,Malbec Desodorante Colônia 100ml,1,209.9,84.0,Perfumaria Masculina,,CLI0380,Masculino,1969-11-16,Melhor creme da vida.,Entregue no Prazo,,Não
VND01715,2025-03-21 19:34:15,Ecomm multi,mooz pix,MG,Juiz de Fora,Shampoo Match Escudo De Hidratação 300ml,1,47.9,14.0,Cabelos,,CLI0380,Masculino,1969-11-16,Melhor creme da vida.,Entregue no Prazo,,Não
VND01716,2025-11-03 20:32:24,lojas,mooz cartões,MG,Ouro Preto,Floratta Red Desodorante Colônia 75ml,3,229.9,92.0,Perfumaria Feminina,FRQ029,,,,,,,
VND01716,2025-11-03 20:32:24,lojas,mooz cartões,MG,Ouro Preto,Lily Creme Acetinado Hidratante Corporal 250g,3,149.9,45.0,Perfumaria Feminina,FRQ029,,,,,,,
VND01717,2025-04-23 12:37:39,VD,mooz pix,PR,Curitiba,Lily Lumière Eau de Parfum 75ml,2,329.9,145.0,Perfumaria Feminina,REV0042,,,,,,,
VND01717,2025-04-23 12:37:39,VD,mooz pix,PR,Curitiba,Floratta Red Desodorante Colônia 75ml,3,229.9,92.0,Perfumaria Feminina,REV0042,,,,,,,
VND01718,2025-08-05 13:36:46,Ecomm multi,mooz cartões,MT,Cuiabá,Malbec Desodorante Colônia 100ml,4,209.9,84.0,Perfumaria Masculina,,CLI0153,Feminino,1989-03-26,Amei o cheiro!,Entregue no Prazo,,Não
VND01719,2024-05-06 13:47:55,Ecomm mono,mooz cartões,SC,Joinville,Lily Creme Acetinado Hidratante Corporal 250g,1,149.9,45.0,Perfumaria Feminina,,CLI0204,Feminino,1977-08-08,,Entregue no Prazo,,Não
VND01720,2024-09-09 08:15:40,Ecomm multi,mooz cartões,SP,Bauru,Make B. Base Líquida Mate Salicylic 30g,1,109.9,38.0,Maquiagem e Skincare,,CLI0175,Feminino,1985-10-19,,Entregue no Prazo,QUERO10,Sim
VND01721,2025-06-06 08:50:17,VD,mooz cartões,RS,Passo Fundo,Cuide-se Bem Loção Corporal Deleite 200ml,3,78.9,24.0,Cuidados e Corpo,REV0078,,,,,,,
VND01722,2024-11-01 12:53:39,VD,mooz cartões,CE,Juazeiro No Norte,Malbec Gold Desodorante Colônia 100ml,3,195.9,78.0,Perfumaria Masculina,REV0047,,,,,,,
VND01723,2025-05-06 12:58:16,Ecomm multi,mooz cartões,SP,Bauru,Malbec Desodorante Colônia 100ml,1,209.9,84.0,Perfumaria Masculina,,CLI0354,Feminino,1963-06-08,Amei o cheiro!,Entregue no Prazo,,Não
VND01724,2025-07-10 13:05:36,Ecomm mono,mooz pix,SP,Santo André,Lily Lumière Eau de Parfum 75ml,3,329.9,145.0,Perfumaria Feminina,,CLI0326,Masculino,2006-03-03,,Entregue no Prazo,,Não
VND01725,2025-05-19 13:31:44,VD,mooz cartões,SP,São Paulo,Cuide-se Bem Loção Corporal Deleite 200ml,3,78.9,24.0,Cuidados e Corpo,REV0065,,,,,,,
VND01726,2025-12-16 08:21:05,Ecomm multi,mooz pix,SC,Criciúma,Cuide-se Bem Loção Corporal Deleite 200ml,1,78.9,24.0,Cuidados e Corpo,,CLI0119,Não-binário,1982-05-27,,Entregue no Prazo,MAES15,Sim
VND01727,2026-05-28 12:24:17,lojas,mooz pix,SP,Sorocaba,Malbec Gold Desodorante Colônia 100ml,4,195.9,78.0,Perfumaria Masculina,FRQ021,,,,,,,
VND01727,2026-05-28 12:24:17,lojas,mooz pix,SP,Sorocaba,Shampoo Match Escudo De Hidratação 300ml,2,47.9,14.0,Cabelos,FRQ021,,,,,,,
VND01728,2024-08-21 12:16:37,Ecomm multi,mooz pix,SP,Sorocaba,Make B. Base Líquida Mate Salicylic 30g,3,109.9,38.0,Maquiagem e Skincare,,CLI0387,Masculino,1966-10-17,,Entregue no Prazo,MAES15,Sim
VND01729,2025-08-23 19:55:28,lojas,mooz cartões,SP,Santo André,Lily Lumière Eau de Parfum 75ml,3,329.9,145.0,Perfumaria Feminina,FRQ003,,,,,,,
VND01730,2024-06-15 19:29:38,Ecomm mono,mooz pix,PR,Paranaguá,Cuide-se Bem Loção Corporal Deleite 200ml,4,78.9,24.0,Cuidados e Corpo,,CLI0212,Feminino,2004-08-21,Amei o cheiro!,Entregue no Prazo,BOTAO20,Sim
VND01731,2024-06-02 13:50:29,lojas,mooz cartões,RS,Pelotas,Malbec Desodorante Colônia 100ml,3,209.9,84.0,Perfumaria Masculina,FRQ022,,,,,,,
VND01731,2024-06-02 13:50:29,lojas,mooz cartões,RS,Pelotas,Lily Creme Acetinado Hidratante Corporal 250g,1,149.9,45.0,Perfumaria Feminina,FRQ022,,,,,,,
VND01732,2025-08-16 13:32:16,Ecomm multi,mooz pix,MG,Uberaba,Cuide-se Bem Loção Corporal Deleite 200ml,4,78.9,24.0,Cuidados e Corpo,,CLI0006,Feminino,1995-04-23,Chegou super rápido.,Entregue no Prazo,,Sim
VND01732,2025-08-16 13:32:16,Ecomm multi,mooz pix,MG,Uberaba,Malbec Desodorante Colônia 100ml,4,209.9,84.0,Perfumaria Masculina,,CLI0006,Feminino,1995-04-23,Chegou super rápido.,Entregue no Prazo,,Sim
VND01733,2025-05-02 20:49:55,Ecomm multi,mooz pix,BA,Porto Seguro,Cuide-se Bem Loção Corporal Deleite 200ml,2,78.9,24.0,Cuidados e Corpo,,CLI0225,Feminino,1983-03-10,Chegou super rápido.,Entregue com Atraso,BOTAO20,Sim
VND01734,2025-08-26 20:47:51,Ecomm multi,mooz cartões,RJ,Teresópolis,Malbec Desodorante Colônia 100ml,4,209.9,84.0,Perfumaria Masculina,,CLI0044,Feminino,1969-06-25,,Entregue no Prazo,,Não
VND01735,2024-10-21 19:14:12,lojas,mooz cartões,SC,Joinville,Malbec Gold Desodorante Colônia 100ml,2,195.9,78.0,Perfumaria Masculina,FRQ007,,,,,,,
VND01735,2024-10-21 19:14:12,lojas,mooz cartões,SC,Joinville,Lily Lumière Eau de Parfum 75ml,4,329.9,145.0,Perfumaria Feminina,FRQ007,,,,,,,
VND01736,2026-06-29 20:54:24,Ecomm mono,mooz cartões,DF,Brasília,Cuide-se Bem Loção Corporal Deleite 200ml,3,78.9,24.0,Cuidados e Corpo,,CLI0177,Feminino,1989-03-02,Melhor creme da vida.,Entregue no Prazo,,Não
VND01736,2026-06-29 20:54:24,Ecomm mono,mooz cartões,DF,Brasília,Shampoo Match Escudo De Hidratação 300ml,1,47.9,14.0,Cabelos,,CLI0177,Feminino,1989-03-02,Melhor creme da vida.,Entregue no Prazo,,Não
VND01737,2024-12-17 12:45:53,VD,mooz cartões,SP,Bauru,Cuide-se Bem Loção Corporal Deleite 200ml,3,78.9,24.0,Cuidados e Corpo,REV0049,,,,,,,
VND01738,2024-12-14 20:07:37,VD,mooz pix,CE,Fortaleza,Lily Creme Acetinado Hidratante Corporal 250g,2,149.9,45.0,Perfumaria Feminina,REV0047,,,,,,,
VND01739,2025-11-26 12:14:46,lojas,mooz cartões,RJ,Niterói,Malbec Desodorante Colônia 100ml,1,209.9,84.0,Perfumaria Masculina,FRQ008,,,,,,,
VND01740,2025-11-08 13:51:30,Ecomm multi,mooz cartões,SC,Criciúma,Shampoo Match Escudo De Hidratação 300ml,4,47.9,14.0,Cabelos,,CLI0255,Feminino,1987-12-11,Suporte não responde.,Entregue no Prazo,,Sim
VND01740,2025-11-08 13:51:30,Ecomm multi,mooz cartões,SC,Criciúma,Lily Creme Acetinado Hidratante Corporal 250g,4,149.9,45.0,Perfumaria Feminina,,CLI0255,Feminino,1987-12-11,Suporte não responde.,Entregue no Prazo,,Sim
VND01741,2025-08-14 19:19:07,Ecomm multi,mooz cartões,SP,Ribeirão Preto,Malbec Desodorante Colônia 100ml,2000,209.9,84.0,Perfumaria Masculina,,CLI0100,Masculino,1973-11-21,,Entregue no Prazo,,Não
VND01742,2024-02-12 22:31:19,Ecomm mono,mooz cartões,BA,Feira de Santana,Malbec Desodorante Colônia 100ml,1,209.9,84.0,Perfumaria Masculina,,CLI0011,Não-binário,1966-06-28,,Entregue no Prazo,,Não
VND01742,2024-02-12 22:31:19,Ecomm mono,mooz cartões,BA,Feira de Santana,Make B. Base Líquida Mate Salicylic 30g,3,109.9,38.0,Maquiagem e Skincare,,CLI0011,Não-binário,1966-06-28,,Entregue no Prazo,,Não
VND01743,2024-10-05 13:17:33,Ecomm multi,mooz cartões,SP,Jundiaí,Make B. Base Líquida Mate Salicylic 30g,4,109.9,38.0,Maquiagem e Skincare,,CLI0357,Feminino,1981-03-26,Amei o cheiro!,Entregue no Prazo,,Não
VND01744,2026-01-27 12:06:22,lojas,mooz pix,SP,Jundiaí,Make B. Base Líquida Mate Salicylic 30g,3,109.9,38.0,Maquiagem e Skincare,FRQ022,,,,,,,
VND01744,2026-01-27 12:06:22,lojas,mooz pix,SP,Jundiaí,Malbec Desodorante Colônia 100ml,4,209.9,84.0,Perfumaria Masculina,FRQ022,,,,,,,
VND01745,2024-12-15 12:34:59,lojas,mooz cartões,ES,Vitória,Make B. Base Líquida Mate Salicylic 30g,4,109.9,38.0,Maquiagem e Skincare,FRQ019,,,,,,,
VND01746,2024-08-09 19:45:41,VD,mooz pix,AC,Rio Branco,Floratta Red Desodorante Colônia 75ml,2,229.9,92.0,Perfumaria Feminina,REV0012,,,,,,,
VND01747,2025-06-28 12:45:06,Ecomm multi,mooz cartões,TO,Palmas,Malbec Desodorante Colônia 100ml,4,209.9,84.0,Perfumaria Masculina,,CLI0187,Feminino,1989-12-09,,Entregue no Prazo,,Não
VND01748,2024-12-24 19:08:02,VD,outros meios de pagamento,SP,Santos,Malbec Desodorante Colônia 100ml,2,209.9,84.0,Perfumaria Masculina,REV0071,,,,,,,
VND01748,2024-12-24 19:08:02,VD,outros meios de pagamento,SP,Santos,Floratta Red Desodorante Colônia 75ml,4,229.9,92.0,Perfumaria Feminina,REV0071,,,,,,,
VND01749,2026-05-01 20:41:54,lojas,mooz pix,ES,Serra,Botik Sérum Alta Potência Ácido Hialurônico 30ml,1,169.9,59.0,Maquiagem e Skincare,FRQ011,,,,,,,
VND01749,2026-05-01 20:41:54,lojas,mooz pix,ES,Serra,Malbec Desodorante Colônia 100ml,3,209.9,84.0,Perfumaria Masculina,FRQ011,,,,,,,
VND01750,2026-04-10 13:27:53,lojas,outros meios de pagamento,SP,Jundiaí,Malbec Desodorante Colônia 100ml,2,209.9,84.0,Perfumaria Masculina,FRQ015,,,,,,,
VND01751,2024-11-02 13:29:52,lojas,outros meios de pagamento,BA,Porto Seguro,Make B. Base Líquida Mate Salicylic 30g,1,109.9,38.0,Maquiagem e Skincare,FRQ006,,,,,,,
VND01752,2025-07-12 22:04:11,Ecomm mono,mooz pix,SP,Piracicaba,Lily Creme Acetinado Hidratante Corporal 250g,4,149.9,45.0,Perfumaria Feminina,,CLI0231,Masculino,1971-01-09,,Entregue no Prazo,,Não
VND01752,2025-07-12 22:04:11,Ecomm mono,mooz pix,SP,Piracicaba,Malbec Desodorante Colônia 100ml,3,209.9,84.0,Perfumaria Masculina,,CLI0231,Masculino,1971-01-09,,Entregue no Prazo,,Não
VND01753,2024-11-09 08:56:21,Ecomm mono,mooz pix,PR,Paranaguá,Lily Creme Acetinado Hidratante Corporal 250g,3,149.9,45.0,Perfumaria Feminina,,CLI0085,Feminino,1997-10-02,Chegou super rápido.,Entregue no Prazo,,Sim
VND01754,2025-10-25 13:10:39,VD,mooz cartões,SC,Blumenau,Lily Creme Acetinado Hidratante Corporal 250g,3,149.9,45.0,Perfumaria Feminina,REV0069,,,,,,,
VND01754,2025-10-25 13:10:39,VD,mooz cartões,SC,Blumenau,Botik Sérum Alta Potência Ácido Hialurônico 30ml,4,169.9,59.0,Maquiagem e Skincare,REV0069,,,,,,,
VND01755,2025-10-03 12:03:36,Ecomm mono,mooz cartões,RJ,Cabo Frio,Lily Lumière Eau de Parfum 75ml,3,329.9,145.0,Perfumaria Feminina,,CLI0034,Feminino,1963-02-05,,Entregue no Prazo,,Não
VND01756,2026-05-03 13:23:16,lojas,mooz cartões,SC,Joinville,Make B. Base Líquida Mate Salicylic 30g,1,109.9,38.0,Maquiagem e Skincare,FRQ014,,,,,,,
VND01756,2026-05-03 13:23:16,lojas,mooz cartões,SC,Joinville,Cuide-se Bem Loção Corporal Deleite 200ml,1,78.9,24.0,Cuidados e Corpo,FRQ014,,,,,,,
VND01757,2025-11-26 08:29:15,VD,outros meios de pagamento,MG,Uberlândia,Shampoo Match Escudo De Hidratação 300ml,2,47.9,14.0,Cabelos,REV0097,,,,,,,
VND01758,2024-03-08 13:55:21,Ecomm multi,mooz cartões,RJ,Rio de Janeiro,Lily Creme Acetinado Hidratante Corporal 250g,3,149.9,45.0,Perfumaria Feminina,,CLI0268,Não-binário,1986-01-07,Chegou super rápido.,Entregue no Prazo,,Não
VND01759,2025-10-14 13:50:48,Ecomm mono,mooz pix,PA,Santarém,Malbec Desodorante Colônia 100ml,2,209.9,84.0,Perfumaria Masculina,,CLI0213,Não-binário,1988-01-03,,Entregue no Prazo,,Não
VND01760,2024-06-19 19:58:10,Ecomm mono,mooz pix,SP,Piracicaba,Lily Creme Acetinado Hidratante Corporal 250g,1,149.9,45.0,Perfumaria Feminina,,CLI0400,Masculino,1996-10-03,,Entregue no Prazo,BOTAO20,Sim
VND01761,2026-05-12 19:04:55,Ecomm mono,mooz pix,RJ,Petrópolis,Cuide-se Bem Loção Corporal Deleite 200ml,1,78.9,24.0,Cuidados e Corpo,,CLI0232,Não-binário,1967-02-13,,Entregue com Atraso,,Não
VND01762,2024-10-17 13:15:07,Ecomm multi,mooz pix,SP,Mogi das Cruzes,Cuide-se Bem Loção Corporal Deleite 200ml,3,78.9,24.0,Cuidados e Corpo,,CLI0074,Não-binário,1991-08-07,,Entregue no Prazo,MAES15,Sim
VND01763,2025-12-01 12:37:01,Ecomm mono,mooz pix,SP,Franca,Lily Creme Acetinado Hidratante Corporal 250g,4,149.9,45.0,Perfumaria Feminina,,CLI0109,Não-binário,1968-01-10,,Entregue no Prazo,,Não
VND01763,2025-12-01 12:37:01,Ecomm mono,mooz pix,SP,Franca,Malbec Desodorante Colônia 100ml,4,209.9,84.0,Perfumaria Masculina,,CLI0109,Não-binário,1968-01-10,,Entregue no Prazo,,Não
VND01764,2025-06-07 12:14:15,VD,mooz pix,DF,Brasília,Cuide-se Bem Loção Corporal Deleite 200ml,2,78.9,24.0,Cuidados e Corpo,REV0032,,,,,,,
VND01764,2025-06-07 12:14:15,VD,mooz pix,DF,Brasília,Lily Creme Acetinado Hidratante Corporal 250g,4,149.9,45.0,Perfumaria Feminina,REV0032,,,,,,,
VND01765,2026-05-15 19:18:48,Ecomm multi,mooz pix,AL,Maceió,Malbec Desodorante Colônia 100ml,3,209.9,84.0,Perfumaria Masculina,,CLI0325,Feminino,1979-08-02,Chegou super rápido.,Entregue no Prazo,QUERO10,Não
VND01766,2025-02-13 20:15:52,lojas,mooz pix,SP,Campinas,Malbec Desodorante Colônia 100ml,1,209.9,84.0,Perfumaria Masculina,FRQ027,,,,,,,
VND01767,2024-12-31 20:54:31,VD,outros meios de pagamento,RJ,Duque de Caxias,Make B. Base Líquida Mate Salicylic 30g,2,109.9,38.0,Maquiagem e Skincare,REV0082,,,,,,,
VND01767,2024-12-31 20:54:31,VD,outros meios de pagamento,RJ,Duque de Caxias,Malbec Desodorante Colônia 100ml,3,209.9,84.0,Perfumaria Masculina,REV0082,,,,,,,
VND01768,2024-06-09 19:23:54,VD,mooz cartões,MS,Dourados,Shampoo Match Escudo De Hidratação 300ml,1,47.9,14.0,Cabelos,REV0030,,,,,,,
VND01768,2024-06-09 19:23:54,VD,mooz cartões,MS,Dourados,Malbec Gold Desodorante Colônia 100ml,1,195.9,78.0,Perfumaria Masculina,REV0030,,,,,,,
VND01769,2026-05-14 13:46:56,Ecomm mono,mooz cartões,PR,Ponta Grossa,Botik Sérum Alta Potência Ácido Hialurônico 30ml,4,169.9,59.0,Maquiagem e Skincare,,CLI0367,Feminino,2006-11-17,,Entregue com Atraso,,Sim
VND01770,2025-12-09 15:48:20,Ecomm mono,mooz pix,SP,Campinas,Malbec Desodorante Colônia 100ml,4,209.9,84.0,Perfumaria Masculina,,CLI0201,Masculino,1999-09-25,Amei o cheiro!,Entregue com Atraso,,Sim
VND01771,2024-11-19 15:55:49,VD,mooz pix,SP,Mauá,Lily Creme Acetinado Hidratante Corporal 250g,2,149.9,45.0,Perfumaria Feminina,REV0010,,,,,,,
VND01772,2024-11-09 13:13:44,Ecomm multi,mooz cartões,PR,Curitiba,Malbec Desodorante Colônia 100ml,1,209.9,84.0,Perfumaria Masculina,,CLI0382,Não-binário,1966-12-24,Amei o cheiro!,Entregue no Prazo,,Sim
VND01773,2025-09-06 15:53:32,VD,outros meios de pagamento,MT,Rondonópolis,Cuide-se Bem Loção Corporal Deleite 200ml,4,78.9,24.0,Cuidados e Corpo,REV0027,,,,,,,
VND01774,2025-09-02 12:22:40,VD,outros meios de pagamento,SP,Mogi das Cruzes,Floratta Red Desodorante Colônia 75ml,2,229.9,92.0,Perfumaria Feminina,REV0049,,,,,,,
VND01775,2025-07-21 13:42:55,Ecomm mono,mooz pix,MT,Cuiabá,Malbec Desodorante Colônia 100ml,2,209.9,84.0,Perfumaria Masculina,,CLI0324,Feminino,2000-02-21,,Entregue no Prazo,,Não
VND01776,2025-12-30 15:34:14,VD,mooz pix,PA,Santarém,Malbec Desodorante Colônia 100ml,3,209.9,84.0,Perfumaria Masculina,REV0057,,,,,,,
VND01776,2025-12-30 15:34:14,VD,mooz pix,PA,Santarém,Lily Lumière Eau de Parfum 75ml,3,329.9,145.0,Perfumaria Feminina,REV0057,,,,,,,
VND01777,2024-03-22 13:30:16,VD,mooz pix,RJ,Volta Redonda,Malbec Desodorante Colônia 100ml,4,209.9,84.0,Perfumaria Masculina,REV0068,,,,,,,
VND01777,2024-03-22 13:30:16,VD,mooz pix,RJ,Volta Redonda,Lily Lumière Eau de Parfum 75ml,3,329.9,145.0,Perfumaria Feminina,REV0068,,,,,,,
VND01778,2024-04-13 22:19:22,Ecomm multi,mooz cartões,MG,Montes Claros,Floratta Red Desodorante Colônia 75ml,2,229.9,92.0,Perfumaria Feminina,,CLI0343,Não-binário,1967-02-08,,Entregue no Prazo,,Sim
VND01779,2024-05-30 13:02:08,Ecomm mono,mooz pix,CE,Juazeiro No Norte,Malbec Desodorante Colônia 100ml,1,209.9,84.0,Perfumaria Masculina,,CLI0170,Feminino,1991-04-09,Amei o cheiro!,Entregue no Prazo,,Não
VND01780,2025-12-05 12:06:37,lojas,mooz pix,SC,Florianópolis,Malbec Desodorante Colônia 100ml,2,209.9,84.0,Perfumaria Masculina,FRQ012,,,,,,,
VND01781,2024-04-15 20:42:03,lojas,mooz pix,SP,Franca,Malbec Gold Desodorante Colônia 100ml,1,195.9,78.0,Perfumaria Masculina,FRQ010,,,,,,,
VND01782,2025-11-12 19:58:35,lojas,outros meios de pagamento,DF,Brasília,Make B. Base Líquida Mate Salicylic 30g,4,109.9,38.0,Maquiagem e Skincare,FRQ015,,,,,,,
VND01783,2025-01-21 12:13:00,lojas,mooz pix,RJ,Nova Iguaçu,Malbec Desodorante Colônia 100ml,1,209.9,84.0,Perfumaria Masculina,FRQ017,,,,,,,
VND01784,2025-08-17 19:14:20,lojas,outros meios de pagamento,RJ,Duque de Caxias,Make B. Base Líquida Mate Salicylic 30g,4,109.9,38.0,Maquiagem e Skincare,FRQ020,,,,,,,
VND01785,2025-01-31 15:39:31,lojas,mooz pix,RJ,Niterói,Lily Creme Acetinado Hidratante Corporal 250g,2,149.9,45.0,Perfumaria Feminina,FRQ017,,,,,,,
VND01785,2025-01-31 15:39:31,lojas,mooz pix,RJ,Niterói,Make B. Base Líquida Mate Salicylic 30g,3,109.9,38.0,Maquiagem e Skincare,FRQ017,,,,,,,
VND01786,2024-02-27 20:08:15,VD,mooz cartões,SP,Ribeirão Preto,Malbec Gold Desodorante Colônia 100ml,4,195.9,78.0,Perfumaria Masculina,REV0037,,,,,,,
VND01787,2024-04-14 13:05:42,Ecomm mono,mooz cartões,SP,Franca,Malbec Desodorante Colônia 100ml,1,209.9,84.0,Perfumaria Masculina,,CLI0135,Não-binário,2004-05-18,,Entregue no Prazo,,Sim
VND01788,2026-03-31 19:11:13,lojas,mooz pix,SP,Santo André,Malbec Desodorante Colônia 100ml,4,209.9,84.0,Perfumaria Masculina,FRQ018,,,,,,,
VND01789,2025-03-02 12:08:30,Ecomm multi,mooz pix,BA,Camaçari,Lily Creme Acetinado Hidratante Corporal 250g,2,149.9,45.0,Perfumaria Feminina,,CLI0145,Masculino,1974-04-05,Chegou super rápido.,Entregue no Prazo,QUERO10,Não
VND01790,2024-11-03 13:14:04,VD,outros meios de pagamento,AL,Maceió,Malbec Desodorante Colônia 100ml,4,209.9,84.0,Perfumaria Masculina,REV0090,,,,,,,
VND01791,2026-04-11 12:16:50,VD,outros meios de pagamento,SP,Bauru,Malbec Desodorante Colônia 100ml,1,209.9,84.0,Perfumaria Masculina,REV0032,,,,,,,
VND01791,2026-04-11 12:16:50,VD,outros meios de pagamento,SP,Bauru,Malbec Gold Desodorante Colônia 100ml,4,195.9,78.0,Perfumaria Masculina,REV0032,,,,,,,
VND01792,2026-03-17 15:32:36,VD,mooz cartões,PR,Maringá,Lily Creme Acetinado Hidratante Corporal 250g,4,149.9,45.0,Perfumaria Feminina,REV0094,,,,,,,
VND01793,2025-11-23 15:56:19,Ecomm multi,mooz pix,SP,Santo André,Lily Lumière Eau de Parfum 75ml,1,329.9,145.0,Perfumaria Feminina,,CLI0283,Não-binário,1969-08-18,Amei o cheiro!,Entregue no Prazo,QUERO10,Sim
VND01794,2026-05-25 19:06:19,VD,mooz pix,SP,São Carlos,Lily Creme Acetinado Hidratante Corporal 250g,2,149.9,45.0,Perfumaria Feminina,REV0011,,,,,,,
VND01794,2026-05-25 19:06:19,VD,mooz pix,SP,São Carlos,Floratta Red Desodorante Colônia 75ml,1,229.9,92.0,Perfumaria Feminina,REV0011,,,,,,,
VND01795,2025-04-06 20:23:26,VD,outros meios de pagamento,PR,Cascavel,Malbec Gold Desodorante Colônia 100ml,3,195.9,78.0,Perfumaria Masculina,REV0007,,,,,,,
VND01796,2025-05-30 12:13:04,VD,mooz cartões,RJ,Niterói,Malbec Desodorante Colônia 100ml,4,209.9,84.0,Perfumaria Masculina,REV0034,,,,,,,
VND01797,2025-04-30 15:48:09,Ecomm multi,mooz pix,MG,Ipatinga,Cuide-se Bem Loção Corporal Deleite 200ml,2,78.9,24.0,Cuidados e Corpo,,CLI0308,Não-binário,1999-11-08,,Entregue no Prazo,,Não
VND01798,2025-04-05 19:39:40,Ecomm multi,mooz cartões,SP,Mogi das Cruzes,Make B. Base Líquida Mate Salicylic 30g,3,109.9,38.0,Maquiagem e Skincare,,CLI0118,Não-binário,1974-04-27,,Entregue no Prazo,,Não
VND01799,2024-11-03 20:53:24,VD,mooz cartões,SP,Santos,Lily Lumière Eau de Parfum 75ml,1,329.9,145.0,Perfumaria Feminina,REV0055,,,,,,,
VND01800,2025-07-23 20:31:59,Ecomm multi,mooz cartões,SP,Campinas,Cuide-se Bem Loção Corporal Deleite 200ml,3,78.9,24.0,Cuidados e Corpo,,CLI0351,Masculino,1963-07-09,Amei o cheiro!,Entregue no Prazo,,Não
VND01800,2025-07-23 20:31:59,Ecomm multi,mooz cartões,SP,Campinas,Malbec Desodorante Colônia 100ml,2,209.9,84.0,Perfumaria Masculina,,CLI0351,Masculino,1963-07-09,Amei o cheiro!,Entregue no Prazo,,Não
VND01801,2025-02-09 20:59:18,VD,mooz cartões,MG,Contagem,Lily Creme Acetinado Hidratante Corporal 250g,4,149.9,45.0,Perfumaria Feminina,REV0057,,,,,,,
VND01802,2025-06-04 12:04:29,VD,outros meios de pagamento,BA,Feira de Santana,Malbec Desodorante Colônia 100ml,1,209.9,84.0,Perfumaria Masculina,REV0052,,,,,,,
VND01803,2025-09-01 19:12:52,VD,mooz pix,RS,Canoas,Cuide-se Bem Loção Corporal Deleite 200ml,1,78.9,24.0,Cuidados e Corpo,REV0014,,,,,,,
VND01804,2024-01-25 22:05:17,Ecomm mono,mooz pix,MG,Uberlândia,Botik Sérum Alta Potência Ácido Hialurônico 30ml,2,169.9,59.0,Maquiagem e Skincare,,CLI0183,Feminino,2001-01-25,,Entregue no Prazo,,Não
VND01805,2025-06-15 19:36:46,Ecomm multi,mooz pix,SP,Sorocaba,Cuide-se Bem Loção Corporal Deleite 200ml,2,78.9,24.0,Cuidados e Corpo,,CLI0083,Feminino,1964-10-03,,Entregue no Prazo,BOTAO20,Sim
VND01806,2026-02-14 13:39:44,lojas,mooz pix,PR,Guarapuava,Lily Creme Acetinado Hidratante Corporal 250g,1,149.9,45.0,Perfumaria Feminina,FRQ012,,,,,,,
VND01807,2026-05-01 12:06:29,lojas,outros meios de pagamento,PR,Cascavel,Malbec Desodorante Colônia 100ml,2,209.9,84.0,Perfumaria Masculina,FRQ025,,,,,,,
VND01808,2024-12-23 13:24:54,Ecomm mono,mooz cartões,MG,Poços de Caldas,Cuide-se Bem Loção Corporal Deleite 200ml,1,78.9,24.0,Cuidados e Corpo,,CLI0079,Feminino,1963-10-24,,Entregue com Atraso,,Não
VND01809,2024-09-04 20:12:50,VD,mooz pix,SC,Criciúma,Malbec Desodorante Colônia 100ml,4,,84.0,Perfumaria Masculina,REV0050,,,,,,,
VND01810,2024-05-04 12:21:01,Ecomm multi,mooz cartões,MG,Montes Claros,Shampoo Match Escudo De Hidratação 300ml,1,47.9,14.0,Cabelos,,CLI0385,Masculino,2002-07-28,,Entregue com Atraso,,Não
VND01810,2024-05-04 12:21:01,Ecomm multi,mooz cartões,MG,Montes Claros,Malbec Desodorante Colônia 100ml,3,209.9,84.0,Perfumaria Masculina,,CLI0385,Masculino,2002-07-28,,Entregue com Atraso,,Não
VND01811,2024-08-31 13:08:30,VD,outros meios de pagamento,MG,Divinópolis,Malbec Desodorante Colônia 100ml,2,209.9,84.0,Perfumaria Masculina,REV0051,,,,,,,
VND01812,2024-12-03 12:59:11,Ecomm multi,mooz cartões,AM,Manaus,Malbec Desodorante Colônia 100ml,1,209.9,84.0,Perfumaria Masculina,,CLI0025,Feminino,2003-06-27,,Entregue com Atraso,MAES15,Sim
VND01813,2025-04-15 12:16:50,Ecomm mono,mooz cartões,DF,Brasília,Floratta Red Desodorante Colônia 75ml,2,229.9,92.0,Perfumaria Feminina,,CLI0119,Não-binário,1982-05-27,Amei o cheiro!,Entregue no Prazo,,Não
VND01813,2025-04-15 12:16:50,Ecomm mono,mooz cartões,DF,Brasília,Make B. Base Líquida Mate Salicylic 30g,4,109.9,38.0,Maquiagem e Skincare,,CLI0119,Não-binário,1982-05-27,Amei o cheiro!,Entregue no Prazo,,Não
VND01814,2025-10-01 13:43:43,Ecomm multi,mooz pix,PR,Maringá,Malbec Desodorante Colônia 100ml,1,209.9,84.0,Perfumaria Masculina,,CLI0101,Masculino,1992-08-09,,Entregue no Prazo,MAES15,Sim
VND01814,2025-10-01 13:43:43,Ecomm multi,mooz pix,PR,Maringá,Shampoo Match Escudo De Hidratação 300ml,4,47.9,14.0,Cabelos,,CLI0101,Masculino,1992-08-09,,Entregue no Prazo,MAES15,Sim
VND01815,2025-09-12 20:04:49,lojas,mooz cartões,RJ,Rio de Janeiro,Malbec Gold Desodorante Colônia 100ml,4,195.9,78.0,Perfumaria Masculina,FRQ025,,,,,,,
VND01816,2024-05-04 19:04:40,lojas,mooz cartões,SP,Santos,Malbec Desodorante Colônia 100ml,1,209.9,84.0,Perfumaria Masculina,FRQ007,,,,,,,
VND01817,2025-03-20 12:53:15,lojas,mooz cartões,SP,Bauru,Shampoo Match Escudo De Hidratação 300ml,2,47.9,14.0,Cabelos,FRQ019,,,,,,,
VND01817,2025-03-20 12:53:15,lojas,mooz cartões,SP,Bauru,Malbec Desodorante Colônia 100ml,2,209.9,84.0,Perfumaria Masculina,FRQ019,,,,,,,
VND01818,2025-06-30 12:56:40,Ecomm multi,mooz pix,MG,Uberlândia,Lily Creme Acetinado Hidratante Corporal 250g,3,149.9,45.0,Perfumaria Feminina,,CLI0090,Não-binário,1980-02-01,,Entregue no Prazo,BOTAO20,Não
VND01819,2024-11-16 12:39:26,Ecomm mono,mooz pix,RJ,Duque de Caxias,Lily Lumière Eau de Parfum 75ml,4,329.9,145.0,Perfumaria Feminina,,CLI0351,Masculino,1963-07-09,,Entregue com Atraso,,Não
VND01819,2024-11-16 12:39:26,Ecomm mono,mooz pix,RJ,Duque de Caxias,Shampoo Match Escudo De Hidratação 300ml,1,47.9,14.0,Cabelos,,CLI0351,Masculino,1963-07-09,,Entregue com Atraso,,Não
VND01820,2024-08-14 22:16:01,VD,mooz pix,BA,Camaçari,Floratta Red Desodorante Colônia 75ml,3,229.9,92.0,Perfumaria Feminina,REV0064,,,,,,,
VND01821,2024-12-22 19:42:50,VD,outros meios de pagamento,SP,São Carlos,Botik Sérum Alta Potência Ácido Hialurônico 30ml,4,169.9,59.0,Maquiagem e Skincare,REV0050,,,,,,,
VND01821,2024-12-22 19:42:50,VD,outros meios de pagamento,SP,São Carlos,Malbec Gold Desodorante Colônia 100ml,1,195.9,78.0,Perfumaria Masculina,REV0050,,,,,,,
VND01822,2024-12-30 12:44:09,VD,outros meios de pagamento,PR,Cascavel,Malbec Desodorante Colônia 100ml,1,209.9,84.0,Perfumaria Masculina,REV0050,,,,,,,
VND01823,2024-01-24 19:12:20,Ecomm mono,mooz cartões,ES,Serra,Shampoo Match Escudo De Hidratação 300ml,4,47.9,14.0,Cabelos,,CLI0004,Feminino,1997-07-02,,Entregue no Prazo,,Não
VND01823,2024-01-24 19:12:20,Ecomm mono,mooz cartões,ES,Serra,Malbec Desodorante Colônia 100ml,4,209.9,84.0,Perfumaria Masculina,,CLI0004,Feminino,1997-07-02,,Entregue no Prazo,,Não
VND01824,2024-03-16 13:43:13,Ecomm multi,mooz pix,MG,Belo Horizonte,Cuide-se Bem Loção Corporal Deleite 200ml,4,78.9,24.0,Cuidados e Corpo,,CLI0271,Feminino,1978-08-23,Chegou super rápido.,Entregue no Prazo,,Não
VND01824,2024-03-16 13:43:13,Ecomm multi,mooz pix,MG,Belo Horizonte,Malbec Gold Desodorante Colônia 100ml,3,195.9,78.0,Perfumaria Masculina,,CLI0271,Feminino,1978-08-23,Chegou super rápido.,Entregue no Prazo,,Não
VND01825,2024-06-13 19:01:50,VD,outros meios de pagamento,SP,São Paulo,Make B. Base Líquida Mate Salicylic 30g,2,109.9,38.0,Maquiagem e Skincare,REV0032,,,,,,,
VND01826,2025-06-07 13:58:53,lojas,mooz cartões,SC,Florianópolis,Malbec Desodorante Colônia 100ml,2,209.9,84.0,Perfumaria Masculina,FRQ029,,,,,,,
VND01827,2024-12-27 12:18:34,Ecomm mono,mooz cartões,MG,Juiz de Fora,Lily Lumière Eau de Parfum 75ml,4,329.9,145.0,Perfumaria Feminina,,CLI0002,Feminino,1974-03-24,Amei o cheiro!,Entregue no Prazo,,Não
VND01827,2024-12-27 12:18:34,Ecomm mono,mooz cartões,MG,Juiz de Fora,Make B. Base Líquida Mate Salicylic 30g,4,109.9,38.0,Maquiagem e Skincare,,CLI0002,Feminino,1974-03-24,Amei o cheiro!,Entregue no Prazo,,Não
VND01828,2024-06-13 19:44:27,lojas,outros meios de pagamento,MG,Uberaba,Malbec Desodorante Colônia 100ml,3,209.9,84.0,Perfumaria Masculina,FRQ011,,,,,,,
VND01829,2024-01-20 20:23:56,VD,mooz cartões,SP,Santo André,Make B. Base Líquida Mate Salicylic 30g,3,109.9,38.0,Maquiagem e Skincare,REV0015,,,,,,,
VND01829,2024-01-20 20:23:56,VD,mooz cartões,SP,Santo André,Shampoo Match Escudo De Hidratação 300ml,2,47.9,14.0,Cabelos,REV0015,,,,,,,
VND01830,2024-02-18 19:26:00,Ecomm multi,mooz cartões,RS,Caxias do Sul,Malbec Desodorante Colônia 100ml,2,209.9,84.0,Perfumaria Masculina,,CLI0124,Feminino,1967-05-06,Chegou super rápido.,Entregue no Prazo,,Não
VND01830,2024-02-18 19:26:00,Ecomm multi,mooz cartões,RS,Caxias do Sul,Floratta Red Desodorante Colônia 75ml,3,229.9,92.0,Perfumaria Feminina,,CLI0124,Feminino,1967-05-06,Chegou super rápido.,Entregue no Prazo,,Não
VND01831,2025-07-27 12:38:07,Ecomm multi,mooz pix,MG,Ouro Preto,Malbec Gold Desodorante Colônia 100ml,4,195.9,78.0,Perfumaria Masculina,,CLI0064,Não-binário,1972-02-04,,Entregue no Prazo,,Sim
VND01831,2025-07-27 12:38:07,Ecomm multi,mooz pix,MG,Ouro Preto,Lily Creme Acetinado Hidratante Corporal 250g,2,149.9,45.0,Perfumaria Feminina,,CLI0064,Não-binário,1972-02-04,,Entregue no Prazo,,Sim
VND01832,2025-02-02 13:25:16,Ecomm multi,mooz cartões,PR,Curitiba,Lily Lumière Eau de Parfum 75ml,1,329.9,145.0,Perfumaria Feminina,,CLI0352,Feminino,1967-08-03,Melhor creme da vida.,Entregue no Prazo,,Sim
VND01833,2025-11-02 12:26:19,lojas,outros meios de pagamento,ES,Vila Velha,Floratta Red Desodorante Colônia 75ml,1,229.9,92.0,Perfumaria Feminina,FRQ027,,,,,,,
VND01833,2025-11-02 12:26:19,lojas,outros meios de pagamento,ES,Vila Velha,Lily Lumière Eau de Parfum 75ml,1,329.9,145.0,Perfumaria Feminina,FRQ027,,,,,,,
VND01834,2025-03-01 20:46:49,lojas,mooz cartões,SP,Sorocaba,Cuide-se Bem Loção Corporal Deleite 200ml,3,78.9,24.0,Cuidados e Corpo,FRQ027,,,,,,,
VND01835,2024-11-28 13:35:12,Ecomm multi,mooz pix,MG,Contagem,Malbec Desodorante Colônia 100ml,4,209.9,84.0,Perfumaria Masculina,,CLI0121,Feminino,1985-06-09,,Entregue com Atraso,,Não
VND01836,2024-12-14 20:43:12,Ecomm mono,mooz cartões,PR,Londrina,Malbec Desodorante Colônia 100ml,2,209.9,84.0,Perfumaria Masculina,,CLI0045,Feminino,1994-09-01,,Entregue no Prazo,,Não
VND01836,2024-12-14 20:43:12,Ecomm mono,mooz cartões,PR,Londrina,Make B. Base Líquida Mate Salicylic 30g,2,109.9,38.0,Maquiagem e Skincare,,CLI0045,Feminino,1994-09-01,,Entregue no Prazo,,Não
VND01837,2024-08-14 20:28:17,VD,mooz cartões,SP,São Paulo,Malbec Gold Desodorante Colônia 100ml,1,195.9,78.0,Perfumaria Masculina,REV0046,,,,,,,
VND01837,2024-08-14 20:28:17,VD,mooz cartões,SP,São Paulo,Lily Lumière Eau de Parfum 75ml,1,329.9,145.0,Perfumaria Feminina,REV0046,,,,,,,
VND01838,2025-03-18 20:56:54,Ecomm mono,mooz cartões,SP,Santos,Make B. Base Líquida Mate Salicylic 30g,3,109.9,38.0,Maquiagem e Skincare,,CLI0312,Não-binário,1978-11-18,Amei o cheiro!,Entregue no Prazo,,Não
VND01838,2025-03-18 20:56:54,Ecomm mono,mooz cartões,SP,Santos,Malbec Desodorante Colônia 100ml,3,209.9,84.0,Perfumaria Masculina,,CLI0312,Não-binário,1978-11-18,Amei o cheiro!,Entregue no Prazo,,Não
VND01839,2024-12-27 12:28:20,Ecomm multi,mooz pix,PA,Santarém,Malbec Desodorante Colônia 100ml,2,209.9,84.0,Perfumaria Masculina,,CLI0311,Masculino,2002-01-26,Amei o cheiro!,Entregue no Prazo,,Não
VND01839,2024-12-27 12:28:20,Ecomm multi,mooz pix,PA,Santarém,Malbec Gold Desodorante Colônia 100ml,3,195.9,78.0,Perfumaria Masculina,,CLI0311,Masculino,2002-01-26,Amei o cheiro!,Entregue no Prazo,,Não
VND01840,2024-05-26 12:16:20,VD,mooz cartões,MA,Imperatriz,Lily Creme Acetinado Hidratante Corporal 250g,3,149.9,45.0,Perfumaria Feminina,REV0001,,,,,,,
VND01840,2024-05-26 12:16:20,VD,mooz cartões,MA,Imperatriz,Cuide-se Bem Loção Corporal Deleite 200ml,1,78.9,24.0,Cuidados e Corpo,REV0001,,,,,,,
VND01841,2024-06-20 15:49:13,lojas,mooz pix,RJ,Nova Friburgo,Malbec Gold Desodorante Colônia 100ml,1,,78.0,Perfumaria Masculina,FRQ017,,,,,,,
VND01841,2024-06-20 15:49:13,lojas,mooz pix,RJ,Nova Friburgo,Lily Creme Acetinado Hidratante Corporal 250g,3,149.9,45.0,Perfumaria Feminina,FRQ017,,,,,,,
VND01842,2026-01-08 15:43:58,Ecomm multi,mooz pix,BA,Porto Seguro,Floratta Red Desodorante Colônia 75ml,4,229.9,92.0,Perfumaria Feminina,,CLI0055,Feminino,1975-04-03,Melhor creme da vida.,Entregue no Prazo,BOTAO20,Sim
VND01842,2026-01-08 15:43:58,Ecomm multi,mooz pix,BA,Porto Seguro,Lily Lumière Eau de Parfum 75ml,2,329.9,145.0,Perfumaria Feminina,,CLI0055,Feminino,1975-04-03,Melhor creme da vida.,Entregue no Prazo,BOTAO20,Sim
VND01843,2024-12-02 15:59:03,lojas,mooz cartões,SP,Santo André,Lily Lumière Eau de Parfum 75ml,3,329.9,145.0,Perfumaria Feminina,FRQ022,,,,,,,
VND01844,2024-05-29 08:46:41,Ecomm multi,mooz cartões,RJ,Macaé,Malbec Desodorante Colônia 100ml,1,209.9,84.0,Perfumaria Masculina,,CLI0396,Não-binário,1964-03-24,,Entregue no Prazo,,Não
VND01845,2025-04-26 13:37:18,Ecomm mono,mooz pix,SP,Sorocaba,Malbec Desodorante Colônia 100ml,1,209.9,84.0,Perfumaria Masculina,,CLI0237,Feminino,1993-07-15,,Entregue no Prazo,,Não
VND01846,2024-05-18 19:49:59,Ecomm mono,mooz pix,PR,Foz do Iguaçu,Lily Creme Acetinado Hidratante Corporal 250g,3,149.9,45.0,Perfumaria Feminina,,CLI0153,Feminino,1989-03-26,,Entregue no Prazo,,Sim
VND01847,2025-06-11 20:39:33,Ecomm mono,mooz cartões,CE,Juazeiro No Norte,Lily Lumière Eau de Parfum 75ml,3,329.9,145.0,Perfumaria Feminina,,CLI0311,Masculino,2002-01-26,,Entregue no Prazo,,Não
VND01848,2025-11-19 12:26:42,VD,mooz pix,AM,Parintins,Malbec Desodorante Colônia 100ml,2,209.9,84.0,Perfumaria Masculina,REV0068,,,,,,,
VND01849,2025-11-24 20:53:44,lojas,mooz cartões,SP,São José dos Campos,Make B. Base Líquida Mate Salicylic 30g,4,109.9,38.0,Maquiagem e Skincare,FRQ021,,,,,,,
VND01849,2025-11-24 20:53:44,lojas,mooz cartões,SP,São José dos Campos,Cuide-se Bem Loção Corporal Deleite 200ml,2,78.9,24.0,Cuidados e Corpo,FRQ021,,,,,,,
VND01850,2025-07-01 20:37:10,lojas,mooz cartões,SP,Ribeirão Preto,Lily Creme Acetinado Hidratante Corporal 250g,3,149.9,45.0,Perfumaria Feminina,FRQ023,,,,,,,
VND01850,2025-07-01 20:37:10,lojas,mooz cartões,SP,Ribeirão Preto,Floratta Red Desodorante Colônia 75ml,4,229.9,92.0,Perfumaria Feminina,FRQ023,,,,,,,
VND01851,2026-02-23 20:11:14,VD,mooz cartões,SP,São Carlos,Botik Sérum Alta Potência Ácido Hialurônico 30ml,2,169.9,59.0,Maquiagem e Skincare,REV0088,,,,,,,
VND01852,2025-12-28 08:07:18,Ecomm multi,mooz cartões,SP,Osasco,Lily Lumière Eau de Parfum 75ml,4,329.9,145.0,Perfumaria Feminina,,CLI0305,Não-binário,1969-04-17,Amei o cheiro!,Entregue no Prazo,MAES15,Não
VND01853,2025-08-22 19:22:20,Ecomm mono,mooz pix,SP,Piracicaba,Cuide-se Bem Loção Corporal Deleite 200ml,3,78.9,24.0,Cuidados e Corpo,,CLI0232,Não-binário,1967-02-13,,Entregue no Prazo,QUERO10,Sim
VND01854,2026-02-23 13:35:36,lojas,outros meios de pagamento,PR,Londrina,Floratta Red Desodorante Colônia 75ml,1,229.9,92.0,Perfumaria Feminina,FRQ021,,,,,,,
VND01855,2024-11-28 20:47:25,VD,mooz cartões,SP,Santos,Make B. Base Líquida Mate Salicylic 30g,1,109.9,38.0,Maquiagem e Skincare,REV0020,,,,,,,
VND01855,2024-11-28 20:47:25,VD,mooz cartões,SP,Santos,Lily Creme Acetinado Hidratante Corporal 250g,4,149.9,45.0,Perfumaria Feminina,REV0020,,,,,,,
VND01856,2024-12-27 13:00:59,Ecomm mono,mooz pix,SP,Sorocaba,Make B. Base Líquida Mate Salicylic 30g,4,,38.0,Maquiagem e Skincare,,CLI0166,Feminino,1973-07-13,,Entregue no Prazo,MAES15,Sim
VND01857,2025-05-25 13:34:38,Ecomm mono,mooz cartões,SC,Joinville,Lily Creme Acetinado Hidratante Corporal 250g,4,149.9,45.0,Perfumaria Feminina,,CLI0331,Masculino,1981-02-15,,Entregue no Prazo,,Sim
VND01857,2025-05-25 13:34:38,Ecomm mono,mooz cartões,SC,Joinville,Botik Sérum Alta Potência Ácido Hialurônico 30ml,2,169.9,59.0,Maquiagem e Skincare,,CLI0331,Masculino,1981-02-15,,Entregue no Prazo,,Sim
VND01858,2025-07-30 20:43:11,lojas,mooz cartões,SP,Mogi das Cruzes,Lily Creme Acetinado Hidratante Corporal 250g,1,149.9,45.0,Perfumaria Feminina,FRQ015,,,,,,,
VND01859,2025-04-18 12:46:04,Ecomm mono,mooz cartões,RJ,Petrópolis,Cuide-se Bem Loção Corporal Deleite 200ml,1,78.9,24.0,Cuidados e Corpo,,CLI0020,Masculino,1970-06-12,Amei o cheiro!,Entregue no Prazo,,Não
VND01860,2025-01-26 12:04:35,lojas,outros meios de pagamento,MS,Campo Grande,Lily Lumière Eau de Parfum 75ml,1,329.9,145.0,Perfumaria Feminina,FRQ025,,,,,,,
VND01860,2025-01-26 12:04:35,lojas,outros meios de pagamento,MS,Campo Grande,Malbec Gold Desodorante Colônia 100ml,4,195.9,78.0,Perfumaria Masculina,FRQ025,,,,,,,
VND01861,2025-09-16 19:00:54,Ecomm mono,mooz cartões,PR,Curitiba,Lily Creme Acetinado Hidratante Corporal 250g,2,149.9,45.0,Perfumaria Feminina,,CLI0246,Não-binário,1964-11-08,Amei o cheiro!,Entregue no Prazo,,Não
VND01862,2025-06-07 19:29:28,Ecomm mono,mooz cartões,SP,São José dos Campos,Lily Creme Acetinado Hidratante Corporal 250g,4,149.9,45.0,Perfumaria Feminina,,CLI0400,Masculino,1996-10-03,Amei o cheiro!,Entregue no Prazo,,Não
VND01863,2024-06-03 12:42:33,VD,mooz cartões,SC,Joinville,Make B. Base Líquida Mate Salicylic 30g,3,109.9,38.0,Maquiagem e Skincare,REV0054,,,,,,,
VND01863,2024-06-03 12:42:33,VD,mooz cartões,SC,Joinville,Lily Creme Acetinado Hidratante Corporal 250g,3,149.9,45.0,Perfumaria Feminina,REV0054,,,,,,,
VND01864,2024-11-27 12:56:17,Ecomm multi,mooz pix,MG,Belo Horizonte,Make B. Base Líquida Mate Salicylic 30g,3,109.9,38.0,Maquiagem e Skincare,,CLI0214,Masculino,1974-07-23,,Entregue no Prazo,,Sim
VND01864,2024-11-27 12:56:17,Ecomm multi,mooz pix,MG,Belo Horizonte,Malbec Desodorante Colônia 100ml,4,209.9,84.0,Perfumaria Masculina,,CLI0214,Masculino,1974-07-23,,Entregue no Prazo,,Sim
VND01865,2025-12-12 13:31:35,Ecomm mono,mooz cartões,RJ,Angra dos Reis,Cuide-se Bem Loção Corporal Deleite 200ml,1,78.9,24.0,Cuidados e Corpo,,CLI0002,Feminino,1974-03-24,,Entregue no Prazo,,Não
VND01866,2024-03-29 19:39:32,Ecomm multi,mooz cartões,SP,Santo André,Lily Lumière Eau de Parfum 75ml,2,329.9,145.0,Perfumaria Feminina,,CLI0157,Não-binário,1988-05-25,Amei o cheiro!,Entregue no Prazo,BOTAO20,Sim
VND01867,2025-12-04 12:45:41,Ecomm multi,mooz pix,PR,Londrina,Cuide-se Bem Loção Corporal Deleite 200ml,4,78.9,24.0,Cuidados e Corpo,,CLI0225,Feminino,1983-03-10,O produto veio quebrado.,Entregue no Prazo,BOTAO20,Sim
VND01868,2024-05-27 15:33:12,VD,mooz cartões,MT,Várzea Grande,Make B. Base Líquida Mate Salicylic 30g,2,109.9,38.0,Maquiagem e Skincare,REV0018,,,,,,,
VND01868,2024-05-27 15:33:12,VD,mooz cartões,MT,Várzea Grande,Malbec Desodorante Colônia 100ml,3,209.9,84.0,Perfumaria Masculina,REV0018,,,,,,,
VND01869,2025-07-23 12:28:00,VD,mooz pix,SP,São Paulo,Cuide-se Bem Loção Corporal Deleite 200ml,4,78.9,24.0,Cuidados e Corpo,REV0100,,,,,,,
VND01869,2025-07-23 12:28:00,VD,mooz pix,SP,São Paulo,Make B. Base Líquida Mate Salicylic 30g,2,109.9,38.0,Maquiagem e Skincare,REV0100,,,,,,,
VND01870,2024-08-18 08:35:37,Ecomm mono,mooz pix,SP,Mogi das Cruzes,Lily Creme Acetinado Hidratante Corporal 250g,1,149.9,45.0,Perfumaria Feminina,,CLI0195,Feminino,1996-01-12,,Entregue no Prazo,,Não
VND01871,2024-03-09 12:59:53,VD,mooz cartões,RJ,Teresópolis,Malbec Desodorante Colônia 100ml,4,209.9,84.0,Perfumaria Masculina,REV0061,,,,,,,
VND01872,2025-01-05 19:11:00,Ecomm mono,mooz cartões,SP,Santos,Floratta Red Desodorante Colônia 75ml,2,229.9,92.0,Perfumaria Feminina,,CLI0179,Não-binário,1980-06-25,Melhor creme da vida.,Entregue no Prazo,,Não
VND01872,2025-01-05 19:11:00,Ecomm mono,mooz cartões,SP,Santos,Make B. Base Líquida Mate Salicylic 30g,1,109.9,38.0,Maquiagem e Skincare,,CLI0179,Não-binário,1980-06-25,Melhor creme da vida.,Entregue no Prazo,,Não
VND01873,2025-11-21 20:57:56,Ecomm multi,mooz pix,RJ,Cabo Frio,Make B. Base Líquida Mate Salicylic 30g,4,109.9,38.0,Maquiagem e Skincare,,CLI0309,Não-binário,1997-03-08,,Entregue com Atraso,,Não
VND01874,2024-06-20 12:24:42,Ecomm mono,mooz cartões,MG,Belo Horizonte,Malbec Desodorante Colônia 100ml,1,209.9,84.0,Perfumaria Masculina,,CLI0208,Masculino,1976-06-09,Chegou super rápido.,Entregue no Prazo,,Não
VND01875,2025-01-10 20:57:12,lojas,mooz pix,CE,Sobral,Malbec Desodorante Colônia 100ml,4,209.9,84.0,Perfumaria Masculina,FRQ025,,,,,,,
VND01876,2025-06-30 20:43:57,Ecomm multi,mooz cartões,PE,Caruaru,Malbec Desodorante Colônia 100ml,1,209.9,84.0,Perfumaria Masculina,,CLI0176,Feminino,1965-11-14,,Entregue no Prazo,,Não
VND01877,2025-06-17 15:46:25,VD,mooz pix,SP,Osasco,Lily Lumière Eau de Parfum 75ml,1,329.9,145.0,Perfumaria Feminina,REV0076,,,,,,,
VND01877,2025-06-17 15:46:25,VD,mooz pix,SP,Osasco,Malbec Desodorante Colônia 100ml,3,209.9,84.0,Perfumaria Masculina,REV0076,,,,,,,
VND01878,2024-06-24 12:02:43,Ecomm mono,mooz pix,RS,Gramado,Lily Creme Acetinado Hidratante Corporal 250g,2,149.9,45.0,Perfumaria Feminina,,CLI0136,Feminino,1972-07-22,Chegou super rápido.,Entregue no Prazo,,Não
VND01878,2024-06-24 12:02:43,Ecomm mono,mooz pix,RS,Gramado,Malbec Gold Desodorante Colônia 100ml,3,195.9,78.0,Perfumaria Masculina,,CLI0136,Feminino,1972-07-22,Chegou super rápido.,Entregue no Prazo,,Não
VND01879,2024-04-21 20:07:05,VD,outros meios de pagamento,SP,Santo André,Shampoo Match Escudo De Hidratação 300ml,3,47.9,14.0,Cabelos,REV0048,,,,,,,
VND01879,2024-04-21 20:07:05,VD,outros meios de pagamento,SP,Santo André,Malbec Desodorante Colônia 100ml,3,209.9,84.0,Perfumaria Masculina,REV0048,,,,,,,
VND01880,2026-04-18 12:15:22,Ecomm multi,mooz cartões,RJ,Macaé,Malbec Gold Desodorante Colônia 100ml,3,195.9,78.0,Perfumaria Masculina,,CLI0341,Masculino,2001-07-04,Amei o cheiro!,Entregue no Prazo,,Não
VND01880,2026-04-18 12:15:22,Ecomm multi,mooz cartões,RJ,Macaé,Botik Sérum Alta Potência Ácido Hialurônico 30ml,1,169.9,59.0,Maquiagem e Skincare,,CLI0341,Masculino,2001-07-04,Amei o cheiro!,Entregue no Prazo,,Não
VND01881,2025-03-04 19:22:39,Ecomm multi,mooz cartões,SP,São Paulo,Make B. Base Líquida Mate Salicylic 30g,4,109.9,38.0,Maquiagem e Skincare,,CLI0170,Feminino,1991-04-09,,Entregue no Prazo,BOTAO20,Sim
VND01881,2025-03-04 19:22:39,Ecomm multi,mooz cartões,SP,São Paulo,Malbec Gold Desodorante Colônia 100ml,1,195.9,78.0,Perfumaria Masculina,,CLI0170,Feminino,1991-04-09,,Entregue no Prazo,BOTAO20,Sim
VND01882,2025-11-30 12:46:34,Ecomm mono,mooz pix,SC,Blumenau,Lily Lumière Eau de Parfum 75ml,3,329.9,145.0,Perfumaria Feminina,,CLI0198,Não-binário,1966-07-12,,Entregue no Prazo,,Não
VND01883,2024-03-23 12:05:29,lojas,mooz pix,SP,Sorocaba,Floratta Red Desodorante Colônia 75ml,3,229.9,92.0,Perfumaria Feminina,FRQ018,,,,,,,
VND01884,2025-05-30 12:39:29,Ecomm multi,mooz pix,MG,Montes Claros,Malbec Desodorante Colônia 100ml,1,209.9,84.0,Perfumaria Masculina,,CLI0151,Feminino,2004-09-15,Suporte não responde.,Entregue no Prazo,,Não
VND01885,2024-08-06 15:56:58,VD,outros meios de pagamento,PE,Caruaru,Cuide-se Bem Loção Corporal Deleite 200ml,4,78.9,24.0,Cuidados e Corpo,REV0078,,,,,,,
VND01886,2025-08-18 12:24:57,lojas,outros meios de pagamento,SP,Mogi das Cruzes,Lily Creme Acetinado Hidratante Corporal 250g,3,149.9,45.0,Perfumaria Feminina,FRQ001,,,,,,,
VND01887,2025-06-24 12:18:30,lojas,mooz pix,AL,Maceió,Malbec Desodorante Colônia 100ml,1,209.9,84.0,Perfumaria Masculina,FRQ014,,,,,,,
VND01888,2025-02-15 19:08:44,lojas,mooz cartões,RJ,Angra dos Reis,Floratta Red Desodorante Colônia 75ml,3,229.9,92.0,Perfumaria Feminina,FRQ001,,,,,,,
VND01888,2025-02-15 19:08:44,lojas,mooz cartões,RJ,Angra dos Reis,Malbec Desodorante Colônia 100ml,2,209.9,84.0,Perfumaria Masculina,FRQ001,,,,,,,
VND01889,2024-02-05 13:08:28,Ecomm mono,mooz cartões,SP,Ribeirão Preto,Malbec Desodorante Colônia 100ml,4,209.9,84.0,Perfumaria Masculina,,CLI0028,Feminino,1996-12-11,,Entregue no Prazo,,Não
VND01890,2024-06-14 15:29:55,Ecomm mono,mooz pix,PE,Olinda,Lily Lumière Eau de Parfum 75ml,500,329.9,145.0,Perfumaria Feminina,,CLI0033,Feminino,1968-09-16,Amei o cheiro!,Entregue no Prazo,BOTAO20,Sim
VND01890,2024-06-14 15:29:55,Ecomm mono,mooz pix,PE,Olinda,Malbec Desodorante Colônia 100ml,1,209.9,84.0,Perfumaria Masculina,,CLI0033,Feminino,1968-09-16,Amei o cheiro!,Entregue no Prazo,BOTAO20,Sim
VND01891,2025-03-02 22:44:56,Ecomm mono,mooz pix,MG,Poços de Caldas,Malbec Gold Desodorante Colônia 100ml,3,195.9,78.0,Perfumaria Masculina,,CLI0262,Masculino,2002-02-28,,Entregue no Prazo,,Não
VND01892,2024-01-30 12:54:35,lojas,mooz pix,PI,Teresina,Malbec Desodorante Colônia 100ml,4,209.9,84.0,Perfumaria Masculina,FRQ003,,,,,,,
VND01893,2025-09-20 20:37:59,Ecomm mono,mooz cartões,RJ,Macaé,Malbec Desodorante Colônia 100ml,1,209.9,84.0,Perfumaria Masculina,,CLI0257,Feminino,2003-05-19,,Entregue no Prazo,,Não
VND01894,2025-11-16 19:43:10,Ecomm multi,mooz cartões,MG,Juiz de Fora,Malbec Desodorante Colônia 100ml,3,209.9,84.0,Perfumaria Masculina,,CLI0108,Masculino,1997-09-05,Amei o cheiro!,Entregue no Prazo,,Não
VND01894,2025-11-16 19:43:10,Ecomm multi,mooz cartões,MG,Juiz de Fora,Lily Creme Acetinado Hidratante Corporal 250g,4,149.9,45.0,Perfumaria Feminina,,CLI0108,Masculino,1997-09-05,Amei o cheiro!,Entregue no Prazo,,Não
VND01895,2024-05-19 20:34:44,Ecomm mono,mooz cartões,SP,São José dos Campos,Malbec Desodorante Colônia 100ml,2000,209.9,84.0,Perfumaria Masculina,,CLI0074,Não-binário,1991-08-07,Melhor creme da vida.,Entregue no Prazo,,Não
VND01896,2026-01-31 08:11:42,lojas,mooz cartões,DF,Brasília,Lily Lumière Eau de Parfum 75ml,4,329.9,145.0,Perfumaria Feminina,FRQ012,,,,,,,
VND01896,2026-01-31 08:11:42,lojas,mooz cartões,DF,Brasília,Malbec Gold Desodorante Colônia 100ml,2,195.9,78.0,Perfumaria Masculina,FRQ012,,,,,,,
VND01897,2025-10-27 12:51:54,Ecomm multi,mooz pix,SP,Jundiaí,Floratta Red Desodorante Colônia 75ml,4,229.9,92.0,Perfumaria Feminina,,CLI0366,Não-binário,1992-04-20,Amei o cheiro!,Entregue no Prazo,,Não
VND01898,2024-06-05 19:21:18,Ecomm multi,mooz cartões,DF,Brasília,Cuide-se Bem Loção Corporal Deleite 200ml,1,78.9,24.0,Cuidados e Corpo,,CLI0235,Masculino,1965-04-04,Melhor creme da vida.,Entregue no Prazo,MAES15,Sim
VND01899,2025-08-20 19:50:55,Ecomm mono,mooz pix,MG,Ipatinga,Lily Creme Acetinado Hidratante Corporal 250g,1,149.9,45.0,Perfumaria Feminina,,CLI0120,Feminino,1974-01-22,Melhor creme da vida.,Entregue no Prazo,,Não
VND01900,2024-08-21 19:45:11,VD,outros meios de pagamento,RS,Caxias do Sul,Make B. Base Líquida Mate Salicylic 30g,3,109.9,38.0,Maquiagem e Skincare,REV0037,,,,,,,
VND01900,2024-08-21 19:45:11,VD,outros meios de pagamento,RS,Caxias do Sul,Malbec Gold Desodorante Colônia 100ml,4,195.9,78.0,Perfumaria Masculina,REV0037,,,,,,,
VND01901,2024-06-14 12:39:16,Ecomm mono,mooz pix,MG,Juiz de Fora,Malbec Gold Desodorante Colônia 100ml,3,195.9,78.0,Perfumaria Masculina,,CLI0216,Masculino,1990-09-17,Chegou super rápido.,Entregue no Prazo,,Não
VND01901,2024-06-14 12:39:16,Ecomm mono,mooz pix,MG,Juiz de Fora,Cuide-se Bem Loção Corporal Deleite 200ml,1,78.9,24.0,Cuidados e Corpo,,CLI0216,Masculino,1990-09-17,Chegou super rápido.,Entregue no Prazo,,Não
VND01902,2025-05-31 22:55:48,Ecomm multi,mooz cartões,AM,Itacoatiara,Make B. Base Líquida Mate Salicylic 30g,1,109.9,38.0,Maquiagem e Skincare,,CLI0115,Não-binário,2002-12-26,,Entregue no Prazo,,Sim
VND01902,2025-05-31 22:55:48,Ecomm multi,mooz cartões,AM,Itacoatiara,Cuide-se Bem Loção Corporal Deleite 200ml,1,78.9,24.0,Cuidados e Corpo,,CLI0115,Não-binário,2002-12-26,,Entregue no Prazo,,Sim
VND01903,2024-08-11 19:17:53,lojas,mooz pix,MG,Uberaba,Shampoo Match Escudo De Hidratação 300ml,4,47.9,14.0,Cabelos,FRQ015,,,,,,,
VND01904,2024-10-29 19:31:21,Ecomm mono,mooz pix,RJ,Campos dos Goytacazes,Lily Lumière Eau de Parfum 75ml,2,329.9,145.0,Perfumaria Feminina,,CLI0014,Feminino,1984-02-18,Chegou super rápido.,Entregue no Prazo,,Não
VND01904,2024-10-29 19:31:21,Ecomm mono,mooz pix,RJ,Campos dos Goytacazes,Malbec Desodorante Colônia 100ml,4,209.9,84.0,Perfumaria Masculina,,CLI0014,Feminino,1984-02-18,Chegou super rápido.,Entregue no Prazo,,Não
VND01905,2025-06-10 15:56:53,Ecomm mono,mooz cartões,PR,Foz do Iguaçu,Malbec Desodorante Colônia 100ml,3,209.9,84.0,Perfumaria Masculina,,CLI0320,Feminino,1998-12-16,,Entregue no Prazo,,Não
VND01906,2024-11-16 19:04:39,lojas,mooz cartões,SP,Osasco,Malbec Desodorante Colônia 100ml,3,209.9,84.0,Perfumaria Masculina,FRQ027,,,,,,,
VND01907,2025-11-11 19:40:24,Ecomm mono,mooz pix,RJ,Nova Iguaçu,Malbec Desodorante Colônia 100ml,2,209.9,84.0,Perfumaria Masculina,,CLI0014,Feminino,1984-02-18,Melhor creme da vida.,Entregue no Prazo,BOTAO20,Sim
VND01908,2025-08-12 13:11:51,VD,outros meios de pagamento,SP,São Carlos,Botik Sérum Alta Potência Ácido Hialurônico 30ml,2,169.9,59.0,Maquiagem e Skincare,REV0005,,,,,,,
VND01909,2025-08-08 19:36:03,VD,mooz pix,RS,Passo Fundo,Malbec Gold Desodorante Colônia 100ml,1,195.9,78.0,Perfumaria Masculina,REV0062,,,,,,,
VND01909,2025-08-08 19:36:03,VD,mooz pix,RS,Passo Fundo,Malbec Desodorante Colônia 100ml,2,209.9,84.0,Perfumaria Masculina,REV0062,,,,,,,
VND01910,2024-11-28 22:00:05,VD,mooz cartões,SP,Ribeirão Preto,Lily Creme Acetinado Hidratante Corporal 250g,2,149.9,45.0,Perfumaria Feminina,REV0039,,,,,,,
VND01910,2024-11-28 22:00:05,VD,mooz cartões,SP,Ribeirão Preto,Floratta Red Desodorante Colônia 75ml,3,229.9,92.0,Perfumaria Feminina,REV0039,,,,,,,
VND01911,2024-07-25 12:49:43,Ecomm multi,mooz cartões,BA,Porto Seguro,Malbec Desodorante Colônia 100ml,1,209.9,84.0,Perfumaria Masculina,,CLI0219,Masculino,1979-05-08,,Entregue no Prazo,QUERO10,Sim
VND01912,2024-06-03 12:10:39,VD,outros meios de pagamento,SP,Piracicaba,Cuide-se Bem Loção Corporal Deleite 200ml,2,78.9,24.0,Cuidados e Corpo,REV0027,,,,,,,
VND01912,2024-06-03 12:10:39,VD,outros meios de pagamento,SP,Piracicaba,Malbec Gold Desodorante Colônia 100ml,3,195.9,78.0,Perfumaria Masculina,REV0027,,,,,,,
VND01913,2025-09-08 12:34:41,VD,outros meios de pagamento,RS,Pelotas,Lily Lumière Eau de Parfum 75ml,3,329.9,145.0,Perfumaria Feminina,REV0087,,,,,,,
VND01914,2025-06-09 13:42:13,lojas,mooz pix,RJ,Volta Redonda,Lily Creme Acetinado Hidratante Corporal 250g,2,149.9,45.0,Perfumaria Feminina,FRQ018,,,,,,,
VND01914,2025-06-09 13:42:13,lojas,mooz pix,RJ,Volta Redonda,Cuide-se Bem Loção Corporal Deleite 200ml,2,78.9,24.0,Cuidados e Corpo,FRQ018,,,,,,,
VND01915,2025-12-29 22:04:58,Ecomm multi,mooz cartões,SP,São Paulo,Lily Creme Acetinado Hidratante Corporal 250g,3,149.9,45.0,Perfumaria Feminina,,CLI0112,Não-binário,1999-12-05,Melhor creme da vida.,Entregue no Prazo,,Não
VND01916,2024-01-31 13:46:13,lojas,mooz cartões,SP,Bauru,Shampoo Match Escudo De Hidratação 300ml,3,47.9,14.0,Cabelos,FRQ029,,,,,,,
VND01917,2025-03-16 19:31:04,Ecomm mono,mooz pix,MG,Uberaba,Malbec Desodorante Colônia 100ml,2,209.9,84.0,Perfumaria Masculina,,CLI0177,Feminino,1989-03-02,,Entregue no Prazo,,Não
VND01918,2024-06-04 12:52:24,lojas,mooz cartões,RS,Pelotas,Malbec Gold Desodorante Colônia 100ml,1,195.9,78.0,Perfumaria Masculina,FRQ001,,,,,,,
VND01919,2026-02-26 20:49:56,Ecomm multi,mooz cartões,RJ,Nova Iguaçu,Lily Creme Acetinado Hidratante Corporal 250g,4,149.9,45.0,Perfumaria Feminina,,CLI0389,Feminino,1966-06-28,,Entregue no Prazo,,Não
VND01920,2024-01-24 13:38:38,Ecomm mono,mooz pix,SP,São Carlos,Floratta Red Desodorante Colônia 75ml,2,229.9,92.0,Perfumaria Feminina,,CLI0306,Não-binário,1996-11-26,Chegou super rápido.,Entregue no Prazo,,Não
VND01920,2024-01-24 13:38:38,Ecomm mono,mooz pix,SP,São Carlos,Malbec Desodorante Colônia 100ml,1,209.9,84.0,Perfumaria Masculina,,CLI0306,Não-binário,1996-11-26,Chegou super rápido.,Entregue no Prazo,,Não
VND01921,2026-03-11 19:31:55,VD,mooz pix,SP,Jundiaí,Malbec Desodorante Colônia 100ml,2,209.9,84.0,Perfumaria Masculina,REV0007,,,,,,,
VND01921,2026-03-11 19:31:55,VD,mooz pix,SP,Jundiaí,Make B. Base Líquida Mate Salicylic 30g,1,109.9,38.0,Maquiagem e Skincare,REV0007,,,,,,,
VND01922,2024-10-27 12:44:34,lojas,outros meios de pagamento,SP,São Carlos,Malbec Desodorante Colônia 100ml,3,209.9,84.0,Perfumaria Masculina,FRQ021,,,,,,,
VND01923,2025-05-19 12:33:54,Ecomm mono,mooz cartões,PR,Ponta Grossa,Malbec Desodorante Colônia 100ml,1,209.9,84.0,Perfumaria Masculina,,CLI0282,Feminino,1978-12-10,Melhor creme da vida.,Entregue no Prazo,,Sim
VND01924,2024-07-16 19:15:34,VD,mooz cartões,SP,Osasco,Cuide-se Bem Loção Corporal Deleite 200ml,4,78.9,24.0,Cuidados e Corpo,REV0089,,,,,,,
VND01925,2024-11-14 19:57:51,Ecomm mono,mooz pix,SP,Piracicaba,Malbec Desodorante Colônia 100ml,4,209.9,84.0,Perfumaria Masculina,,CLI0246,Não-binário,1964-11-08,Chegou super rápido.,Entregue no Prazo,,Não
VND01926,2026-06-30 19:28:30,Ecomm multi,mooz cartões,RJ,Niterói,Floratta Red Desodorante Colônia 75ml,3,229.9,92.0,Perfumaria Feminina,,CLI0134,Masculino,2002-07-11,,Entregue no Prazo,QUERO10,Sim
VND01927,2025-12-24 08:13:44,Ecomm multi,mooz cartões,RR,Boa Vista,Lily Creme Acetinado Hidratante Corporal 250g,1,149.9,45.0,Perfumaria Feminina,,CLI0213,Não-binário,1988-01-03,Amei o cheiro!,Entregue no Prazo,,Não
VND01928,2025-09-14 12:47:47,VD,mooz pix,SP,Sorocaba,Lily Creme Acetinado Hidratante Corporal 250g,4,149.9,45.0,Perfumaria Feminina,REV0044,,,,,,,
VND01928,2025-09-14 12:47:47,VD,mooz pix,SP,Sorocaba,Malbec Gold Desodorante Colônia 100ml,2,195.9,78.0,Perfumaria Masculina,REV0044,,,,,,,
VND01929,2026-04-06 15:18:56,Ecomm mono,mooz pix,RJ,Duque de Caxias,Malbec Gold Desodorante Colônia 100ml,2,195.9,78.0,Perfumaria Masculina,,CLI0174,Não-binário,1968-10-18,Melhor creme da vida.,Entregue no Prazo,,Não
VND01930,2026-05-21 20:38:26,lojas,mooz cartões,PR,Paranaguá,Floratta Red Desodorante Colônia 75ml,4,229.9,92.0,Perfumaria Feminina,FRQ025,,,,,,,
VND01931,2025-12-04 13:06:41,Ecomm multi,mooz cartões,BA,Porto Seguro,Make B. Base Líquida Mate Salicylic 30g,4,109.9,38.0,Maquiagem e Skincare,,CLI0272,Não-binário,1967-01-21,,Entregue no Prazo,,Sim
VND01932,2024-09-21 19:45:38,VD,mooz pix,RJ,Teresópolis,Lily Creme Acetinado Hidratante Corporal 250g,1,149.9,45.0,Perfumaria Feminina,REV0047,,,,,,,
VND01933,2024-02-04 20:26:11,Ecomm multi,mooz pix,SP,Piracicaba,Lily Creme Acetinado Hidratante Corporal 250g,3,149.9,45.0,Perfumaria Feminina,,CLI0339,Masculino,1999-04-21,Melhor creme da vida.,Entregue no Prazo,,Não
VND01934,2024-10-27 13:05:47,Ecomm multi,mooz pix,SP,Franca,Lily Creme Acetinado Hidratante Corporal 250g,1,149.9,45.0,Perfumaria Feminina,,CLI0223,Masculino,2006-10-25,,Entregue no Prazo,QUERO10,Sim
VND01935,2025-04-02 13:19:29,Ecomm mono,mooz pix,RS,Canoas,Botik Sérum Alta Potência Ácido Hialurônico 30ml,2,169.9,59.0,Maquiagem e Skincare,,CLI0095,Não-binário,1994-12-10,Amei o cheiro!,Entregue no Prazo,MAES15,Sim
VND01935,2025-04-02 13:19:29,Ecomm mono,mooz pix,RS,Canoas,Lily Lumière Eau de Parfum 75ml,4,329.9,145.0,Perfumaria Feminina,,CLI0095,Não-binário,1994-12-10,Amei o cheiro!,Entregue no Prazo,MAES15,Sim
VND01936,2026-05-22 20:05:28,VD,mooz pix,SP,Santo André,Malbec Gold Desodorante Colônia 100ml,3,195.9,78.0,Perfumaria Masculina,REV0014,,,,,,,
VND01937,2024-12-11 13:04:47,lojas,mooz cartões,ES,Vila Velha,Make B. Base Líquida Mate Salicylic 30g,3,109.9,38.0,Maquiagem e Skincare,FRQ028,,,,,,,
VND01937,2024-12-11 13:04:47,lojas,mooz cartões,ES,Vila Velha,Malbec Desodorante Colônia 100ml,3,209.9,84.0,Perfumaria Masculina,FRQ028,,,,,,,
VND01938,2024-09-08 12:22:49,lojas,outros meios de pagamento,PE,Olinda,Malbec Desodorante Colônia 100ml,4,209.9,84.0,Perfumaria Masculina,FRQ021,,,,,,,
VND01939,2026-05-30 20:31:36,VD,outros meios de pagamento,MG,Ouro Preto,Shampoo Match Escudo De Hidratação 300ml,3,47.9,14.0,Cabelos,REV0007,,,,,,,
VND01940,2025-12-29 12:52:05,Ecomm mono,mooz cartões,SP,São Carlos,Make B. Base Líquida Mate Salicylic 30g,3,109.9,38.0,Maquiagem e Skincare,,CLI0374,Masculino,1989-09-20,,Entregue no Prazo,,Não
VND01940,2025-12-29 12:52:05,Ecomm mono,mooz cartões,SP,São Carlos,Lily Creme Acetinado Hidratante Corporal 250g,1,149.9,45.0,Perfumaria Feminina,,CLI0374,Masculino,1989-09-20,,Entregue no Prazo,,Não
VND01941,2025-08-13 13:26:07,VD,mooz pix,PR,Guarapuava,Make B. Base Líquida Mate Salicylic 30g,1,109.9,38.0,Maquiagem e Skincare,REV0033,,,,,,,
VND01942,2024-09-03 20:36:29,Ecomm mono,mooz pix,AC,Rio Branco,Malbec Desodorante Colônia 100ml,3,209.9,84.0,Perfumaria Masculina,,CLI0375,Não-binário,1966-12-04,,Entregue no Prazo,,Sim
VND01942,2024-09-03 20:36:29,Ecomm mono,mooz pix,AC,Rio Branco,Floratta Red Desodorante Colônia 75ml,4,229.9,92.0,Perfumaria Feminina,,CLI0375,Não-binário,1966-12-04,,Entregue no Prazo,,Sim
VND01943,2025-11-16 20:18:35,Ecomm multi,mooz pix,SP,SP - São Paulo,Cuide-se Bem Loção Corporal Deleite 200ml,1,78.9,24.0,Cuidados e Corpo,,CLI0287,Não-binário,1974-07-02,Melhor creme da vida.,Entregue no Prazo,QUERO10,Sim
VND01944,2025-08-22 12:26:42,Ecomm multi,mooz pix,RJ,Nova Friburgo,Lily Lumière Eau de Parfum 75ml,2,329.9,145.0,Perfumaria Feminina,,CLI0010,Feminino,1981-02-03,,Entregue no Prazo,,Não
VND01944,2025-08-22 12:26:42,Ecomm multi,mooz pix,RJ,Nova Friburgo,Cuide-se Bem Loção Corporal Deleite 200ml,3,78.9,24.0,Cuidados e Corpo,,CLI0010,Feminino,1981-02-03,,Entregue no Prazo,,Não
VND01945,2025-06-26 13:06:49,VD,mooz cartões,PR,Foz do Iguaçu,Lily Lumière Eau de Parfum 75ml,1,329.9,145.0,Perfumaria Feminina,REV0088,,,,,,,
VND01945,2025-06-26 13:06:49,VD,mooz cartões,PR,Foz do Iguaçu,Lily Creme Acetinado Hidratante Corporal 250g,4,149.9,45.0,Perfumaria Feminina,REV0088,,,,,,,
VND01946,2025-12-22 19:48:51,lojas,mooz cartões,SP,São Paulo,Malbec Desodorante Colônia 100ml,2,209.9,84.0,Perfumaria Masculina,FRQ027,,,,,,,
VND01946,2025-12-22 19:48:51,lojas,mooz cartões,SP,São Paulo,Lily Creme Acetinado Hidratante Corporal 250g,2,149.9,45.0,Perfumaria Feminina,FRQ027,,,,,,,
VND01947,2025-12-09 19:46:19,Ecomm multi,mooz pix,PE,Olinda,Cuide-se Bem Loção Corporal Deleite 200ml,4,78.9,24.0,Cuidados e Corpo,,CLI0316,Não-binário,1990-02-08,,Entregue no Prazo,,Não
VND01948,2024-05-16 13:25:23,Ecomm mono,mooz cartões,RJ,Cabo Frio,Malbec Desodorante Colônia 100ml,1,209.9,84.0,Perfumaria Masculina,,CLI0262,Masculino,2002-02-28,,Entregue com Atraso,MAES15,Sim
VND01948,2024-05-16 13:25:23,Ecomm mono,mooz cartões,RJ,Cabo Frio,Cuide-se Bem Loção Corporal Deleite 200ml,2,78.9,24.0,Cuidados e Corpo,,CLI0262,Masculino,2002-02-28,,Entregue com Atraso,MAES15,Sim
VND01949,2024-03-03 22:11:25,lojas,mooz cartões,SP,Ribeirão Preto,Malbec Desodorante Colônia 100ml,3,209.9,84.0,Perfumaria Masculina,FRQ005,,,,,,,
VND01949,2024-03-03 22:11:25,lojas,mooz cartões,SP,Ribeirão Preto,Cuide-se Bem Loção Corporal Deleite 200ml,3,78.9,24.0,Cuidados e Corpo,FRQ005,,,,,,,
VND01950,2024-08-16 13:39:58,VD,mooz pix,PE,Caruaru,Cuide-se Bem Loção Corporal Deleite 200ml,2,78.9,24.0,Cuidados e Corpo,REV0100,,,,,,,
VND01951,2024-05-05 15:45:35,lojas,mooz pix,RJ,Teresópolis,Floratta Red Desodorante Colônia 75ml,1,229.9,92.0,Perfumaria Feminina,FRQ019,,,,,,,
VND01951,2024-05-05 15:45:35,lojas,mooz pix,RJ,Teresópolis,Lily Creme Acetinado Hidratante Corporal 250g,2,149.9,45.0,Perfumaria Feminina,FRQ019,,,,,,,
VND01952,2024-08-01 19:31:27,lojas,mooz cartões,RJ,Duque de Caxias,Malbec Desodorante Colônia 100ml,3,209.9,84.0,Perfumaria Masculina,FRQ005,,,,,,,
VND01953,2025-04-21 19:50:53,lojas,mooz pix,MG,Juiz de Fora,Shampoo Match Escudo De Hidratação 300ml,2,47.9,14.0,Cabelos,FRQ006,,,,,,,
VND01954,2025-08-21 20:41:13,Ecomm mono,mooz cartões,PR,Foz do Iguaçu,Cuide-se Bem Loção Corporal Deleite 200ml,2,78.9,24.0,Cuidados e Corpo,,CLI0381,Feminino,1965-02-03,Chegou super rápido.,Entregue no Prazo,QUERO10,Sim
VND01955,2024-05-10 19:31:57,VD,mooz pix,GO,Aparecida de Goiânia,Make B. Base Líquida Mate Salicylic 30g,3,109.9,38.0,Maquiagem e Skincare,REV0029,,,,,,,
VND01956,2025-12-04 12:30:26,Ecomm multi,mooz cartões,BA,Porto Seguro,Malbec Gold Desodorante Colônia 100ml,3,195.9,78.0,Perfumaria Masculina,,CLI0152,Feminino,1995-04-28,Suporte não responde.,Entregue no Prazo,,Sim
VND01956,2025-12-04 12:30:26,Ecomm multi,mooz cartões,BA,Porto Seguro,Lily Lumière Eau de Parfum 75ml,2,329.9,145.0,Perfumaria Feminina,,CLI0152,Feminino,1995-04-28,Suporte não responde.,Entregue no Prazo,,Sim
VND01957,2025-11-15 12:18:01,Ecomm mono,mooz cartões,SC,Joinville,Malbec Desodorante Colônia 100ml,2,209.9,84.0,Perfumaria Masculina,,CLI0323,Masculino,2003-12-25,,Entregue com Atraso,,Sim
VND01957,2025-11-15 12:18:01,Ecomm mono,mooz cartões,SC,Joinville,Lily Lumière Eau de Parfum 75ml,2,329.9,145.0,Perfumaria Feminina,,CLI0323,Masculino,2003-12-25,,Entregue com Atraso,,Sim
VND01958,2025-08-08 20:38:29,Ecomm multi,mooz cartões,MS,Campo Grande,Floratta Red Desodorante Colônia 75ml,4,229.9,92.0,Perfumaria Feminina,,CLI0042,Feminino,1992-02-28,Melhor creme da vida.,Entregue no Prazo,QUERO10,Não
VND01958,2025-08-08 20:38:29,Ecomm multi,mooz cartões,MS,Campo Grande,Malbec Gold Desodorante Colônia 100ml,1,195.9,78.0,Perfumaria Masculina,,CLI0042,Feminino,1992-02-28,Melhor creme da vida.,Entregue no Prazo,QUERO10,Não
VND01959,2026-01-14 12:21:00,Ecomm multi,mooz pix,SP,Mauá,Floratta Red Desodorante Colônia 75ml,4,229.9,92.0,Perfumaria Feminina,,CLI0378,Não-binário,2006-02-11,,Entregue no Prazo,,Não
VND01960,2025-04-27 13:19:53,Ecomm multi,mooz cartões,SC,Joinville,Malbec Desodorante Colônia 100ml,2000,209.9,84.0,Perfumaria Masculina,,CLI0287,Não-binário,1974-07-02,Melhor creme da vida.,Entregue no Prazo,,Não
VND01960,2025-04-27 13:19:53,Ecomm multi,mooz cartões,SC,Joinville,Make B. Base Líquida Mate Salicylic 30g,4,109.9,38.0,Maquiagem e Skincare,,CLI0287,Não-binário,1974-07-02,Melhor creme da vida.,Entregue no Prazo,,Não
VND01961,2024-06-05 20:22:36,Ecomm multi,mooz cartões,GO,Aparecida de Goiânia,Botik Sérum Alta Potência Ácido Hialurônico 30ml,3,169.9,59.0,Maquiagem e Skincare,,CLI0152,Feminino,1995-04-28,,Entregue no Prazo,,Sim
VND01962,2025-09-02 12:12:35,Ecomm mono,mooz pix,SP,Bauru,Malbec Desodorante Colônia 100ml,2,209.9,84.0,Perfumaria Masculina,,CLI0381,Feminino,1965-02-03,,Entregue no Prazo,,Não
VND01962,2025-09-02 12:12:35,Ecomm mono,mooz pix,SP,Bauru,Floratta Red Desodorante Colônia 75ml,4,229.9,92.0,Perfumaria Feminina,,CLI0381,Feminino,1965-02-03,,Entregue no Prazo,,Não
VND01963,2024-02-24 12:54:05,VD,outros meios de pagamento,ES,Vitória,Make B. Base Líquida Mate Salicylic 30g,4,109.9,38.0,Maquiagem e Skincare,REV0095,,,,,,,
VND01964,2024-06-20 13:24:42,Ecomm multi,mooz cartões,PR,Maringá,Floratta Red Desodorante Colônia 75ml,2,229.9,92.0,Perfumaria Feminina,,CLI0088,Masculino,1975-05-13,Melhor creme da vida.,Entregue no Prazo,,Sim
VND01965,2025-02-04 13:06:37,VD,mooz cartões,SP,Mogi das Cruzes,Malbec Gold Desodorante Colônia 100ml,4,195.9,78.0,Perfumaria Masculina,REV0002,,,,,,,
VND01966,2026-01-14 12:28:13,lojas,mooz pix,GO,Rio Verde,Malbec Gold Desodorante Colônia 100ml,2,195.9,78.0,Perfumaria Masculina,FRQ010,,,,,,,
VND01967,2025-06-10 12:23:40,Ecomm mono,mooz cartões,RJ,Angra dos Reis,Cuide-se Bem Loção Corporal Deleite 200ml,4,78.9,24.0,Cuidados e Corpo,,CLI0221,Feminino,1994-12-06,,Entregue no Prazo,,Não
VND01968,2025-11-08 22:35:06,VD,mooz pix,RJ,Campos dos Goytacazes,Make B. Base Líquida Mate Salicylic 30g,3,109.9,38.0,Maquiagem e Skincare,REV0097,,,,,,,
VND01969,2026-03-22 19:14:34,Ecomm multi,mooz cartões,SP,Piracicaba,Lily Lumière Eau de Parfum 75ml,3,329.9,145.0,Perfumaria Feminina,,CLI0395,Feminino,1969-10-22,Melhor creme da vida.,Entregue no Prazo,,Não
VND01969,2026-03-22 19:14:34,Ecomm multi,mooz cartões,SP,Piracicaba,Floratta Red Desodorante Colônia 75ml,1,229.9,92.0,Perfumaria Feminina,,CLI0395,Feminino,1969-10-22,Melhor creme da vida.,Entregue no Prazo,,Não
VND01970,2025-03-29 08:33:59,lojas,mooz pix,RJ,Duque de Caxias,Make B. Base Líquida Mate Salicylic 30g,4,109.9,38.0,Maquiagem e Skincare,FRQ008,,,,,,,
VND01971,2025-09-25 20:02:25,lojas,outros meios de pagamento,MG,Montes Claros,Floratta Red Desodorante Colônia 75ml,4,229.9,92.0,Perfumaria Feminina,FRQ002,,,,,,,
VND01972,2025-10-17 13:59:14,Ecomm mono,mooz cartões,SE,Aracaju,Malbec Desodorante Colônia 100ml,1,209.9,84.0,Perfumaria Masculina,,CLI0129,Masculino,1962-12-14,,Entregue no Prazo,,Não
VND01973,2025-02-02 13:15:32,Ecomm multi,mooz cartões,PR,Curitiba,Malbec Desodorante Colônia 100ml,3,209.9,84.0,Perfumaria Masculina,,CLI0267,Não-binário,1992-01-22,Melhor creme da vida.,Entregue no Prazo,,Sim
VND01974,2025-08-19 19:47:56,VD,mooz pix,SP,Campinas,Lily Creme Acetinado Hidratante Corporal 250g,3,149.9,45.0,Perfumaria Feminina,REV0024,,,,,,,
VND01975,2024-12-25 13:26:45,VD,outros meios de pagamento,SP,Mogi das Cruzes,Floratta Red Desodorante Colônia 75ml,3,229.9,92.0,Perfumaria Feminina,REV0082,,,,,,,
VND01976,2024-08-08 19:08:54,Ecomm multi,mooz pix,SP,Sao Paolo,Lily Lumière Eau de Parfum 75ml,4,329.9,145.0,Perfumaria Feminina,,CLI0264,Não-binário,1978-11-13,Chegou super rápido.,Entregue no Prazo,QUERO10,Sim
VND01977,2025-06-15 12:56:56,VD,mooz cartões,SP,Santos,Malbec Desodorante Colônia 100ml,1,209.9,84.0,Perfumaria Masculina,REV0038,,,,,,,
VND01978,2025-07-26 20:47:58,VD,outros meios de pagamento,SC,Blumenau,Cuide-se Bem Loção Corporal Deleite 200ml,1,78.9,24.0,Cuidados e Corpo,REV0078,,,,,,,
VND01978,2025-07-26 20:47:58,VD,outros meios de pagamento,SC,Blumenau,Lily Creme Acetinado Hidratante Corporal 250g,3,149.9,45.0,Perfumaria Feminina,REV0078,,,,,,,
VND01979,2024-12-30 19:36:06,lojas,outros meios de pagamento,PR,Guarapuava,Malbec Desodorante Colônia 100ml,4,209.9,84.0,Perfumaria Masculina,FRQ018,,,,,,,
VND01980,2025-05-19 19:00:34,VD,outros meios de pagamento,SC,Blumenau,Lily Lumière Eau de Parfum 75ml,2,329.9,145.0,Perfumaria Feminina,REV0079,,,,,,,
VND01981,2026-05-20 13:45:50,Ecomm mono,mooz cartões,SP,São José dos Campos,Floratta Red Desodorante Colônia 75ml,3,229.9,92.0,Perfumaria Feminina,,CLI0360,Feminino,1968-01-12,O produto veio quebrado.,Entregue com Atraso,QUERO10,Sim
VND01982,2024-09-28 08:03:52,lojas,mooz pix,SP,Franca,Cuide-se Bem Loção Corporal Deleite 200ml,4,78.9,24.0,Cuidados e Corpo,FRQ022,,,,,,,
VND01983,2025-01-29 19:28:16,VD,mooz pix,MA,Imperatriz,Lily Lumière Eau de Parfum 75ml,2,329.9,145.0,Perfumaria Feminina,REV0014,,,,,,,
VND01984,2025-10-27 19:03:24,Ecomm mono,mooz cartões,ES,Vila Velha,Botik Sérum Alta Potência Ácido Hialurônico 30ml,1,169.9,59.0,Maquiagem e Skincare,,CLI0163,Não-binário,2004-03-23,,Entregue no Prazo,QUERO10,Não
VND01984,2025-10-27 19:03:24,Ecomm mono,mooz cartões,ES,Vila Velha,Malbec Desodorante Colônia 100ml,2,209.9,84.0,Perfumaria Masculina,,CLI0163,Não-binário,2004-03-23,,Entregue no Prazo,QUERO10,Não
VND01985,2025-12-28 12:14:55,lojas,mooz cartões,DF,Brasilia,Lily Lumière Eau de Parfum 75ml,4,329.9,145.0,Perfumaria Feminina,FRQ019,,,,,,,
VND01985,2025-12-28 12:14:55,lojas,mooz cartões,DF,Brasilia,Floratta Red Desodorante Colônia 75ml,1,229.9,92.0,Perfumaria Feminina,FRQ019,,,,,,,
VND01986,2024-06-03 19:50:18,Ecomm mono,mooz pix,SP,Santo André,Cuide-se Bem Loção Corporal Deleite 200ml,4,78.9,24.0,Cuidados e Corpo,,CLI0337,Masculino,1966-11-08,,Entregue no Prazo,,Não
VND01987,2026-05-30 13:18:22,VD,mooz pix,SP,Santos,Shampoo Match Escudo De Hidratação 300ml,1,47.9,14.0,Cabelos,REV0012,,,,,,,
VND01988,2025-06-15 12:50:17,VD,outros meios de pagamento,MA,São Luís,Malbec Desodorante Colônia 100ml,4,209.9,84.0,Perfumaria Masculina,REV0033,,,,,,,
VND01989,2024-09-19 19:49:35,lojas,mooz pix,DF,Brasília,Floratta Red Desodorante Colônia 75ml,3,229.9,92.0,Perfumaria Feminina,FRQ009,,,,,,,
VND01990,2025-02-17 13:43:51,Ecomm mono,mooz cartões,RS,Pelotas,Malbec Desodorante Colônia 100ml,2,209.9,84.0,Perfumaria Masculina,,CLI0068,Masculino,1966-04-07,,Entregue no Prazo,MAES15,Sim
VND01991,2026-05-03 22:41:02,Ecomm multi,mooz pix,SC,Joinville,Malbec Gold Desodorante Colônia 100ml,3,195.9,78.0,Perfumaria Masculina,,CLI0312,Não-binário,1978-11-18,Amei o cheiro!,Entregue com Atraso,,Não
VND01992,2024-07-02 12:12:43,Ecomm mono,mooz pix,SP,Mauá,Cuide-se Bem Loção Corporal Deleite 200ml,1,78.9,24.0,Cuidados e Corpo,,CLI0386,Feminino,1978-10-10,,Entregue no Prazo,,Não
VND01993,2025-05-22 19:40:25,VD,mooz pix,PE,Caruaru,Malbec Desodorante Colônia 100ml,3,209.9,84.0,Perfumaria Masculina,REV0087,,,,,,,
VND01993,2025-05-22 19:40:25,VD,mooz pix,PE,Caruaru,Malbec Gold Desodorante Colônia 100ml,2000,195.9,78.0,Perfumaria Masculina,REV0087,,,,,,,
VND01994,2025-02-01 12:48:24,Ecomm multi,mooz cartões,RJ,Nova Friburgo,Botik Sérum Alta Potência Ácido Hialurônico 30ml,2,169.9,59.0,Maquiagem e Skincare,,CLI0277,Masculino,1986-08-16,,Entregue no Prazo,,Sim
VND01995,2024-05-07 12:24:10,Ecomm multi,mooz pix,MS,Dourados,Botik Sérum Alta Potência Ácido Hialurônico 30ml,2,169.9,59.0,Maquiagem e Skincare,,CLI0023,Feminino,1970-08-13,,Entregue no Prazo,,Não
VND01996,2024-10-07 19:12:21,lojas,mooz pix,DF,Brasília,Malbec Desodorante Colônia 100ml,3,209.9,84.0,Perfumaria Masculina,FRQ001,,,,,,,
VND01996,2024-10-07 19:12:21,lojas,mooz pix,DF,Brasília,Cuide-se Bem Loção Corporal Deleite 200ml,4,78.9,24.0,Cuidados e Corpo,FRQ001,,,,,,,
VND01997,2024-06-02 15:23:58,lojas,mooz pix,SP,Ribeirão Preto,Malbec Desodorante Colônia 100ml,1,209.9,84.0,Perfumaria Masculina,FRQ025,,,,,,,
VND01998,2024-09-05 13:46:45,VD,mooz cartões,DF,Brasília,Lily Lumière Eau de Parfum 75ml,2,329.9,145.0,Perfumaria Feminina,REV0075,,,,,,,
VND01999,2025-12-16 19:04:17,VD,outros meios de pagamento,SP,São Carlos,Malbec Desodorante Colônia 100ml,2,209.9,84.0,Perfumaria Masculina,REV0063,,,,,,,
VND01999,2025-12-16 19:04:17,VD,outros meios de pagamento,SP,São Carlos,Shampoo Match Escudo De Hidratação 300ml,4,47.9,14.0,Cabelos,REV0063,,,,,,,
VND02000,2025-07-11 12:55:19,VD,mooz cartões,PR,Londrina,Shampoo Match Escudo De Hidratação 300ml,2,47.9,14.0,Cabelos,REV0015,,,,,,,
VND02001,2025-05-29 12:00:02,Ecomm multi,mooz cartões,PR,Cascavel,Floratta Red Desodorante Colônia 75ml,3,229.9,92.0,Perfumaria Feminina,,CLI0084,Feminino,1985-02-19,,Entregue com Atraso,,Sim
VND02002,2026-06-10 12:08:26,lojas,outros meios de pagamento,SC,Blumenau,Lily Creme Acetinado Hidratante Corporal 250g,2,149.9,45.0,Perfumaria Feminina,FRQ017,,,,,,,
VND02002,2026-06-10 12:08:26,lojas,outros meios de pagamento,SC,Blumenau,Cuide-se Bem Loção Corporal Deleite 200ml,4,78.9,24.0,Cuidados e Corpo,FRQ017,,,,,,,
VND02003,2024-06-01 12:18:47,lojas,mooz cartões,SC,Blumenau,Lily Creme Acetinado Hidratante Corporal 250g,4,149.9,45.0,Perfumaria Feminina,FRQ007,,,,,,,
VND02004,2025-11-26 20:11:35,VD,mooz pix,SP,São Paulo,Floratta Red Desodorante Colônia 75ml,2,229.9,92.0,Perfumaria Feminina,REV0033,,,,,,,
VND02005,2025-04-28 12:16:28,Ecomm multi,mooz pix,RJ,Volta Redonda,Cuide-se Bem Loção Corporal Deleite 200ml,4,78.9,24.0,Cuidados e Corpo,,CLI0195,Feminino,1996-01-12,,Entregue no Prazo,,Não
VND02005,2025-04-28 12:16:28,Ecomm multi,mooz pix,RJ,Volta Redonda,Malbec Desodorante Colônia 100ml,4,209.9,84.0,Perfumaria Masculina,,CLI0195,Feminino,1996-01-12,,Entregue no Prazo,,Não
VND02006,2025-11-12 08:40:30,Ecomm mono,mooz cartões,GO,Goiânia,Floratta Red Desodorante Colônia 75ml,3,229.9,92.0,Perfumaria Feminina,,CLI0351,Masculino,1963-07-09,,Entregue no Prazo,,Sim
VND02006,2025-11-12 08:40:30,Ecomm mono,mooz cartões,GO,Goiânia,Malbec Desodorante Colônia 100ml,4,209.9,84.0,Perfumaria Masculina,,CLI0351,Masculino,1963-07-09,,Entregue no Prazo,,Sim
VND02007,2024-03-25 13:16:14,VD,outros meios de pagamento,RS,Passo Fundo,Floratta Red Desodorante Colônia 75ml,1,229.9,92.0,Perfumaria Feminina,REV0016,,,,,,,
VND02008,2024-10-20 19:37:50,Ecomm multi,mooz pix,SP,Sorocaba,Malbec Desodorante Colônia 100ml,4,209.9,84.0,Perfumaria Masculina,,CLI0363,Não-binário,1993-02-24,Chegou super rápido.,Entregue no Prazo,,Não
VND02009,2025-01-06 20:52:15,Ecomm mono,mooz pix,MG,Juiz de Fora,Malbec Desodorante Colônia 100ml,1,209.9,84.0,Perfumaria Masculina,,CLI0319,Não-binário,1977-01-19,,Entregue no Prazo,,Não
VND02010,2024-08-19 13:38:38,Ecomm multi,mooz pix,SP,Piracicaba,Malbec Gold Desodorante Colônia 100ml,1,195.9,78.0,Perfumaria Masculina,,CLI0365,Masculino,1992-10-04,,Entregue no Prazo,,Sim
VND02010,2024-08-19 13:38:38,Ecomm multi,mooz pix,SP,Piracicaba,Shampoo Match Escudo De Hidratação 300ml,1,47.9,14.0,Cabelos,,CLI0365,Masculino,1992-10-04,,Entregue no Prazo,,Sim
VND02011,2025-05-02 08:03:45,lojas,mooz cartões,MG,Montes Claros,Lily Creme Acetinado Hidratante Corporal 250g,3,149.9,45.0,Perfumaria Feminina,FRQ019,,,,,,,
VND02011,2025-05-02 08:03:45,lojas,mooz cartões,MG,Montes Claros,Malbec Desodorante Colônia 100ml,2,209.9,84.0,Perfumaria Masculina,FRQ019,,,,,,,
VND02012,2024-08-03 08:10:10,lojas,mooz cartões,SP,Franca,Make B. Base Líquida Mate Salicylic 30g,1,109.9,38.0,Maquiagem e Skincare,FRQ020,,,,,,,
VND02013,2025-03-25 19:28:13,VD,mooz pix,SP,Piracicaba,Make B. Base Líquida Mate Salicylic 30g,4,109.9,38.0,Maquiagem e Skincare,REV0095,,,,,,,
VND02013,2025-03-25 19:28:13,VD,mooz pix,SP,Piracicaba,Malbec Desodorante Colônia 100ml,4,209.9,84.0,Perfumaria Masculina,REV0095,,,,,,,
VND02014,2025-05-23 19:29:01,lojas,mooz pix,MG,Uberaba,Malbec Desodorante Colônia 100ml,1,209.9,84.0,Perfumaria Masculina,FRQ014,,,,,,,
VND02015,2026-01-04 13:54:35,lojas,mooz cartões,PR,Maringá,Cuide-se Bem Loção Corporal Deleite 200ml,2,78.9,24.0,Cuidados e Corpo,FRQ026,,,,,,,
VND02015,2026-01-04 13:54:35,lojas,mooz cartões,PR,Maringá,Malbec Desodorante Colônia 100ml,2,209.9,84.0,Perfumaria Masculina,FRQ026,,,,,,,
VND02016,2025-05-30 15:34:10,Ecomm multi,mooz pix,SP,Bauru,Malbec Desodorante Colônia 100ml,3,209.9,84.0,Perfumaria Masculina,,CLI0226,Feminino,2005-09-05,,Entregue no Prazo,,Não
VND02017,2026-05-08 12:10:42,VD,mooz pix,SP,Mauá,Botik Sérum Alta Potência Ácido Hialurônico 30ml,3,169.9,59.0,Maquiagem e Skincare,REV0085,,,,,,,
VND02018,2024-08-25 13:12:16,Ecomm mono,mooz cartões,SP,Sorocaba,Cuide-se Bem Loção Corporal Deleite 200ml,3,78.9,24.0,Cuidados e Corpo,,CLI0267,Não-binário,1992-01-22,Melhor creme da vida.,Entregue no Prazo,,Sim
VND02018,2024-08-25 13:12:16,Ecomm mono,mooz cartões,SP,Sorocaba,Make B. Base Líquida Mate Salicylic 30g,3,109.9,38.0,Maquiagem e Skincare,,CLI0267,Não-binário,1992-01-22,Melhor creme da vida.,Entregue no Prazo,,Sim
VND02019,2024-09-24 13:01:55,Ecomm multi,mooz cartões,SP,São José dos Campos,Malbec Desodorante Colônia 100ml,2,209.9,84.0,Perfumaria Masculina,,CLI0286,Feminino,2004-04-19,Melhor creme da vida.,Entregue no Prazo,,Não
VND02020,2025-06-25 12:44:26,Ecomm mono,mooz pix,RJ,Campos dos Goytacazes,Lily Creme Acetinado Hidratante Corporal 250g,2,149.9,45.0,Perfumaria Feminina,,CLI0378,Não-binário,2006-02-11,,Entregue no Prazo,,Não
VND02020,2025-06-25 12:44:26,Ecomm mono,mooz pix,RJ,Campos dos Goytacazes,Make B. Base Líquida Mate Salicylic 30g,2,109.9,38.0,Maquiagem e Skincare,,CLI0378,Não-binário,2006-02-11,,Entregue no Prazo,,Não
VND02021,2025-02-23 15:44:25,Ecomm mono,mooz pix,MG,Juiz de Fora,Malbec Gold Desodorante Colônia 100ml,2,195.9,78.0,Perfumaria Masculina,,CLI0251,Masculino,1998-12-27,,Entregue no Prazo,,Não
VND02022,2024-11-12 13:16:38,VD,outros meios de pagamento,SC,Blumenau,Lily Creme Acetinado Hidratante Corporal 250g,3,149.9,45.0,Perfumaria Feminina,REV0029,,,,,,,
VND02022,2024-11-12 13:16:38,VD,outros meios de pagamento,SC,Blumenau,Make B. Base Líquida Mate Salicylic 30g,2,109.9,38.0,Maquiagem e Skincare,REV0029,,,,,,,
VND02023,2026-05-19 15:23:55,VD,mooz cartões,SP,Campinas,Lily Lumière Eau de Parfum 75ml,1,329.9,145.0,Perfumaria Feminina,REV0010,,,,,,,
VND02024,2024-11-11 12:47:12,Ecomm multi,mooz pix,SP,São José dos Campos,Malbec Desodorante Colônia 100ml,2000,209.9,84.0,Perfumaria Masculina,,CLI0317,Não-binário,1996-06-19,A entrega atrasou muito.,Entregue com Atraso,,Não
VND02025,2026-04-23 08:29:45,VD,mooz pix,SP,Franca,Lily Creme Acetinado Hidratante Corporal 250g,1,149.9,45.0,Perfumaria Feminina,REV0081,,,,,,,
VND02025,2026-04-23 08:29:45,VD,mooz pix,SP,Franca,Floratta Red Desodorante Colônia 75ml,2,229.9,92.0,Perfumaria Feminina,REV0081,,,,,,,
VND02026,2024-08-24 20:11:02,Ecomm multi,mooz cartões,RJ,Rio de Janeiro,Lily Lumière Eau de Parfum 75ml,1,329.9,145.0,Perfumaria Feminina,,CLI0390,Masculino,1967-05-19,,Entregue no Prazo,,Não
VND02027,2025-08-02 13:10:57,Ecomm mono,mooz pix,SP,Mogi das Cruzes,Shampoo Match Escudo De Hidratação 300ml,4,47.9,14.0,Cabelos,,CLI0241,Masculino,2002-02-06,,Entregue no Prazo,,Não
VND02028,2025-05-15 19:07:07,Ecomm mono,mooz pix,PE,Recife,Malbec Desodorante Colônia 100ml,2000,209.9,84.0,Perfumaria Masculina,,CLI0239,Masculino,1996-10-02,,Entregue no Prazo,,Não
VND02029,2025-12-05 12:41:43,Ecomm multi,mooz cartões,SP,São Paulo,Cuide-se Bem Loção Corporal Deleite 200ml,3,78.9,24.0,Cuidados e Corpo,,CLI0269,Masculino,1999-08-21,,Entregue no Prazo,,Não
VND02030,2026-05-25 13:17:56,Ecomm multi,mooz cartões,MG,Juiz de Fora,Lily Creme Acetinado Hidratante Corporal 250g,3,149.9,45.0,Perfumaria Feminina,,CLI0196,Não-binário,2002-06-03,O produto veio quebrado.,Entregue no Prazo,,Não
VND02031,2025-06-14 12:47:24,Ecomm multi,mooz pix,SP,Franca,Malbec Desodorante Colônia 100ml,2,209.9,84.0,Perfumaria Masculina,,CLI0299,Feminino,1975-11-22,Melhor creme da vida.,Entregue no Prazo,,Sim
VND02032,2026-06-03 12:02:45,lojas,mooz pix,SP,São Paulo,Floratta Red Desodorante Colônia 75ml,1,229.9,92.0,Perfumaria Feminina,FRQ008,,,,,,,
VND02033,2024-01-28 13:51:52,Ecomm mono,mooz pix,RN,Natal,Malbec Gold Desodorante Colônia 100ml,3,195.9,78.0,Perfumaria Masculina,,CLI0396,Não-binário,1964-03-24,,Entregue no Prazo,,Sim
VND02033,2024-01-28 13:51:52,Ecomm mono,mooz pix,RN,Natal,Malbec Desodorante Colônia 100ml,2,209.9,84.0,Perfumaria Masculina,,CLI0396,Não-binário,1964-03-24,,Entregue no Prazo,,Sim
VND02034,2024-05-03 20:38:24,Ecomm mono,mooz cartões,SP,Piracicaba,Make B. Base Líquida Mate Salicylic 30g,4,109.9,38.0,Maquiagem e Skincare,,CLI0142,Feminino,1992-08-26,,Entregue no Prazo,MAES15,Não
VND02035,2024-11-17 19:51:47,lojas,mooz pix,MG,Montes Claros,Floratta Red Desodorante Colônia 75ml,4,229.9,92.0,Perfumaria Feminina,FRQ017,,,,,,,
VND02036,2025-03-18 13:57:18,Ecomm multi,mooz pix,PR,Cascavel,Malbec Desodorante Colônia 100ml,1,209.9,84.0,Perfumaria Masculina,,CLI0332,Feminino,1969-04-28,Chegou super rápido.,Entregue no Prazo,,Sim
VND02037,2024-09-27 19:38:09,VD,outros meios de pagamento,MG,Poços de Caldas,Make B. Base Líquida Mate Salicylic 30g,1,109.9,38.0,Maquiagem e Skincare,REV0037,,,,,,,
VND02038,2025-06-30 12:55:38,Ecomm mono,mooz cartões,BA,Porto Seguro,Malbec Desodorante Colônia 100ml,4,209.9,84.0,Perfumaria Masculina,,CLI0154,Não-binário,2002-09-18,Melhor creme da vida.,Entregue no Prazo,,Não
VND02039,2025-03-13 13:16:13,Ecomm mono,mooz pix,RJ,Teresópolis,Lily Lumière Eau de Parfum 75ml,3,329.9,145.0,Perfumaria Feminina,,CLI0191,Não-binário,1985-12-07,,Entregue no Prazo,,Sim
VND02039,2025-03-13 13:16:13,Ecomm mono,mooz pix,RJ,Teresópolis,Shampoo Match Escudo De Hidratação 300ml,3,47.9,14.0,Cabelos,,CLI0191,Não-binário,1985-12-07,,Entregue no Prazo,,Sim
VND02040,2026-05-31 13:21:27,Ecomm multi,mooz cartões,MG,Ipatinga,Cuide-se Bem Loção Corporal Deleite 200ml,4,78.9,24.0,Cuidados e Corpo,,CLI0044,Feminino,1969-06-25,,Entregue no Prazo,,Não
VND02040,2026-05-31 13:21:27,Ecomm multi,mooz cartões,MG,Ipatinga,Lily Creme Acetinado Hidratante Corporal 250g,1,149.9,45.0,Perfumaria Feminina,,CLI0044,Feminino,1969-06-25,,Entregue no Prazo,,Não
VND02041,2025-05-18 13:23:38,Ecomm mono,mooz cartões,MA,São Luís,Malbec Desodorante Colônia 100ml,1,209.9,84.0,Perfumaria Masculina,,CLI0128,Feminino,1984-10-07,,Entregue no Prazo,,Não
VND02041,2025-05-18 13:23:38,Ecomm mono,mooz cartões,MA,São Luís,Make B. Base Líquida Mate Salicylic 30g,1,109.9,38.0,Maquiagem e Skincare,,CLI0128,Feminino,1984-10-07,,Entregue no Prazo,,Não
VND02042,2026-06-26 12:27:17,VD,mooz pix,TO,Palmas,Malbec Desodorante Colônia 100ml,3,209.9,84.0,Perfumaria Masculina,REV0059,,,,,,,
VND02042,2026-06-26 12:27:17,VD,mooz pix,TO,Palmas,Lily Lumière Eau de Parfum 75ml,2,329.9,145.0,Perfumaria Feminina,REV0059,,,,,,,
VND02043,2024-08-21 13:53:49,Ecomm mono,mooz pix,MG,Ouro Preto,Lily Creme Acetinado Hidratante Corporal 250g,3,149.9,45.0,Perfumaria Feminina,,CLI0222,Feminino,1973-12-16,,Entregue no Prazo,,Não
VND02044,2025-05-05 19:03:39,VD,mooz cartões,SP,Campinas,Malbec Desodorante Colônia 100ml,2,209.9,84.0,Perfumaria Masculina,REV0058,,,,,,,
VND02044,2025-05-05 19:03:39,VD,mooz cartões,SP,Campinas,Cuide-se Bem Loção Corporal Deleite 200ml,3,78.9,24.0,Cuidados e Corpo,REV0058,,,,,,,
VND02045,2026-04-28 12:16:17,VD,outros meios de pagamento,SP,Santo André,Lily Creme Acetinado Hidratante Corporal 250g,2,149.9,45.0,Perfumaria Feminina,REV0085,,,,,,,
VND02045,2026-04-28 12:16:17,VD,outros meios de pagamento,SP,Santo André,Floratta Red Desodorante Colônia 75ml,1,229.9,92.0,Perfumaria Feminina,REV0085,,,,,,,
VND02046,2026-06-27 20:00:54,Ecomm mono,mooz cartões,SP,Mauá,Make B. Base Líquida Mate Salicylic 30g,1,109.9,38.0,Maquiagem e Skincare,,CLI0318,Masculino,2004-05-01,,Entregue no Prazo,MAES15,Sim
VND02047,2025-11-05 13:24:12,lojas,mooz cartões,PE,Olinda,Make B. Base Líquida Mate Salicylic 30g,4,109.9,38.0,Maquiagem e Skincare,FRQ030,,,,,,,
VND02048,2025-11-30 20:59:10,VD,mooz cartões,SP,Santos,Shampoo Match Escudo De Hidratação 300ml,1,47.9,14.0,Cabelos,REV0081,,,,,,,
VND02048,2025-11-30 20:59:10,VD,mooz cartões,SP,Santos,Cuide-se Bem Loção Corporal Deleite 200ml,1,78.9,24.0,Cuidados e Corpo,REV0081,,,,,,,
VND02049,2024-05-11 19:42:34,lojas,outros meios de pagamento,SP,São Paulo,Malbec Desodorante Colônia 100ml,2,209.9,84.0,Perfumaria Masculina,FRQ023,,,,,,,
VND02050,2026-06-14 12:44:02,lojas,mooz cartões,MG,Montes Claros,Lily Lumière Eau de Parfum 75ml,4,329.9,145.0,Perfumaria Feminina,FRQ010,,,,,,,
VND02050,2026-06-14 12:44:02,lojas,mooz cartões,MG,Montes Claros,Lily Creme Acetinado Hidratante Corporal 250g,4,149.9,45.0,Perfumaria Feminina,FRQ010,,,,,,,
VND02051,2026-06-25 19:51:33,lojas,mooz pix,RJ,Nova Friburgo,Floratta Red Desodorante Colônia 75ml,2,229.9,92.0,Perfumaria Feminina,FRQ011,,,,,,,
VND02051,2026-06-25 19:51:33,lojas,mooz pix,RJ,Nova Friburgo,Shampoo Match Escudo De Hidratação 300ml,1,47.9,14.0,Cabelos,FRQ011,,,,,,,
VND02052,2025-05-12 12:43:12,lojas,mooz pix,RJ,Duque de Caxias,Malbec Desodorante Colônia 100ml,1,209.9,84.0,Perfumaria Masculina,FRQ028,,,,,,,
VND02053,2025-12-03 19:33:50,VD,mooz pix,SC,Blumenau,Make B. Base Líquida Mate Salicylic 30g,1,109.9,38.0,Maquiagem e Skincare,REV0076,,,,,,,
VND02054,2026-05-15 13:47:32,Ecomm multi,mooz pix,AM,Manaus,Floratta Red Desodorante Colônia 75ml,1,229.9,92.0,Perfumaria Feminina,,CLI0346,Feminino,1986-11-04,,Entregue no Prazo,,Sim
VND02055,2026-05-15 12:01:32,lojas,outros meios de pagamento,GO,Rio Verde,Lily Lumière Eau de Parfum 75ml,1,329.9,145.0,Perfumaria Feminina,FRQ010,,,,,,,
VND02056,2024-12-06 20:59:54,Ecomm multi,mooz pix,PE,Caruaru,Malbec Desodorante Colônia 100ml,2,209.9,84.0,Perfumaria Masculina,,CLI0181,Feminino,1990-01-24,Amei o cheiro!,Entregue no Prazo,,Sim
VND02057,2024-12-03 08:49:53,Ecomm multi,mooz pix,SP,São Carlos,Lily Creme Acetinado Hidratante Corporal 250g,4,149.9,45.0,Perfumaria Feminina,,CLI0253,Masculino,2004-07-09,,Entregue no Prazo,BOTAO20,Sim
VND02058,2025-05-09 19:39:02,VD,mooz pix,SP,São Paulo,Malbec Desodorante Colônia 100ml,3,209.9,84.0,Perfumaria Masculina,REV0043,,,,,,,
VND02059,2024-11-13 12:47:26,Ecomm multi,mooz pix,RJ,Nova Friburgo,Botik Sérum Alta Potência Ácido Hialurônico 30ml,4,169.9,59.0,Maquiagem e Skincare,,CLI0055,Feminino,1975-04-03,Amei o cheiro!,Entregue com Atraso,,Não
VND02060,2024-12-03 19:14:21,VD,mooz cartões,SP,Bauru,Make B. Base Líquida Mate Salicylic 30g,1,109.9,38.0,Maquiagem e Skincare,REV0058,,,,,,,
VND02061,2025-05-17 19:30:25,Ecomm mono,mooz cartões,SP,Bauru,Cuide-se Bem Loção Corporal Deleite 200ml,1,78.9,24.0,Cuidados e Corpo,,CLI0033,Feminino,1968-09-16,,Entregue com Atraso,,Não
VND02062,2024-12-10 20:50:18,Ecomm mono,mooz pix,RS,Canoas,Malbec Desodorante Colônia 100ml,2,209.9,84.0,Perfumaria Masculina,,CLI0173,Não-binário,2006-03-27,,Entregue no Prazo,,Não
VND02063,2025-11-04 20:55:48,Ecomm multi,mooz pix,SP,Santo André,Cuide-se Bem Loção Corporal Deleite 200ml,1,78.9,24.0,Cuidados e Corpo,,CLI0028,Feminino,1996-12-11,Melhor creme da vida.,Entregue no Prazo,,Não
VND02063,2025-11-04 20:55:48,Ecomm multi,mooz pix,SP,Santo André,Lily Creme Acetinado Hidratante Corporal 250g,1,149.9,45.0,Perfumaria Feminina,,CLI0028,Feminino,1996-12-11,Melhor creme da vida.,Entregue no Prazo,,Não
VND02064,2025-11-27 20:20:49,lojas,mooz cartões,PE,Petrolina,Floratta Red Desodorante Colônia 75ml,4,229.9,92.0,Perfumaria Feminina,FRQ019,,,,,,,
VND02065,2026-06-10 12:43:26,VD,outros meios de pagamento,SP,Mogi das Cruzes,Lily Creme Acetinado Hidratante Corporal 250g,1,149.9,45.0,Perfumaria Feminina,REV0067,,,,,,,
VND02065,2026-06-10 12:43:26,VD,outros meios de pagamento,SP,Mogi das Cruzes,Malbec Desodorante Colônia 100ml,3,209.9,84.0,Perfumaria Masculina,REV0067,,,,,,,
VND02066,2025-07-19 13:05:05,VD,mooz pix,SP,Franca,Lily Creme Acetinado Hidratante Corporal 250g,4,149.9,45.0,Perfumaria Feminina,REV0027,,,,,,,
VND02067,2026-01-21 15:13:36,Ecomm multi,mooz cartões,SP,São José dos Campos,Floratta Red Desodorante Colônia 75ml,4,229.9,92.0,Perfumaria Feminina,,CLI0301,Não-binário,1966-11-23,Amei o cheiro!,Entregue no Prazo,BOTAO20,Não
VND02068,2025-09-21 12:19:18,Ecomm multi,mooz cartões,MS,Dourados,Malbec Gold Desodorante Colônia 100ml,2,195.9,78.0,Perfumaria Masculina,,CLI0396,Não-binário,1964-03-24,,Entregue no Prazo,MAES15,Sim
VND02069,2025-12-17 20:18:11,Ecomm multi,mooz pix,SP,Osasco,Malbec Desodorante Colônia 100ml,2,209.9,84.0,Perfumaria Masculina,,CLI0247,Masculino,2000-10-22,,Entregue no Prazo,QUERO10,Sim
VND02070,2026-02-22 20:31:38,Ecomm multi,mooz pix,RJ,Nova Iguaçu,Malbec Desodorante Colônia 100ml,4,209.9,84.0,Perfumaria Masculina,,CLI0227,Masculino,1962-01-18,,Entregue no Prazo,,Não
VND02071,2026-05-25 20:39:36,lojas,mooz pix,SC,Chapecó,Lily Creme Acetinado Hidratante Corporal 250g,3,149.9,45.0,Perfumaria Feminina,FRQ017,,,,,,,
VND02072,2025-09-16 19:50:36,Ecomm mono,mooz cartões,RJ,Niterói,Lily Creme Acetinado Hidratante Corporal 250g,3,149.9,45.0,Perfumaria Feminina,,CLI0168,Feminino,1982-05-25,,Entregue no Prazo,,Não
VND02072,2025-09-16 19:50:36,Ecomm mono,mooz cartões,RJ,Niterói,Shampoo Match Escudo De Hidratação 300ml,4,47.9,14.0,Cabelos,,CLI0168,Feminino,1982-05-25,,Entregue no Prazo,,Não
VND02073,2026-05-17 20:36:51,Ecomm multi,mooz pix,RJ,Cabo Frio,Lily Creme Acetinado Hidratante Corporal 250g,2,149.9,45.0,Perfumaria Feminina,,CLI0199,Não-binário,2005-03-14,,Entregue com Atraso,QUERO10,Sim
VND02073,2026-05-17 20:36:51,Ecomm multi,mooz pix,RJ,Cabo Frio,Shampoo Match Escudo De Hidratação 300ml,2,47.9,14.0,Cabelos,,CLI0199,Não-binário,2005-03-14,,Entregue com Atraso,QUERO10,Sim
VND02074,2025-05-17 12:57:03,lojas,mooz pix,MG,Ouro Preto,Shampoo Match Escudo De Hidratação 300ml,3,47.9,14.0,Cabelos,FRQ008,,,,,,,
VND02075,2024-03-06 13:26:31,Ecomm mono,mooz pix,PR,Paranaguá,Malbec Desodorante Colônia 100ml,3,209.9,84.0,Perfumaria Masculina,,CLI0257,Feminino,2003-05-19,Amei o cheiro!,Entregue no Prazo,MAES15,Sim
VND02076,2025-05-29 20:43:00,VD,mooz pix,SP,Sorocaba,Malbec Desodorante Colônia 100ml,4,209.9,84.0,Perfumaria Masculina,REV0009,,,,,,,
VND02076,2025-05-29 20:43:00,VD,mooz pix,SP,Sorocaba,Make B. Base Líquida Mate Salicylic 30g,4,109.9,38.0,Maquiagem e Skincare,REV0009,,,,,,,
VND02077,2024-09-27 13:26:58,lojas,mooz cartões,RN,Natal,Botik Sérum Alta Potência Ácido Hialurônico 30ml,3,169.9,59.0,Maquiagem e Skincare,FRQ002,,,,,,,
VND02078,2024-12-29 13:16:51,Ecomm mono,mooz cartões,SP,Sao Paolo,Lily Creme Acetinado Hidratante Corporal 250g,2,149.9,45.0,Perfumaria Feminina,,CLI0045,Feminino,1994-09-01,,Entregue no Prazo,,Não
VND02079,2024-11-29 12:36:05,Ecomm mono,mooz cartões,RS,Passo Fundo,Make B. Base Líquida Mate Salicylic 30g,1,109.9,38.0,Maquiagem e Skincare,,CLI0175,Feminino,1985-10-19,Melhor creme da vida.,Entregue no Prazo,,Sim
VND02079,2024-11-29 12:36:05,Ecomm mono,mooz cartões,RS,Passo Fundo,Malbec Desodorante Colônia 100ml,2,209.9,84.0,Perfumaria Masculina,,CLI0175,Feminino,1985-10-19,Melhor creme da vida.,Entregue no Prazo,,Sim
VND02080,2025-12-27 12:55:59,Ecomm multi,mooz pix,SP,Mauá,Floratta Red Desodorante Colônia 75ml,3,229.9,92.0,Perfumaria Feminina,,CLI0364,Feminino,1990-08-25,,Entregue com Atraso,,Não
VND02080,2025-12-27 12:55:59,Ecomm multi,mooz pix,SP,Mauá,Shampoo Match Escudo De Hidratação 300ml,1,,14.0,Cabelos,,CLI0364,Feminino,1990-08-25,,Entregue com Atraso,,Não
VND02081,2024-02-14 13:09:08,VD,outros meios de pagamento,SP,Osasco,Malbec Desodorante Colônia 100ml,3,209.9,84.0,Perfumaria Masculina,REV0045,,,,,,,
VND02082,2024-12-07 19:30:01,lojas,mooz pix,MG,Poços de Caldas,Floratta Red Desodorante Colônia 75ml,1,229.9,92.0,Perfumaria Feminina,FRQ020,,,,,,,
VND02083,2024-08-08 13:32:52,lojas,mooz cartões,AM,Parintins,Malbec Desodorante Colônia 100ml,4,209.9,84.0,Perfumaria Masculina,FRQ028,,,,,,,
VND02084,2024-05-06 22:27:04,VD,outros meios de pagamento,SP,Bauru,Lily Creme Acetinado Hidratante Corporal 250g,4,149.9,45.0,Perfumaria Feminina,REV0020,,,,,,,
VND02085,2024-06-07 13:15:05,lojas,mooz pix,RJ,Duque de Caxias,Lily Lumière Eau de Parfum 75ml,4,329.9,145.0,Perfumaria Feminina,FRQ008,,,,,,,
VND02086,2024-06-28 13:25:05,Ecomm multi,mooz pix,RJ,Campos dos Goytacazes,Cuide-se Bem Loção Corporal Deleite 200ml,2,78.9,24.0,Cuidados e Corpo,,CLI0262,Masculino,2002-02-28,,Entregue no Prazo,MAES15,Não
VND02087,2025-11-21 20:40:57,Ecomm multi,mooz cartões,SP,Santos,Lily Lumière Eau de Parfum 75ml,4,329.9,145.0,Perfumaria Feminina,,CLI0233,Não-binário,1964-10-21,Amei o cheiro!,Entregue no Prazo,,Não
VND02087,2025-11-21 20:40:57,Ecomm multi,mooz cartões,SP,Santos,Malbec Gold Desodorante Colônia 100ml,3,195.9,78.0,Perfumaria Masculina,,CLI0233,Não-binário,1964-10-21,Amei o cheiro!,Entregue no Prazo,,Não
VND02088,2024-07-01 19:33:05,Ecomm multi,mooz pix,SP,Franca,Lily Creme Acetinado Hidratante Corporal 250g,2,149.9,45.0,Perfumaria Feminina,,CLI0353,Feminino,2001-11-20,Melhor creme da vida.,Entregue no Prazo,QUERO10,Sim
VND02089,2024-08-24 12:55:23,Ecomm mono,mooz pix,RS,Santa Maria,Botik Sérum Alta Potência Ácido Hialurônico 30ml,1,169.9,59.0,Maquiagem e Skincare,,CLI0299,Feminino,1975-11-22,Melhor creme da vida.,Entregue no Prazo,MAES15,Sim
VND02090,2025-08-18 20:09:55,VD,outros meios de pagamento,SP,Santo André,Make B. Base Líquida Mate Salicylic 30g,2,109.9,38.0,Maquiagem e Skincare,REV0030,,,,,,,
VND02091,2024-12-04 08:36:01,lojas,outros meios de pagamento,RJ,Rio de Janeiro,Lily Lumière Eau de Parfum 75ml,3,329.9,145.0,Perfumaria Feminina,FRQ028,,,,,,,
VND02091,2024-12-04 08:36:01,lojas,outros meios de pagamento,RJ,Rio de Janeiro,Botik Sérum Alta Potência Ácido Hialurônico 30ml,1,169.9,59.0,Maquiagem e Skincare,FRQ028,,,,,,,
VND02092,2024-04-10 19:14:12,Ecomm mono,mooz pix,GO,Rio Verde,Malbec Desodorante Colônia 100ml,2000,209.9,84.0,Perfumaria Masculina,,CLI0371,Feminino,1965-06-20,Amei o cheiro!,Entregue no Prazo,,Sim
VND02093,2026-06-10 13:36:52,Ecomm mono,mooz cartões,ES,Vila Velha,Botik Sérum Alta Potência Ácido Hialurônico 30ml,2,169.9,59.0,Maquiagem e Skincare,,CLI0395,Feminino,1969-10-22,Chegou super rápido.,Entregue no Prazo,,Não
VND02094,2025-04-18 13:47:17,Ecomm multi,mooz cartões,SP,Campinas,Floratta Red Desodorante Colônia 75ml,2,229.9,92.0,Perfumaria Feminina,,CLI0095,Não-binário,1994-12-10,,Entregue no Prazo,,Não
VND02095,2026-05-17 12:24:33,VD,mooz pix,MG,Uberaba,Cuide-se Bem Loção Corporal Deleite 200ml,3,78.9,24.0,Cuidados e Corpo,REV0078,,,,,,,
VND02096,2025-12-03 20:23:57,VD,mooz pix,MG,Poços de Caldas,Malbec Gold Desodorante Colônia 100ml,1,195.9,78.0,Perfumaria Masculina,REV0099,,,,,,,
VND02096,2025-12-03 20:23:57,VD,mooz pix,MG,Poços de Caldas,Botik Sérum Alta Potência Ácido Hialurônico 30ml,4,169.9,59.0,Maquiagem e Skincare,REV0099,,,,,,,
VND02097,2025-05-26 20:38:45,Ecomm mono,mooz pix,RJ,Rio de Janeiro,Cuide-se Bem Loção Corporal Deleite 200ml,2,78.9,24.0,Cuidados e Corpo,,CLI0361,Feminino,1997-06-01,Melhor creme da vida.,Entregue no Prazo,,Não
VND02097,2025-05-26 20:38:45,Ecomm mono,mooz pix,RJ,Rio de Janeiro,Malbec Desodorante Colônia 100ml,1,209.9,84.0,Perfumaria Masculina,,CLI0361,Feminino,1997-06-01,Melhor creme da vida.,Entregue no Prazo,,Não
VND02098,2025-02-05 12:00:30,Ecomm mono,mooz pix,MG,Juiz de Fora,Floratta Red Desodorante Colônia 75ml,2,229.9,92.0,Perfumaria Feminina,,CLI0335,Feminino,1989-06-22,Melhor creme da vida.,Entregue no Prazo,BOTAO20,Sim
VND02099,2024-05-04 12:32:55,VD,outros meios de pagamento,PR,Londrina,Malbec Desodorante Colônia 100ml,2,209.9,84.0,Perfumaria Masculina,REV0004,,,,,,,
VND02099,2024-05-04 12:32:55,VD,outros meios de pagamento,PR,Londrina,Malbec Gold Desodorante Colônia 100ml,500,195.9,78.0,Perfumaria Masculina,REV0004,,,,,,,
VND02100,2026-05-14 15:52:35,VD,outros meios de pagamento,CE,Juazeiro No Norte,Malbec Desodorante Colônia 100ml,2,209.9,84.0,Perfumaria Masculina,REV0007,,,,,,,
VND02101,2025-06-24 20:59:54,Ecomm multi,mooz pix,PR,Paranaguá,Lily Creme Acetinado Hidratante Corporal 250g,4,149.9,45.0,Perfumaria Feminina,,CLI0254,Não-binário,1988-02-20,Amei o cheiro!,Entregue no Prazo,,Não
VND02102,2025-04-05 20:20:38,Ecomm mono,mooz pix,SP,Piracicaba,Botik Sérum Alta Potência Ácido Hialurônico 30ml,3,169.9,59.0,Maquiagem e Skincare,,CLI0289,Não-binário,1984-11-26,Melhor creme da vida.,Entregue no Prazo,,Não
VND02103,2026-05-14 19:13:23,Ecomm multi,mooz cartões,SP,Franca,Cuide-se Bem Loção Corporal Deleite 200ml,3,78.9,24.0,Cuidados e Corpo,,CLI0374,Masculino,1989-09-20,,Entregue no Prazo,,Sim
VND02103,2026-05-14 19:13:23,Ecomm multi,mooz cartões,SP,Franca,Floratta Red Desodorante Colônia 75ml,1,229.9,92.0,Perfumaria Feminina,,CLI0374,Masculino,1989-09-20,,Entregue no Prazo,,Sim
VND02104,2024-05-03 13:46:07,Ecomm multi,mooz pix,AM,Parintins,Malbec Gold Desodorante Colônia 100ml,3,195.9,78.0,Perfumaria Masculina,,CLI0261,Não-binário,1982-07-11,,Entregue com Atraso,BOTAO20,Sim
VND02104,2024-05-03 13:46:07,Ecomm multi,mooz pix,AM,Parintins,Make B. Base Líquida Mate Salicylic 30g,2,109.9,38.0,Maquiagem e Skincare,,CLI0261,Não-binário,1982-07-11,,Entregue com Atraso,BOTAO20,Sim
VND02105,2024-06-30 13:49:02,VD,outros meios de pagamento,SP,Ribeirão Preto,Lily Creme Acetinado Hidratante Corporal 250g,3,149.9,45.0,Perfumaria Feminina,REV0008,,,,,,,
VND02105,2024-06-30 13:49:02,VD,outros meios de pagamento,SP,Ribeirão Preto,Cuide-se Bem Loção Corporal Deleite 200ml,2,78.9,24.0,Cuidados e Corpo,REV0008,,,,,,,
VND02106,2025-05-17 12:05:36,Ecomm multi,mooz cartões,DF,Brasília,Malbec Desodorante Colônia 100ml,4,209.9,84.0,Perfumaria Masculina,,CLI0348,Feminino,2004-06-07,Suporte não responde.,Entregue com Atraso,,Não
VND02107,2025-01-17 20:21:53,Ecomm mono,mooz cartões,RJ,Volta Redonda,Cuide-se Bem Loção Corporal Deleite 200ml,4,78.9,24.0,Cuidados e Corpo,,CLI0354,Feminino,1963-06-08,Amei o cheiro!,Entregue no Prazo,,Não
VND02108,2025-05-31 22:11:35,lojas,mooz pix,SP,Mogi das Cruzes,Lily Creme Acetinado Hidratante Corporal 250g,3,149.9,45.0,Perfumaria Feminina,FRQ028,,,,,,,
VND02108,2025-05-31 22:11:35,lojas,mooz pix,SP,Mogi das Cruzes,Malbec Gold Desodorante Colônia 100ml,2,195.9,78.0,Perfumaria Masculina,FRQ028,,,,,,,
VND02109,2024-05-20 13:05:28,Ecomm multi,mooz pix,SP,Sorocaba,Lily Creme Acetinado Hidratante Corporal 250g,1,149.9,45.0,Perfumaria Feminina,,CLI0005,Feminino,1965-04-08,,Entregue com Atraso,,Não
VND02110,2024-07-27 12:08:42,Ecomm mono,mooz cartões,BA,Vitória da Conquista,Malbec Gold Desodorante Colônia 100ml,3,195.9,78.0,Perfumaria Masculina,,CLI0329,Masculino,1993-09-09,Chegou super rápido.,Entregue no Prazo,BOTAO20,Não
VND02111,2025-04-15 13:39:17,VD,outros meios de pagamento,PR,Foz do Iguaçu,Malbec Desodorante Colônia 100ml,3,209.9,84.0,Perfumaria Masculina,REV0049,,,,,,,
VND02111,2025-04-15 13:39:17,VD,outros meios de pagamento,PR,Foz do Iguaçu,Shampoo Match Escudo De Hidratação 300ml,4,47.9,14.0,Cabelos,REV0049,,,,,,,
VND02112,2025-09-18 12:12:36,VD,mooz pix,SP,Santo André,Malbec Desodorante Colônia 100ml,3,209.9,84.0,Perfumaria Masculina,REV0049,,,,,,,
VND02113,2024-10-05 12:59:37,Ecomm mono,mooz pix,SP,Bauru,Malbec Desodorante Colônia 100ml,4,209.9,84.0,Perfumaria Masculina,,CLI0055,Feminino,1975-04-03,,Entregue no Prazo,MAES15,Não
VND02114,2026-05-11 12:07:58,VD,mooz cartões,SP,Franca,Make B. Base Líquida Mate Salicylic 30g,4,109.9,38.0,Maquiagem e Skincare,REV0068,,,,,,,
VND02115,2024-11-24 19:19:50,VD,mooz cartões,RJ,Niterói,Make B. Base Líquida Mate Salicylic 30g,2,109.9,38.0,Maquiagem e Skincare,REV0042,,,,,,,
VND02115,2024-11-24 19:19:50,VD,mooz cartões,RJ,Niterói,Malbec Gold Desodorante Colônia 100ml,1,195.9,78.0,Perfumaria Masculina,REV0042,,,,,,,
VND02116,2025-01-28 13:53:21,Ecomm mono,mooz pix,SP,Mauá,Malbec Gold Desodorante Colônia 100ml,3,195.9,78.0,Perfumaria Masculina,,CLI0084,Feminino,1985-02-19,,Entregue no Prazo,,Não
VND02117,2024-06-22 20:15:36,Ecomm mono,mooz cartões,SP,São José dos Campos,Malbec Desodorante Colônia 100ml,1,209.9,84.0,Perfumaria Masculina,,CLI0043,Masculino,2000-09-20,Chegou super rápido.,Entregue no Prazo,MAES15,Sim
VND02118,2024-12-14 12:16:30,VD,outros meios de pagamento,RJ,Teresópolis,Make B. Base Líquida Mate Salicylic 30g,2,109.9,38.0,Maquiagem e Skincare,REV0007,,,,,,,
VND02119,2024-03-19 13:36:49,Ecomm mono,mooz cartões,PR,Guarapuava,Malbec Desodorante Colônia 100ml,1,209.9,84.0,Perfumaria Masculina,,CLI0098,Feminino,1995-03-09,Chegou super rápido.,Entregue no Prazo,BOTAO20,Sim
VND02120,2024-06-18 12:06:31,Ecomm mono,mooz pix,SP,Campinas,Malbec Gold Desodorante Colônia 100ml,1,195.9,78.0,Perfumaria Masculina,,CLI0197,Masculino,1960-07-27,Melhor creme da vida.,Entregue no Prazo,,Sim
VND02121,2024-12-09 20:12:13,lojas,mooz pix,SP,Mauá,Lily Lumière Eau de Parfum 75ml,2,329.9,145.0,Perfumaria Feminina,FRQ012,,,,,,,
VND02121,2024-12-09 20:12:13,lojas,mooz pix,SP,Mauá,Malbec Gold Desodorante Colônia 100ml,1,195.9,78.0,Perfumaria Masculina,FRQ012,,,,,,,
VND02122,2026-06-19 19:07:28,VD,outros meios de pagamento,MG,Montes Claros,Lily Creme Acetinado Hidratante Corporal 250g,1,149.9,45.0,Perfumaria Feminina,REV0094,,,,,,,
VND02123,2024-11-07 13:10:05,VD,outros meios de pagamento,SC,Florianópolis,Make B. Base Líquida Mate Salicylic 30g,3,109.9,38.0,Maquiagem e Skincare,REV0084,,,,,,,
VND02124,2024-10-24 12:00:48,VD,mooz cartões,SP,Franca,Make B. Base Líquida Mate Salicylic 30g,4,109.9,38.0,Maquiagem e Skincare,REV0066,,,,,,,
VND02125,2025-08-18 13:07:18,lojas,mooz pix,MG,Montes Claros,Malbec Gold Desodorante Colônia 100ml,2,195.9,78.0,Perfumaria Masculina,FRQ005,,,,,,,
VND02126,2024-02-01 12:19:56,VD,mooz cartões,ES,Vitória,Lily Lumière Eau de Parfum 75ml,3,329.9,145.0,Perfumaria Feminina,REV0080,,,,,,,
VND02126,2024-02-01 12:19:56,VD,mooz cartões,ES,Vitória,Malbec Desodorante Colônia 100ml,4,209.9,84.0,Perfumaria Masculina,REV0080,,,,,,,
VND02127,2025-10-01 19:04:44,lojas,mooz pix,BA,Feira de Santana,Lily Lumière Eau de Parfum 75ml,4,329.9,145.0,Perfumaria Feminina,FRQ026,,,,,,,
VND02127,2025-10-01 19:04:44,lojas,mooz pix,BA,Feira de Santana,Malbec Desodorante Colônia 100ml,1,209.9,84.0,Perfumaria Masculina,FRQ026,,,,,,,
VND02128,2025-12-11 19:07:58,Ecomm mono,mooz cartões,RS,Passo Fundo,Floratta Red Desodorante Colônia 75ml,2,229.9,92.0,Perfumaria Feminina,,CLI0077,Não-binário,1978-07-23,,Entregue no Prazo,QUERO10,Não
VND02128,2025-12-11 19:07:58,Ecomm mono,mooz cartões,RS,Passo Fundo,Malbec Desodorante Colônia 100ml,2,209.9,84.0,Perfumaria Masculina,,CLI0077,Não-binário,1978-07-23,,Entregue no Prazo,QUERO10,Não
VND02129,2024-08-29 20:34:16,VD,outros meios de pagamento,RS,Caxias do Sul,Malbec Desodorante Colônia 100ml,3,209.9,84.0,Perfumaria Masculina,REV0019,,,,,,,
VND02129,2024-08-29 20:34:16,VD,outros meios de pagamento,RS,Caxias do Sul,Lily Creme Acetinado Hidratante Corporal 250g,4,149.9,45.0,Perfumaria Feminina,REV0019,,,,,,,
VND02130,2025-10-06 13:49:10,VD,mooz cartões,PR,Ponta Grossa,Malbec Desodorante Colônia 100ml,4,209.9,84.0,Perfumaria Masculina,REV0032,,,,,,,
VND02131,2025-11-07 19:34:31,Ecomm multi,mooz pix,MT,Várzea Grande,Make B. Base Líquida Mate Salicylic 30g,4,109.9,38.0,Maquiagem e Skincare,,CLI0155,Masculino,1988-10-27,,Entregue no Prazo,,Não
VND02132,2026-05-24 22:44:43,Ecomm multi,mooz cartões,SP,Osasco,Lily Creme Acetinado Hidratante Corporal 250g,4,149.9,45.0,Perfumaria Feminina,,CLI0237,Feminino,1993-07-15,Amei o cheiro!,Entregue no Prazo,,Não
VND02133,2025-08-30 08:54:27,lojas,outros meios de pagamento,SP,Santo André,Botik Sérum Alta Potência Ácido Hialurônico 30ml,1,169.9,59.0,Maquiagem e Skincare,FRQ011,,,,,,,
VND02133,2025-08-30 08:54:27,lojas,outros meios de pagamento,SP,Santo André,Floratta Red Desodorante Colônia 75ml,2,229.9,92.0,Perfumaria Feminina,FRQ011,,,,,,,
VND02134,2025-10-25 20:42:40,lojas,mooz pix,SP,Santo André,Malbec Desodorante Colônia 100ml,4,209.9,84.0,Perfumaria Masculina,FRQ021,,,,,,,
VND02135,2024-10-07 20:56:14,Ecomm mono,mooz pix,SP,Bauru,Malbec Desodorante Colônia 100ml,1,209.9,84.0,Perfumaria Masculina,,CLI0334,Não-binário,1960-05-18,Amei o cheiro!,Entregue no Prazo,,Não
VND02136,2025-11-21 20:12:20,lojas,mooz pix,RJ,Nova Friburgo,Floratta Red Desodorante Colônia 75ml,1,229.9,92.0,Perfumaria Feminina,FRQ015,,,,,,,
VND02136,2025-11-21 20:12:20,lojas,mooz pix,RJ,Nova Friburgo,Malbec Gold Desodorante Colônia 100ml,1,195.9,78.0,Perfumaria Masculina,FRQ015,,,,,,,
VND02137,2025-01-18 12:35:35,Ecomm mono,mooz pix,SP,Jundiaí,Lily Lumière Eau de Parfum 75ml,4,329.9,145.0,Perfumaria Feminina,,CLI0296,Masculino,2003-09-13,,Entregue no Prazo,,Não
VND02138,2025-02-28 20:04:15,VD,mooz pix,MG,Poços de Caldas,Lily Creme Acetinado Hidratante Corporal 250g,3,149.9,45.0,Perfumaria Feminina,REV0046,,,,,,,
VND02139,2026-02-05 13:57:23,Ecomm mono,mooz pix,SP,Campinas,Botik Sérum Alta Potência Ácido Hialurônico 30ml,3,169.9,59.0,Maquiagem e Skincare,,CLI0101,Masculino,1992-08-09,,Entregue no Prazo,,Não
VND02139,2026-02-05 13:57:23,Ecomm mono,mooz pix,SP,Campinas,Make B. Base Líquida Mate Salicylic 30g,3,109.9,38.0,Maquiagem e Skincare,,CLI0101,Masculino,1992-08-09,,Entregue no Prazo,,Não
VND02140,2024-04-11 13:26:31,Ecomm mono,mooz pix,ES,Vitória,Lily Creme Acetinado Hidratante Corporal 250g,3,149.9,45.0,Perfumaria Feminina,,CLI0345,Não-binário,1997-12-24,,Entregue no Prazo,,Não
VND02141,2024-12-09 12:16:04,Ecomm multi,mooz cartões,SP,São José dos Campos,Botik Sérum Alta Potência Ácido Hialurônico 30ml,4,169.9,59.0,Maquiagem e Skincare,,CLI0073,Feminino,1965-04-06,O produto veio quebrado.,Entregue com Atraso,,Não
VND02141,2024-12-09 12:16:04,Ecomm multi,mooz cartões,SP,São José dos Campos,Floratta Red Desodorante Colônia 75ml,2,229.9,92.0,Perfumaria Feminina,,CLI0073,Feminino,1965-04-06,O produto veio quebrado.,Entregue com Atraso,,Não
VND02142,2025-07-12 12:33:05,Ecomm multi,mooz cartões,SP,São Carlos,Cuide-se Bem Loção Corporal Deleite 200ml,3,78.9,24.0,Cuidados e Corpo,,CLI0270,Não-binário,1963-04-09,,Entregue no Prazo,,Não
VND02143,2024-05-02 19:10:28,Ecomm mono,mooz pix,PR,Foz do Iguaçu,Shampoo Match Escudo De Hidratação 300ml,1,47.9,14.0,Cabelos,,CLI0388,Feminino,1969-11-16,Amei o cheiro!,Entregue no Prazo,,Sim
VND02144,2026-06-28 20:53:01,VD,mooz cartões,SP,Franca,Cuide-se Bem Loção Corporal Deleite 200ml,1,78.9,24.0,Cuidados e Corpo,REV0069,,,,,,,
VND02145,2025-11-24 12:02:08,VD,outros meios de pagamento,SP,Santos,Malbec Desodorante Colônia 100ml,1,209.9,84.0,Perfumaria Masculina,REV0039,,,,,,,
VND02146,2025-04-03 12:33:16,Ecomm multi,mooz cartões,SP,Mauá,Lily Lumière Eau de Parfum 75ml,1,329.9,145.0,Perfumaria Feminina,,CLI0325,Feminino,1979-08-02,,Entregue no Prazo,,Não
VND02146,2025-04-03 12:33:16,Ecomm multi,mooz cartões,SP,Mauá,Lily Creme Acetinado Hidratante Corporal 250g,4,149.9,45.0,Perfumaria Feminina,,CLI0325,Feminino,1979-08-02,,Entregue no Prazo,,Não
VND02147,2026-05-24 13:42:08,VD,mooz pix,SP,Ribeirão Preto,Floratta Red Desodorante Colônia 75ml,3,229.9,92.0,Perfumaria Feminina,REV0083,,,,,,,
VND02148,2024-07-28 13:08:06,VD,mooz pix,SP,Sorocaba,Cuide-se Bem Loção Corporal Deleite 200ml,3,78.9,24.0,Cuidados e Corpo,REV0009,,,,,,,
VND02149,2024-01-02 20:40:18,VD,mooz cartões,CE,Fortaleza,Lily Creme Acetinado Hidratante Corporal 250g,4,149.9,45.0,Perfumaria Feminina,REV0031,,,,,,,
VND02150,2024-05-16 12:30:48,lojas,outros meios de pagamento,RS,Santa Maria,Malbec Desodorante Colônia 100ml,3,209.9,84.0,Perfumaria Masculina,FRQ005,,,,,,,
VND02150,2024-05-16 12:30:48,lojas,outros meios de pagamento,RS,Santa Maria,Lily Creme Acetinado Hidratante Corporal 250g,4,149.9,45.0,Perfumaria Feminina,FRQ005,,,,,,,
VND02151,2025-12-28 12:48:38,Ecomm multi,mooz pix,BA,Porto Seguro,Make B. Base Líquida Mate Salicylic 30g,2,109.9,38.0,Maquiagem e Skincare,,CLI0217,Masculino,1987-12-18,,Entregue no Prazo,MAES15,Sim
VND02152,2024-06-13 08:32:30,lojas,mooz cartões,RJ,Duque de Caxias,Cuide-se Bem Loção Corporal Deleite 200ml,3,78.9,24.0,Cuidados e Corpo,FRQ012,,,,,,,
VND02153,2025-05-28 19:32:51,VD,outros meios de pagamento,BA,Porto Seguro,Lily Creme Acetinado Hidratante Corporal 250g,1,149.9,45.0,Perfumaria Feminina,REV0093,,,,,,,
VND02154,2025-11-24 20:40:40,VD,mooz pix,RJ,Angra dos Reis,Make B. Base Líquida Mate Salicylic 30g,2,109.9,38.0,Maquiagem e Skincare,REV0041,,,,,,,
VND02154,2025-11-24 20:40:40,VD,mooz pix,RJ,Angra dos Reis,Lily Creme Acetinado Hidratante Corporal 250g,3,149.9,45.0,Perfumaria Feminina,REV0041,,,,,,,
VND02155,2025-09-07 19:15:37,lojas,mooz pix,SC,Florianópolis,Shampoo Match Escudo De Hidratação 300ml,1,47.9,14.0,Cabelos,FRQ022,,,,,,,
VND02155,2025-09-07 19:15:37,lojas,mooz pix,SC,Florianópolis,Lily Lumière Eau de Parfum 75ml,3,329.9,145.0,Perfumaria Feminina,FRQ022,,,,,,,
VND02156,2025-04-12 12:03:47,Ecomm multi,mooz cartões,MG,Montes Claros,Cuide-se Bem Loção Corporal Deleite 200ml,3,78.9,24.0,Cuidados e Corpo,,CLI0101,Masculino,1992-08-09,,Entregue no Prazo,QUERO10,Não
VND02156,2025-04-12 12:03:47,Ecomm multi,mooz cartões,MG,Montes Claros,Shampoo Match Escudo De Hidratação 300ml,3,47.9,14.0,Cabelos,,CLI0101,Masculino,1992-08-09,,Entregue no Prazo,QUERO10,Não
VND02157,2025-11-20 12:18:59,VD,mooz pix,MG,Divinópolis,Floratta Red Desodorante Colônia 75ml,4,229.9,92.0,Perfumaria Feminina,REV0091,,,,,,,
VND02157,2025-11-20 12:18:59,VD,mooz pix,MG,Divinópolis,Shampoo Match Escudo De Hidratação 300ml,2,47.9,14.0,Cabelos,REV0091,,,,,,,
VND02158,2026-01-17 12:51:06,VD,outros meios de pagamento,PE,Recife,Lily Lumière Eau de Parfum 75ml,1,329.9,145.0,Perfumaria Feminina,REV0059,,,,,,,
VND02159,2025-09-25 12:48:04,VD,mooz cartões,SP,Osasco,Malbec Desodorante Colônia 100ml,3,209.9,84.0,Perfumaria Masculina,REV0052,,,,,,,
VND02160,2024-10-13 19:56:01,Ecomm mono,mooz pix,SP,Mauá,Shampoo Match Escudo De Hidratação 300ml,2,47.9,14.0,Cabelos,,CLI0248,Feminino,1987-02-18,,Entregue no Prazo,MAES15,Sim
VND02161,2025-05-24 12:16:36,Ecomm multi,mooz pix,SP,Campinas,Lily Lumière Eau de Parfum 75ml,3,329.9,145.0,Perfumaria Feminina,,CLI0059,Feminino,1964-01-28,,Entregue no Prazo,,Não
VND02162,2025-11-06 20:50:48,VD,mooz pix,RJ,Nova Iguaçu,Cuide-se Bem Loção Corporal Deleite 200ml,4,78.9,24.0,Cuidados e Corpo,REV0018,,,,,,,
VND02163,2026-06-14 19:57:16,VD,mooz cartões,SP,Jundiaí,Malbec Gold Desodorante Colônia 100ml,2,195.9,78.0,Perfumaria Masculina,REV0100,,,,,,,
VND02164,2025-08-10 13:29:01,Ecomm mono,mooz cartões,RJ,Niterói,Lily Lumière Eau de Parfum 75ml,2,329.9,145.0,Perfumaria Feminina,,CLI0349,Não-binário,1988-04-28,Amei o cheiro!,Entregue no Prazo,,Não
VND02165,2025-12-06 13:23:06,VD,mooz cartões,SP,São José dos Campos,Malbec Desodorante Colônia 100ml,4,209.9,84.0,Perfumaria Masculina,REV0048,,,,,,,
VND02165,2025-12-06 13:23:06,VD,mooz cartões,SP,São José dos Campos,Lily Lumière Eau de Parfum 75ml,2,329.9,145.0,Perfumaria Feminina,REV0048,,,,,,,
VND02166,2025-04-16 13:46:53,lojas,mooz pix,MG,Uberaba,Malbec Desodorante Colônia 100ml,1,209.9,84.0,Perfumaria Masculina,FRQ026,,,,,,,
VND02166,2025-04-16 13:46:53,lojas,mooz pix,MG,Uberaba,Floratta Red Desodorante Colônia 75ml,3,229.9,92.0,Perfumaria Feminina,FRQ026,,,,,,,
VND02167,2024-05-21 08:56:41,lojas,mooz cartões,SP,Campinas,Lily Creme Acetinado Hidratante Corporal 250g,1,149.9,45.0,Perfumaria Feminina,FRQ003,,,,,,,
VND02168,2025-05-15 22:47:25,lojas,mooz cartões,SP,Bauru,Lily Lumière Eau de Parfum 75ml,2,329.9,145.0,Perfumaria Feminina,FRQ002,,,,,,,
VND02169,2025-11-22 12:10:41,Ecomm multi,mooz pix,PR,Foz do Iguaçu,Botik Sérum Alta Potência Ácido Hialurônico 30ml,4,169.9,59.0,Maquiagem e Skincare,,CLI0384,Masculino,2002-02-14,,Entregue com Atraso,MAES15,Sim
VND02170,2025-12-02 20:48:39,Ecomm mono,mooz pix,BA,Feira de Santana,Lily Lumière Eau de Parfum 75ml,3,329.9,145.0,Perfumaria Feminina,,CLI0212,Feminino,2004-08-21,,Entregue no Prazo,,Não
VND02171,2024-06-06 13:08:46,Ecomm mono,mooz cartões,CE,Sobral,Malbec Gold Desodorante Colônia 100ml,1,195.9,78.0,Perfumaria Masculina,,CLI0055,Feminino,1975-04-03,,Entregue no Prazo,,Não
VND02171,2024-06-06 13:08:46,Ecomm mono,mooz cartões,CE,Sobral,Shampoo Match Escudo De Hidratação 300ml,2,47.9,14.0,Cabelos,,CLI0055,Feminino,1975-04-03,,Entregue no Prazo,,Não
VND02172,2025-10-05 19:41:10,VD,mooz pix,MG,Belo Horizonte,Lily Creme Acetinado Hidratante Corporal 250g,4,149.9,45.0,Perfumaria Feminina,REV0064,,,,,,,
VND02173,2025-06-04 12:43:56,Ecomm multi,mooz cartões,SP,Sorocaba,Lily Creme Acetinado Hidratante Corporal 250g,4,149.9,45.0,Perfumaria Feminina,,CLI0133,Feminino,2006-05-17,,Entregue no Prazo,,Não
VND02174,2025-05-09 13:49:58,Ecomm mono,mooz pix,RJ,Duque de Caxias,Malbec Gold Desodorante Colônia 100ml,2,195.9,78.0,Perfumaria Masculina,,CLI0301,Não-binário,1966-11-23,,Entregue no Prazo,QUERO10,Não
VND02175,2026-04-01 19:29:37,lojas,outros meios de pagamento,SP,Sorocaba,Malbec Desodorante Colônia 100ml,4,209.9,84.0,Perfumaria Masculina,FRQ029,,,,,,,
VND02175,2026-04-01 19:29:37,lojas,outros meios de pagamento,SP,Sorocaba,Cuide-se Bem Loção Corporal Deleite 200ml,1,78.9,24.0,Cuidados e Corpo,FRQ029,,,,,,,
VND02176,2026-05-16 19:29:10,Ecomm mono,mooz pix,SC,Blumenau,Lily Lumière Eau de Parfum 75ml,3,329.9,145.0,Perfumaria Feminina,,CLI0375,Não-binário,1966-12-04,O produto veio quebrado.,Entregue no Prazo,BOTAO20,Sim
VND02177,2026-03-24 13:30:18,lojas,mooz cartões,SP,Jundiaí,Malbec Desodorante Colônia 100ml,3,209.9,84.0,Perfumaria Masculina,FRQ013,,,,,,,
VND02178,2026-04-25 12:43:44,Ecomm mono,mooz cartões,SP,Jundiaí,Botik Sérum Alta Potência Ácido Hialurônico 30ml,4,169.9,59.0,Maquiagem e Skincare,,CLI0325,Feminino,1979-08-02,,Entregue no Prazo,,Sim
VND02179,2025-01-01 13:59:15,Ecomm multi,mooz cartões,SP,Bauru,Lily Lumière Eau de Parfum 75ml,3,329.9,145.0,Perfumaria Feminina,,CLI0256,Masculino,1961-02-08,,Entregue no Prazo,,Sim
VND02179,2025-01-01 13:59:15,Ecomm multi,mooz cartões,SP,Bauru,Malbec Desodorante Colônia 100ml,3,209.9,84.0,Perfumaria Masculina,,CLI0256,Masculino,1961-02-08,,Entregue no Prazo,,Sim
VND02180,2024-12-28 08:46:32,VD,mooz cartões,PA,Ananindeua,Malbec Desodorante Colônia 100ml,4,209.9,84.0,Perfumaria Masculina,REV0093,,,,,,,
VND02181,2024-05-27 19:06:33,lojas,mooz cartões,SP,Franca,Floratta Red Desodorante Colônia 75ml,1,229.9,92.0,Perfumaria Feminina,FRQ005,,,,,,,
VND02181,2024-05-27 19:06:33,lojas,mooz cartões,SP,Franca,Lily Creme Acetinado Hidratante Corporal 250g,2,149.9,45.0,Perfumaria Feminina,FRQ005,,,,,,,
VND02182,2025-05-02 13:29:26,Ecomm mono,mooz cartões,SP,Bauru,Lily Creme Acetinado Hidratante Corporal 250g,2,149.9,45.0,Perfumaria Feminina,,CLI0342,Feminino,1962-01-10,A entrega atrasou muito.,Entregue no Prazo,,Não
VND02183,2024-12-24 12:08:45,lojas,outros meios de pagamento,RS,Santa Maria,Lily Lumière Eau de Parfum 75ml,3,329.9,145.0,Perfumaria Feminina,FRQ020,,,,,,,
VND02184,2024-12-12 08:10:50,lojas,mooz pix,SP,Bauru,Cuide-se Bem Loção Corporal Deleite 200ml,3,78.9,24.0,Cuidados e Corpo,FRQ030,,,,,,,
VND02185,2025-10-01 20:44:16,lojas,mooz cartões,SP,Franca,Floratta Red Desodorante Colônia 75ml,2,229.9,92.0,Perfumaria Feminina,FRQ021,,,,,,,
VND02186,2024-12-18 13:00:08,Ecomm multi,mooz cartões,DF,Brasília,Floratta Red Desodorante Colônia 75ml,4,229.9,92.0,Perfumaria Feminina,,CLI0085,Feminino,1997-10-02,,Entregue com Atraso,BOTAO20,Sim
VND02186,2024-12-18 13:00:08,Ecomm multi,mooz cartões,DF,Brasília,Malbec Gold Desodorante Colônia 100ml,3,195.9,78.0,Perfumaria Masculina,,CLI0085,Feminino,1997-10-02,,Entregue com Atraso,BOTAO20,Sim
VND02187,2025-05-23 22:57:22,Ecomm multi,mooz cartões,SP,Campinas,Make B. Base Líquida Mate Salicylic 30g,3,109.9,38.0,Maquiagem e Skincare,,CLI0014,Feminino,1984-02-18,,Entregue com Atraso,BOTAO20,Não
VND02188,2025-09-29 13:14:29,Ecomm multi,mooz cartões,BA,Salvador,Malbec Desodorante Colônia 100ml,3,209.9,84.0,Perfumaria Masculina,,CLI0067,Feminino,1963-07-24,,Entregue no Prazo,MAES15,Não
VND02189,2026-02-24 13:44:29,Ecomm mono,mooz cartões,MG,Divinópolis,Malbec Desodorante Colônia 100ml,2,209.9,84.0,Perfumaria Masculina,,CLI0077,Não-binário,1978-07-23,,Entregue no Prazo,BOTAO20,Sim
VND02190,2025-11-01 12:05:55,lojas,mooz cartões,SP,Santo André,Lily Creme Acetinado Hidratante Corporal 250g,2,149.9,45.0,Perfumaria Feminina,FRQ019,,,,,,,
VND02191,2025-08-06 12:02:08,lojas,mooz cartões,CE,Fortaleza,Cuide-se Bem Loção Corporal Deleite 200ml,4,78.9,24.0,Cuidados e Corpo,FRQ027,,,,,,,
VND02192,2024-01-31 12:12:00,VD,mooz pix,PR,Curitiba,Floratta Red Desodorante Colônia 75ml,4,229.9,92.0,Perfumaria Feminina,REV0078,,,,,,,
VND02193,2025-05-11 22:43:34,Ecomm mono,mooz cartões,SP,Mogi das Cruzes,Make B. Base Líquida Mate Salicylic 30g,4,109.9,38.0,Maquiagem e Skincare,,CLI0174,Não-binário,1968-10-18,Amei o cheiro!,Entregue no Prazo,MAES15,Sim
VND02194,2024-05-11 15:32:27,Ecomm mono,mooz cartões,RS,Canoas,Malbec Desodorante Colônia 100ml,3,209.9,84.0,Perfumaria Masculina,,CLI0064,Não-binário,1972-02-04,Suporte não responde.,Entregue no Prazo,,Não
VND02195,2024-05-29 19:56:24,Ecomm mono,mooz cartões,SP,São Carlos,Shampoo Match Escudo De Hidratação 300ml,1,47.9,14.0,Cabelos,,CLI0152,Feminino,1995-04-28,,Entregue no Prazo,BOTAO20,Sim
VND02196,2025-11-26 12:56:44,Ecomm multi,mooz pix,MG,Divinópolis,Malbec Desodorante Colônia 100ml,2,209.9,84.0,Perfumaria Masculina,,CLI0162,Feminino,1968-03-08,Melhor creme da vida.,Entregue no Prazo,BOTAO20,Não
VND02197,2025-05-31 22:15:41,Ecomm multi,mooz pix,AC,Rio Branco,Malbec Desodorante Colônia 100ml,3,209.9,84.0,Perfumaria Masculina,,CLI0233,Não-binário,1964-10-21,,Entregue no Prazo,,Não
VND02198,2025-11-17 13:09:59,Ecomm mono,mooz cartões,RJ,Angra dos Reis,Malbec Desodorante Colônia 100ml,3,209.9,84.0,Perfumaria Masculina,,CLI0280,Feminino,1964-05-25,O produto veio quebrado.,Entregue no Prazo,,Não
VND02198,2025-11-17 13:09:59,Ecomm mono,mooz cartões,RJ,Angra dos Reis,Botik Sérum Alta Potência Ácido Hialurônico 30ml,4,169.9,59.0,Maquiagem e Skincare,,CLI0280,Feminino,1964-05-25,O produto veio quebrado.,Entregue no Prazo,,Não
VND02199,2025-08-26 12:03:53,lojas,outros meios de pagamento,SC,Joinville,Malbec Desodorante Colônia 100ml,4,209.9,84.0,Perfumaria Masculina,FRQ016,,,,,,,
VND02200,2024-03-15 19:15:00,VD,outros meios de pagamento,MS,Dourados,Malbec Desodorante Colônia 100ml,3,209.9,84.0,Perfumaria Masculina,REV0059,,,,,,,
VND02200,2024-03-15 19:15:00,VD,outros meios de pagamento,MS,Dourados,Cuide-se Bem Loção Corporal Deleite 200ml,2,78.9,24.0,Cuidados e Corpo,REV0059,,,,,,,
VND02201,2024-11-08 20:49:24,Ecomm multi,mooz cartões,RS,Porto Alegre,Malbec Desodorante Colônia 100ml,1,209.9,84.0,Perfumaria Masculina,,CLI0298,Não-binário,1994-01-20,,Entregue no Prazo,,Não
VND02201,2024-11-08 20:49:24,Ecomm multi,mooz cartões,RS,Porto Alegre,Botik Sérum Alta Potência Ácido Hialurônico 30ml,2,169.9,59.0,Maquiagem e Skincare,,CLI0298,Não-binário,1994-01-20,,Entregue no Prazo,,Não
VND02202,2024-10-02 15:58:15,Ecomm multi,mooz pix,RJ,Teresópolis,Lily Creme Acetinado Hidratante Corporal 250g,3,149.9,45.0,Perfumaria Feminina,,CLI0097,Feminino,1968-05-04,,Entregue no Prazo,,Não
VND02202,2024-10-02 15:58:15,Ecomm multi,mooz pix,RJ,Teresópolis,Malbec Desodorante Colônia 100ml,4,209.9,84.0,Perfumaria Masculina,,CLI0097,Feminino,1968-05-04,,Entregue no Prazo,,Não
VND02203,2026-03-31 13:02:01,Ecomm multi,mooz pix,MG,Uberaba,Lily Creme Acetinado Hidratante Corporal 250g,3,149.9,45.0,Perfumaria Feminina,,CLI0051,Feminino,1976-09-28,,Entregue no Prazo,MAES15,Sim
VND02204,2025-11-07 20:19:57,Ecomm mono,mooz cartões,RS,Pelotas,Make B. Base Líquida Mate Salicylic 30g,1,109.9,38.0,Maquiagem e Skincare,,CLI0287,Não-binário,1974-07-02,,Entregue no Prazo,BOTAO20,Sim
VND02205,2026-05-03 12:27:07,lojas,mooz pix,MG,Divinópolis,Cuide-se Bem Loção Corporal Deleite 200ml,3,78.9,24.0,Cuidados e Corpo,FRQ024,,,,,,,
VND02206,2025-06-02 19:14:40,VD,mooz pix,SP,Campinas,Malbec Desodorante Colônia 100ml,4,209.9,84.0,Perfumaria Masculina,REV0093,,,,,,,
VND02206,2025-06-02 19:14:40,VD,mooz pix,SP,Campinas,Cuide-se Bem Loção Corporal Deleite 200ml,3,78.9,24.0,Cuidados e Corpo,REV0093,,,,,,,
VND02207,2024-06-25 19:10:08,lojas,outros meios de pagamento,MA,São Luís,Malbec Gold Desodorante Colônia 100ml,2,195.9,78.0,Perfumaria Masculina,FRQ019,,,,,,,
VND02207,2024-06-25 19:10:08,lojas,outros meios de pagamento,MA,São Luís,Lily Lumière Eau de Parfum 75ml,1,329.9,145.0,Perfumaria Feminina,FRQ019,,,,,,,
VND02208,2025-12-16 20:13:55,lojas,outros meios de pagamento,PR,Curitiba,Malbec Gold Desodorante Colônia 100ml,3,195.9,78.0,Perfumaria Masculina,FRQ010,,,,,,,
VND02208,2025-12-16 20:13:55,lojas,outros meios de pagamento,PR,Curitiba,Lily Lumière Eau de Parfum 75ml,4,329.9,145.0,Perfumaria Feminina,FRQ010,,,,,,,
VND02209,2025-05-09 20:53:52,Ecomm mono,mooz cartões,RJ,Nova Friburgo,Malbec Desodorante Colônia 100ml,2,209.9,84.0,Perfumaria Masculina,,CLI0238,Não-binário,1979-10-14,Chegou super rápido.,Entregue no Prazo,,Não
VND02209,2025-05-09 20:53:52,Ecomm mono,mooz cartões,RJ,Nova Friburgo,Make B. Base Líquida Mate Salicylic 30g,4,109.9,38.0,Maquiagem e Skincare,,CLI0238,Não-binário,1979-10-14,Chegou super rápido.,Entregue no Prazo,,Não
VND02210,2026-05-31 12:25:02,Ecomm mono,mooz cartões,PR,Curitiba,Lily Creme Acetinado Hidratante Corporal 250g,3,149.9,45.0,Perfumaria Feminina,,CLI0257,Feminino,2003-05-19,,Entregue no Prazo,,Não
VND02211,2025-05-21 20:37:35,Ecomm multi,mooz cartões,SP,São José dos Campos,Cuide-se Bem Loção Corporal Deleite 200ml,3,78.9,24.0,Cuidados e Corpo,,CLI0185,Feminino,1999-03-08,O produto veio quebrado.,Entregue no Prazo,,Não
VND02211,2025-05-21 20:37:35,Ecomm multi,mooz cartões,SP,São José dos Campos,Shampoo Match Escudo De Hidratação 300ml,2,47.9,14.0,Cabelos,,CLI0185,Feminino,1999-03-08,O produto veio quebrado.,Entregue no Prazo,,Não
VND02212,2025-11-26 12:33:27,Ecomm mono,mooz cartões,GO,Goiânia,Make B. Base Líquida Mate Salicylic 30g,1,109.9,38.0,Maquiagem e Skincare,,CLI0195,Feminino,1996-01-12,Amei o cheiro!,Entregue no Prazo,QUERO10,Sim
VND02213,2024-02-26 19:34:44,lojas,outros meios de pagamento,MG,Ouro Preto,Make B. Base Líquida Mate Salicylic 30g,1,109.9,38.0,Maquiagem e Skincare,FRQ008,,,,,,,
VND02214,2025-05-28 08:21:33,Ecomm multi,mooz pix,RJ,Campos dos Goytacazes,Malbec Gold Desodorante Colônia 100ml,4,195.9,78.0,Perfumaria Masculina,,CLI0069,Feminino,1994-08-05,Chegou super rápido.,Entregue no Prazo,QUERO10,Sim
VND02215,2024-12-20 13:33:13,Ecomm mono,mooz cartões,SP,São Carlos,Make B. Base Líquida Mate Salicylic 30g,3,109.9,38.0,Maquiagem e Skincare,,CLI0232,Não-binário,1967-02-13,Melhor creme da vida.,Entregue com Atraso,,Não
VND02216,2026-06-16 12:13:51,Ecomm mono,mooz pix,RS,Santa Maria,Lily Creme Acetinado Hidratante Corporal 250g,4,149.9,45.0,Perfumaria Feminina,,CLI0129,Masculino,1962-12-14,,Entregue no Prazo,,Sim
VND02217,2025-12-10 12:39:47,VD,outros meios de pagamento,SP,Mauá,Cuide-se Bem Loção Corporal Deleite 200ml,3,78.9,24.0,Cuidados e Corpo,REV0017,,,,,,,
VND02218,2024-10-17 08:33:55,Ecomm mono,mooz cartões,SP,São José dos Campos,Lily Creme Acetinado Hidratante Corporal 250g,1,149.9,45.0,Perfumaria Feminina,,CLI0303,Masculino,1961-01-11,Chegou super rápido.,Entregue no Prazo,,Não
VND02218,2024-10-17 08:33:55,Ecomm mono,mooz cartões,SP,São José dos Campos,Make B. Base Líquida Mate Salicylic 30g,2,109.9,38.0,Maquiagem e Skincare,,CLI0303,Masculino,1961-01-11,Chegou super rápido.,Entregue no Prazo,,Não
VND02219,2026-04-12 20:48:03,Ecomm mono,mooz cartões,MG,Belo Horisonte,Shampoo Match Escudo De Hidratação 300ml,1,47.9,14.0,Cabelos,,CLI0082,Feminino,1992-02-28,,Entregue no Prazo,MAES15,Sim
VND02219,2026-04-12 20:48:03,Ecomm mono,mooz cartões,MG,Belo Horisonte,Malbec Desodorante Colônia 100ml,4,209.9,84.0,Perfumaria Masculina,,CLI0082,Feminino,1992-02-28,,Entregue no Prazo,MAES15,Sim
VND02220,2025-12-06 13:02:06,Ecomm multi,mooz pix,MT,Várzea Grande,Lily Lumière Eau de Parfum 75ml,2,329.9,145.0,Perfumaria Feminina,,CLI0209,Masculino,1995-01-17,,Entregue com Atraso,,Não
VND02220,2025-12-06 13:02:06,Ecomm multi,mooz pix,MT,Várzea Grande,Malbec Gold Desodorante Colônia 100ml,3,195.9,78.0,Perfumaria Masculina,,CLI0209,Masculino,1995-01-17,,Entregue com Atraso,,Não
VND02221,2025-07-05 19:17:00,lojas,mooz cartões,PR,Paranaguá,Lily Creme Acetinado Hidratante Corporal 250g,3,149.9,45.0,Perfumaria Feminina,FRQ011,,,,,,,
VND02222,2024-03-03 20:18:33,Ecomm mono,mooz cartões,CE,Juazeiro No Norte,Lily Creme Acetinado Hidratante Corporal 250g,2,149.9,45.0,Perfumaria Feminina,,CLI0026,Feminino,1974-01-26,Chegou super rápido.,Entregue no Prazo,BOTAO20,Sim
VND02222,2024-03-03 20:18:33,Ecomm mono,mooz cartões,CE,Juazeiro No Norte,Cuide-se Bem Loção Corporal Deleite 200ml,4,78.9,24.0,Cuidados e Corpo,,CLI0026,Feminino,1974-01-26,Chegou super rápido.,Entregue no Prazo,BOTAO20,Sim
VND02223,2024-09-28 12:19:59,lojas,mooz cartões,PR,Curitiba,Make B. Base Líquida Mate Salicylic 30g,2000,109.9,38.0,Maquiagem e Skincare,FRQ030,,,,,,,
VND02223,2024-09-28 12:19:59,lojas,mooz cartões,PR,Curitiba,Lily Creme Acetinado Hidratante Corporal 250g,2,149.9,45.0,Perfumaria Feminina,FRQ030,,,,,,,
VND02224,2025-12-20 15:59:08,Ecomm multi,mooz pix,TO,Palmas,Malbec Desodorante Colônia 100ml,2,209.9,84.0,Perfumaria Masculina,,CLI0251,Masculino,1998-12-27,Chegou super rápido.,Entregue no Prazo,QUERO10,Sim
VND02225,2024-11-13 22:06:18,Ecomm multi,mooz cartões,PA,Belém,Malbec Desodorante Colônia 100ml,2,209.9,84.0,Perfumaria Masculina,,CLI0200,Feminino,2006-09-21,Amei o cheiro!,Entregue com Atraso,QUERO10,Sim
VND02225,2024-11-13 22:06:18,Ecomm multi,mooz cartões,PA,Belém,Botik Sérum Alta Potência Ácido Hialurônico 30ml,1,169.9,59.0,Maquiagem e Skincare,,CLI0200,Feminino,2006-09-21,Amei o cheiro!,Entregue com Atraso,QUERO10,Sim
VND02226,2025-10-19 12:56:16,lojas,outros meios de pagamento,MG,Ouro Preto,Shampoo Match Escudo De Hidratação 300ml,4,47.9,14.0,Cabelos,FRQ019,,,,,,,
VND02227,2024-12-04 12:57:18,Ecomm multi,mooz pix,PR,Foz do Iguaçu,Make B. Base Líquida Mate Salicylic 30g,2,109.9,38.0,Maquiagem e Skincare,,CLI0111,Feminino,2002-02-12,Melhor creme da vida.,Entregue no Prazo,,Não
VND02227,2024-12-04 12:57:18,Ecomm multi,mooz pix,PR,Foz do Iguaçu,Malbec Desodorante Colônia 100ml,1,209.9,84.0,Perfumaria Masculina,,CLI0111,Feminino,2002-02-12,Melhor creme da vida.,Entregue no Prazo,,Não
VND02228,2026-04-01 20:50:47,VD,mooz pix,PR,Maringá,Malbec Desodorante Colônia 100ml,4,209.9,84.0,Perfumaria Masculina,REV0023,,,,,,,
VND02229,2025-09-04 12:00:45,Ecomm mono,mooz pix,RJ,Nova Iguaçu,Shampoo Match Escudo De Hidratação 300ml,2,47.9,14.0,Cabelos,,CLI0202,Não-binário,1989-07-27,,Entregue no Prazo,,Não
VND02230,2024-09-15 20:44:48,VD,outros meios de pagamento,RJ,Rio de Janeiro,Floratta Red Desodorante Colônia 75ml,4,229.9,92.0,Perfumaria Feminina,REV0020,,,,,,,
VND02231,2025-05-27 19:10:29,VD,outros meios de pagamento,PE,Petrolina,Lily Creme Acetinado Hidratante Corporal 250g,1,149.9,45.0,Perfumaria Feminina,REV0070,,,,,,,
VND02232,2024-08-11 13:48:23,lojas,mooz cartões,SP,Sao Paolo,Lily Lumière Eau de Parfum 75ml,2,329.9,145.0,Perfumaria Feminina,FRQ029,,,,,,,
VND02233,2024-05-23 13:46:55,Ecomm multi,mooz pix,RJ,Angra dos Reis,Cuide-se Bem Loção Corporal Deleite 200ml,4,78.9,24.0,Cuidados e Corpo,,CLI0170,Feminino,1991-04-09,,Entregue no Prazo,,Sim
VND02233,2024-05-23 13:46:55,Ecomm multi,mooz pix,RJ,Angra dos Reis,Malbec Desodorante Colônia 100ml,3,209.9,84.0,Perfumaria Masculina,,CLI0170,Feminino,1991-04-09,,Entregue no Prazo,,Sim
VND02234,2025-10-15 12:11:45,Ecomm mono,mooz pix,RJ,Campos dos Goytacazes,Lily Lumière Eau de Parfum 75ml,1,329.9,145.0,Perfumaria Feminina,,CLI0333,Não-binário,1995-06-03,,Entregue no Prazo,,Não
VND02235,2025-04-21 13:13:20,VD,outros meios de pagamento,RJ,Campos dos Goytacazes,Lily Lumière Eau de Parfum 75ml,4,329.9,145.0,Perfumaria Feminina,REV0014,,,,,,,
VND02235,2025-04-21 13:13:20,VD,outros meios de pagamento,RJ,Campos dos Goytacazes,Malbec Desodorante Colônia 100ml,3,209.9,84.0,Perfumaria Masculina,REV0014,,,,,,,
VND02236,2025-08-02 12:37:26,Ecomm mono,mooz pix,MA,São Luís,Lily Creme Acetinado Hidratante Corporal 250g,4,149.9,45.0,Perfumaria Feminina,,CLI0022,Feminino,1998-11-06,,Entregue no Prazo,,Não
VND02237,2024-06-06 12:53:25,Ecomm mono,mooz pix,MG,Juiz de Fora,Lily Lumière Eau de Parfum 75ml,3,329.9,145.0,Perfumaria Feminina,,CLI0046,Masculino,1991-01-04,,Entregue no Prazo,QUERO10,Sim
VND02238,2026-01-07 20:41:08,lojas,mooz pix,SP,Mauá,Malbec Desodorante Colônia 100ml,3,209.9,84.0,Perfumaria Masculina,FRQ014,,,,,,,
VND02239,2024-02-28 20:54:30,VD,outros meios de pagamento,AM,Manaus,Malbec Desodorante Colônia 100ml,2,209.9,84.0,Perfumaria Masculina,REV0029,,,,,,,
VND02240,2024-06-01 19:42:12,lojas,mooz cartões,SP,Mogi das Cruzes,Malbec Desodorante Colônia 100ml,3,209.9,84.0,Perfumaria Masculina,FRQ021,,,,,,,
VND02241,2024-05-16 13:01:29,Ecomm multi,mooz pix,SP,Ribeirão Preto,Lily Lumière Eau de Parfum 75ml,4,329.9,145.0,Perfumaria Feminina,,CLI0309,Não-binário,1997-03-08,,Entregue no Prazo,,Não
VND02241,2024-05-16 13:01:29,Ecomm multi,mooz pix,SP,Ribeirão Preto,Malbec Desodorante Colônia 100ml,1,209.9,84.0,Perfumaria Masculina,,CLI0309,Não-binário,1997-03-08,,Entregue no Prazo,,Não
VND02242,2024-11-14 12:27:25,Ecomm multi,mooz pix,BA,Camaçari,Floratta Red Desodorante Colônia 75ml,4,229.9,92.0,Perfumaria Feminina,,CLI0114,Feminino,1971-12-11,,Entregue com Atraso,,Sim
VND02242,2024-11-14 12:27:25,Ecomm multi,mooz pix,BA,Camaçari,Malbec Gold Desodorante Colônia 100ml,3,195.9,78.0,Perfumaria Masculina,,CLI0114,Feminino,1971-12-11,,Entregue com Atraso,,Sim
VND02243,2024-12-09 19:21:50,Ecomm multi,mooz cartões,SP,Mogi das Cruzes,Malbec Desodorante Colônia 100ml,2,209.9,84.0,Perfumaria Masculina,,CLI0245,Masculino,2005-05-23,Chegou super rápido.,Entregue no Prazo,QUERO10,Sim
VND02244,2025-12-29 12:03:46,Ecomm mono,mooz pix,RJ,Petrópolis,Malbec Desodorante Colônia 100ml,1,209.9,84.0,Perfumaria Masculina,,CLI0099,Masculino,1998-04-23,Melhor creme da vida.,Entregue com Atraso,MAES15,Sim
VND02245,2024-11-01 12:47:24,VD,outros meios de pagamento,MG,Belo Horizonte,Floratta Red Desodorante Colônia 75ml,4,229.9,92.0,Perfumaria Feminina,REV0066,,,,,,,
VND02246,2025-01-03 22:27:39,Ecomm mono,mooz pix,ES,Vitória,Lily Lumière Eau de Parfum 75ml,2,329.9,145.0,Perfumaria Feminina,,CLI0118,Não-binário,1974-04-27,Melhor creme da vida.,Entregue no Prazo,BOTAO20,Sim
VND02246,2025-01-03 22:27:39,Ecomm mono,mooz pix,ES,Vitória,Make B. Base Líquida Mate Salicylic 30g,1,109.9,38.0,Maquiagem e Skincare,,CLI0118,Não-binário,1974-04-27,Melhor creme da vida.,Entregue no Prazo,BOTAO20,Sim
VND02247,2025-08-22 20:08:41,lojas,mooz pix,SP,São José dos Campos,Malbec Desodorante Colônia 100ml,1,209.9,84.0,Perfumaria Masculina,FRQ020,,,,,,,
VND02248,2024-01-29 13:13:06,Ecomm mono,mooz cartões,MG,BH,Lily Lumière Eau de Parfum 75ml,4,329.9,145.0,Perfumaria Feminina,,CLI0124,Feminino,1967-05-06,Melhor creme da vida.,Entregue no Prazo,QUERO10,Não
VND02249,2025-12-03 12:04:18,VD,outros meios de pagamento,RS,Canoas,Shampoo Match Escudo De Hidratação 300ml,1,47.9,14.0,Cabelos,REV0023,,,,,,,
VND02250,2024-05-05 13:58:27,Ecomm multi,mooz cartões,PR,Curitiba,Make B. Base Líquida Mate Salicylic 30g,4,109.9,38.0,Maquiagem e Skincare,,CLI0058,Feminino,2005-11-02,,Entregue no Prazo,MAES15,Sim
VND02251,2025-12-15 20:00:44,VD,outros meios de pagamento,MG,Uberlândia,Floratta Red Desodorante Colônia 75ml,1,229.9,92.0,Perfumaria Feminina,REV0084,,,,,,,
VND02251,2025-12-15 20:00:44,VD,outros meios de pagamento,MG,Uberlândia,Make B. Base Líquida Mate Salicylic 30g,3,109.9,38.0,Maquiagem e Skincare,REV0084,,,,,,,
VND02252,2026-06-23 19:48:11,Ecomm mono,mooz pix,SP,Santo André,Lily Creme Acetinado Hidratante Corporal 250g,4,149.9,45.0,Perfumaria Feminina,,CLI0123,Não-binário,2003-09-11,,Entregue no Prazo,,Não
VND02252,2026-06-23 19:48:11,Ecomm mono,mooz pix,SP,Santo André,Shampoo Match Escudo De Hidratação 300ml,3,47.9,14.0,Cabelos,,CLI0123,Não-binário,2003-09-11,,Entregue no Prazo,,Não
VND02253,2025-05-19 20:39:07,VD,mooz pix,RJ,Teresópolis,Malbec Desodorante Colônia 100ml,4,209.9,84.0,Perfumaria Masculina,REV0008,,,,,,,
VND02253,2025-05-19 20:39:07,VD,mooz pix,RJ,Teresópolis,Malbec Gold Desodorante Colônia 100ml,2,195.9,78.0,Perfumaria Masculina,REV0008,,,,,,,
VND02254,2026-05-14 13:02:39,lojas,outros meios de pagamento,SP,Piracicaba,Cuide-se Bem Loção Corporal Deleite 200ml,500,78.9,24.0,Cuidados e Corpo,FRQ024,,,,,,,
VND02254,2026-05-14 13:02:39,lojas,outros meios de pagamento,SP,Piracicaba,Malbec Desodorante Colônia 100ml,1,209.9,84.0,Perfumaria Masculina,FRQ024,,,,,,,
VND02255,2024-07-28 19:24:42,VD,mooz cartões,RJ,Campos dos Goytacazes,Botik Sérum Alta Potência Ácido Hialurônico 30ml,3,169.9,59.0,Maquiagem e Skincare,REV0077,,,,,,,
VND02255,2024-07-28 19:24:42,VD,mooz cartões,RJ,Campos dos Goytacazes,Lily Creme Acetinado Hidratante Corporal 250g,2,149.9,45.0,Perfumaria Feminina,REV0077,,,,,,,
VND02256,2025-12-29 12:10:23,lojas,outros meios de pagamento,SP,Franca,Lily Lumière Eau de Parfum 75ml,1,329.9,145.0,Perfumaria Feminina,FRQ002,,,,,,,
VND02257,2026-06-30 19:43:01,VD,outros meios de pagamento,RJ,Niterói,Lily Creme Acetinado Hidratante Corporal 250g,1,149.9,45.0,Perfumaria Feminina,REV0052,,,,,,,
